INET Master File                                                                                                                                                                                                                                                                                            
     7   900   228   243
      0      1
   10 1.500  6600     0     0     0     0     0     0   54.0   54.0   54.0   54.0   54.0   54.0   54.0   0.00   0.00   0.00   0.00   0.00   0.0   0.0   0.0     0.000     0.000     0.000     0.000 21944.131     0.000      0.0      0.0      0.0      0.0      0.0      0.0
   11 0.250  8800     0     0     0     0     0     0    9.0    9.0    9.0    9.0    9.0    9.0    9.0   0.00   0.00   0.00   0.00   0.00   0.0   0.0   0.0     0.000     0.000     0.000     0.000 94315.258     0.000      0.0      0.0      0.0      0.0      0.0      0.0
   12 0.500  6600     0     0     0     0     0     0   18.0   18.0   18.0   18.0   18.0   18.0   18.0   0.00   0.00   0.00   0.00   0.00   0.0   0.0   0.0     0.000     0.000     0.000     0.000 38522.980     0.000      0.0      0.0      0.0      0.0      0.0      0.0
   13 0.250  8800     0     0     0     0     0     0    9.0    9.0    9.0    9.0    9.0    9.0    9.0   0.00   0.00   0.00   0.00   0.00   0.0   0.0   0.0     0.000     0.000     0.000     0.000192026.188     0.000      0.0      0.0      0.0      0.0      0.0      0.0
   14 1.500  6600     0     0     0     0     0     0   54.0   54.0   54.0   54.0   54.0   54.0   54.0   0.00   0.00   0.00   0.00   0.00   0.0   0.0   0.0     0.000     0.000     0.000     0.000     0.000     0.000      0.0      0.0      0.0      0.0      0.0      0.0
   15 1.500  6600     0     0     0     0     0     0   54.0   54.0   54.0   54.0   54.0   54.0   54.0   0.00   0.00   0.00   0.00   0.00   0.0   0.0   0.0     0.000     0.000     0.000     0.000 98206.867     0.000      0.0      0.0      0.0      0.0      0.0      0.0
   16 0.250  8800     0     0     0     0     0     0    9.0    9.0    9.0    9.0    9.0    9.0    9.0   0.00   0.00   0.00   0.00   0.00   0.0   0.0   0.0     0.000     0.000     0.000     0.000887045.125     0.000      0.0      0.0      0.0      0.0      0.0      0.0
   17 0.250  8800     0     0     0     0     0     0    9.0    9.0    9.0    9.0    9.0    9.0    9.0   0.00   0.00   0.00   0.00   0.00   0.0   0.0   0.0     0.000     0.000     0.000     0.000     0.000     0.000      0.0      0.0      0.0      0.0      0.0      0.0
   18 0.500  6600     0     0     0     0     0     0   18.0   18.0   18.0   18.0   18.0   18.0   18.0   0.00   0.00   0.00   0.00   0.00   0.0   0.0   0.0     0.000     0.000     0.000     0.000 72928.977     0.000      0.0      0.0      0.0      0.0      0.0      0.0
   19 0.500  6600     0     0     0     0     0     0   18.0   18.0   18.0   18.0   18.0   18.0   18.0   0.00   0.00   0.00   0.00   0.00   0.0   0.0   0.0     0.000     0.000     0.000     0.000173314.672     0.000      0.0      0.0      0.0      0.0      0.0      0.0
   20 0.250  8800     0     0     0     0     0     0    9.0    9.0    9.0    9.0    9.0    9.0    9.0   0.00   0.00   0.00   0.00   0.00   0.0   0.0   0.0     0.000     0.000     0.000     0.000     0.000     0.000      0.0      0.0      0.0      0.0      0.0      0.0
   21 0.250  8800     0     0     0     0     0     0    9.0    9.0    9.0    9.0    9.0    9.0    9.0   0.00   0.00   0.00   0.00   0.00   0.0   0.0   0.0     0.000     0.000     0.000     0.000201644.312     0.000      0.0      0.0      0.0      0.0      0.0      0.0
   22 1.500  6600     0     0     0     0     0     0   54.0   54.0   54.0   54.0   54.0   54.0   54.0   0.00   0.00   0.00   0.00   0.00   0.0   0.0   0.0     0.000     0.000     0.000     0.000     0.000     0.000      0.0      0.0      0.0      0.0      0.0      0.0
   23 1.500  6600     0     0     0     0     0     0   54.0   54.0   54.0   54.0   54.0   54.0   54.0   0.00   0.00   0.00   0.00   0.00   0.0   0.0   0.0     0.000     0.000     0.000     0.000135588.859     0.000      0.0      0.0      0.0      0.0      0.0      0.0
   24 0.250  8800     0     0     0     0     0     0    9.0    9.0    9.0    9.0    9.0    9.0    9.0   0.00   0.00   0.00   0.00   0.00   0.0   0.0   0.0     0.000     0.000     0.000     0.000     0.000     0.000      0.0      0.0      0.0      0.0      0.0      0.0
   25 0.250  8800     0     0     0     0     0     0    9.0    9.0    9.0    9.0    9.0    9.0    9.0   0.00   0.00   0.00   0.00   0.00   0.0   0.0   0.0     0.000     0.000     0.000     0.000739198.688     0.000      0.0      0.0      0.0      0.0      0.0      0.0
   26 0.500  6600     0     0     0     0     0     0   18.0   18.0   18.0   18.0   18.0   18.0   18.0   0.00   0.00   0.00   0.00   0.00   0.0   0.0   0.0     0.000     0.000     0.000     0.000161824.656     0.000      0.0      0.0      0.0      0.0      0.0      0.0
   27 0.500  6600     0     0     0     0     0     0   18.0   18.0   18.0   18.0   18.0   18.0   18.0   0.00   0.00   0.00   0.00   0.00   0.0   0.0   0.0     0.000     0.000     0.000     0.000     0.000     0.000      0.0      0.0      0.0      0.0      0.0      0.0
   28 0.250  8800     0     0     0     0     0     0    9.0    9.0    9.0    9.0    9.0    9.0    9.0   0.00   0.00   0.00   0.00   0.00   0.0   0.0   0.0     0.000     0.000     0.000     0.000250797.438     0.000      0.0      0.0      0.0      0.0      0.0      0.0
   29 0.250  8800     0     0     0     0     0     0    9.0    9.0    9.0    9.0    9.0    9.0    9.0   0.00   0.00   0.00   0.00   0.00   0.0   0.0   0.0     0.000     0.000     0.000     0.000 17061.057     0.000      0.0      0.0      0.0      0.0      0.0      0.0
   30 1.500  6600     0     0     0     0     0     0   54.0   54.0   54.0   54.0   54.0   54.0   54.0   0.00   0.00   0.00   0.00   0.00   0.0   0.0   0.0     0.000     0.000     0.000     0.000 12381.468     0.000      0.0      0.0      0.0      0.0      0.0      0.0
   31 1.500  6600     0     0     0     0     0     0   54.0   54.0   54.0   54.0   54.0   54.0   54.0   0.00   0.00   0.00   0.00   0.00   0.0   0.0   0.0     0.000     0.000     0.000     0.000 19525.064     0.000      0.0      0.0      0.0      0.0      0.0      0.0
   32 0.250  8800     0     0     0     0     0     0    9.0    9.0    9.0    9.0    9.0    9.0    9.0   0.00   0.00   0.00   0.00   0.00   0.0   0.0   0.0     0.000     0.000     0.000     0.000 22676.361     0.000      0.0      0.0      0.0      0.0      0.0      0.0
   33 0.500  6600     0     0     0     0     0     0   18.0   18.0   18.0   18.0   18.0   18.0   18.0   0.00   0.00   0.00   0.00   0.00   0.0   0.0   0.0     0.000     0.000     0.000     0.000 73154.391     0.000      0.0      0.0      0.0      0.0      0.0      0.0
   34 0.250  8800     0     0     0     0     0     0    9.0    9.0    9.0    9.0    9.0    9.0    9.0   0.00   0.00   0.00   0.00   0.00   0.0   0.0   0.0     0.000     0.000     0.000     0.000 31705.965     0.000      0.0      0.0      0.0      0.0      0.0      0.0
   35 1.500  6600     0     0     0     0     0     0   54.0   54.0   54.0   54.0   54.0   54.0   54.0   0.00   0.00   0.00   0.00   0.00   0.0   0.0   0.0     0.000     0.000     0.000     0.000 16980.199     0.000      0.0      0.0      0.0      0.0      0.0      0.0
   50 0.200  2000     0     0     0     0     0     0    8.5    8.5    8.5    8.5    8.5    8.5    8.5   0.00   0.00   0.00   0.00   0.00   0.0   0.0   0.0     0.000     0.000     0.000     0.000 51489.988     0.000      0.0      0.0      0.0      0.0      0.0      0.0
   51 0.070  2000     0     0     0     0     0     0    3.0    3.0    3.0    3.0    3.0    3.0    3.0   0.00   0.00   0.00   0.00   0.00   0.0   0.0   0.0     0.000     0.000     0.000     0.000     0.000     0.000      0.0      0.0      0.0      0.0      0.0      0.0
   52 0.200  2000     0     0     0     0     0     0    8.5    8.5    8.5    8.5    8.5    8.5    8.5   0.00   0.00   0.00   0.00   0.00   0.0   0.0   0.0     0.000     0.000     0.000     0.000     0.000     0.000      0.0      0.0      0.0      0.0      0.0      0.0
   53 0.070  2000     0     0     0     0     0     0    3.0    3.0    3.0    3.0    3.0    3.0    3.0   0.00   0.00   0.00   0.00   0.00   0.0   0.0   0.0     0.000     0.000     0.000     0.000     0.000     0.000      0.0      0.0      0.0      0.0      0.0      0.0
   54 0.200  2000     0     0     0     0     0     0    8.5    8.5    8.5    8.5    8.5    8.5    8.5   0.00   0.00   0.00   0.00   0.00   0.0   0.0   0.0     0.000     0.000     0.000     0.000     0.000     0.000      0.0      0.0      0.0      0.0      0.0      0.0
   55 0.200  2000     0     0     0     0     0     0    8.5    8.5    8.5    8.5    8.5    8.5    8.5   0.00   0.00   0.00   0.00   0.00   0.0   0.0   0.0     0.000     0.000     0.000     0.000 28198.635     0.000      0.0      0.0      0.0      0.0      0.0      0.0
   56 0.070  2000     0     0     0     0     0     0    3.0    3.0    3.0    3.0    3.0    3.0    3.0   0.00   0.00   0.00   0.00   0.00   0.0   0.0   0.0     0.000     0.000     0.000     0.000 19033.797     0.000      0.0      0.0      0.0      0.0      0.0      0.0
   57 0.070  2000     0     0     0     0     0     0    3.0    3.0    3.0    3.0    3.0    3.0    3.0   0.00   0.00   0.00   0.00   0.00   0.0   0.0   0.0     0.000     0.000     0.000     0.000  6905.714     0.000      0.0      0.0      0.0      0.0      0.0      0.0
   58 0.200  2000     0     0     0     0     0     0    8.5    8.5    8.5    8.5    8.5    8.5    8.5   0.00   0.00   0.00   0.00   0.00   0.0   0.0   0.0     0.000     0.000     0.000     0.000 35878.184     0.000      0.0      0.0      0.0      0.0      0.0      0.0
   59 0.200  2000     0     0     0     0     0     0    8.5    8.5    8.5    8.5    8.5    8.5    8.5   0.00   0.00   0.00   0.00   0.00   0.0   0.0   0.0     0.000     0.000     0.000     0.000 23082.053     0.000      0.0      0.0      0.0      0.0      0.0      0.0
   60 0.070  2000     0     0     0     0     0     0    3.0    3.0    3.0    3.0    3.0    3.0    3.0   0.00   0.00   0.00   0.00   0.00   0.0   0.0   0.0     0.000     0.000     0.000     0.000 32455.824     0.000      0.0      0.0      0.0      0.0      0.0      0.0
   61 0.070  2000     0     0     0     0     0     0    3.0    3.0    3.0    3.0    3.0    3.0    3.0   0.00   0.00   0.00   0.00   0.00   0.0   0.0   0.0     0.000     0.000     0.000     0.000 19682.512     0.000      0.0      0.0      0.0      0.0      0.0      0.0
   62 0.200  2000     0     0     0     0     0     0    8.5    8.5    8.5    8.5    8.5    8.5    8.5   0.00   0.00   0.00   0.00   0.00   0.0   0.0   0.0     0.000     0.000     0.000     0.000 26223.758     0.000      0.0      0.0      0.0      0.0      0.0      0.0
   63 0.200  2000     0     0     0     0     0     0    8.5    8.5    8.5    8.5    8.5    8.5    8.5   0.00   0.00   0.00   0.00   0.00   0.0   0.0   0.0     0.000     0.000     0.000     0.000     0.000     0.000      0.0      0.0      0.0      0.0      0.0      0.0
   64 0.070  2000     0     0     0     0     0     0    3.0    3.0    3.0    3.0    3.0    3.0    3.0   0.00   0.00   0.00   0.00   0.00   0.0   0.0   0.0     0.000     0.000     0.000     0.000     0.000     0.000      0.0      0.0      0.0      0.0      0.0      0.0
   65 0.070  2000     0     0     0     0     0     0    3.0    3.0    3.0    3.0    3.0    3.0    3.0   0.00   0.00   0.00   0.00   0.00   0.0   0.0   0.0     0.000     0.000     0.000     0.000  8697.926     0.000      0.0      0.0      0.0      0.0      0.0      0.0
   66 0.200  2000     0     0     0     0     0     0    8.5    8.5    8.5    8.5    8.5    8.5    8.5   0.00   0.00   0.00   0.00   0.00   0.0   0.0   0.0     0.000     0.000     0.000     0.000     0.000     0.000      0.0      0.0      0.0      0.0      0.0      0.0
   67 0.200  2000     0     0     0     0     0     0    8.5    8.5    8.5    8.5    8.5    8.5    8.5   0.00   0.00   0.00   0.00   0.00   0.0   0.0   0.0     0.000     0.000     0.000     0.000 55798.461     0.000      0.0      0.0      0.0      0.0      0.0      0.0
   68 0.070  2000     0     0     0     0     0     0    3.0    3.0    3.0    3.0    3.0    3.0    3.0   0.00   0.00   0.00   0.00   0.00   0.0   0.0   0.0     0.000     0.000     0.000     0.000 90628.617     0.000      0.0      0.0      0.0      0.0      0.0      0.0
   69 0.070  2000     0     0     0     0     0     0    3.0    3.0    3.0    3.0    3.0    3.0    3.0   0.00   0.00   0.00   0.00   0.00   0.0   0.0   0.0     0.000     0.000     0.000     0.000 28780.975     0.000      0.0      0.0      0.0      0.0      0.0      0.0
   70 0.200  2000     0     0     0     0     0     0    8.5    8.5    8.5    8.5    8.5    8.5    8.5   0.00   0.00   0.00   0.00   0.00   0.0   0.0   0.0     0.000     0.000     0.000     0.000 44411.234     0.000      0.0      0.0      0.0      0.0      0.0      0.0
   71 0.070  2000     0     0     0     0     0     0    3.0    3.0    3.0    3.0    3.0    3.0    3.0   0.00   0.00   0.00   0.00   0.00   0.0   0.0   0.0     0.000     0.000     0.000     0.000  9119.190     0.000      0.0      0.0      0.0      0.0      0.0      0.0
   72 0.200  2000     0     0     0     0     0     0    8.5    8.5    8.5    8.5    8.5    8.5    8.5   0.00   0.00   0.00   0.00   0.00   0.0   0.0   0.0     0.000     0.000     0.000     0.000     0.000     0.000      0.0      0.0      0.0      0.0      0.0      0.0
   73 0.070  2000     0     0     0     0     0     0    3.0    3.0    3.0    3.0    3.0    3.0    3.0   0.00   0.00   0.00   0.00   0.00   0.0   0.0   0.0     0.000     0.000     0.000     0.000 22991.445     0.000      0.0      0.0      0.0      0.0      0.0      0.0
   74 1.500  4000     0     0     0     0     0     0   67.5   67.5   67.5   67.5   67.5   67.5   67.5   0.00   0.00   0.00   0.00   0.00   0.0   0.0   0.0     0.000     0.000     0.000     0.000  6132.960     0.000      0.0      0.0      0.0      0.0      0.0      0.0
   75 0.100  6000     0     0     0     0     0     0    4.5    4.5    4.5    4.5    4.5    4.5    4.5   0.00   0.00   0.00   0.00   0.00   0.0   0.0   0.0     0.000     0.000     0.000     0.000 10706.063     0.000      0.0      0.0      0.0      0.0      0.0      0.0
   76 0.100  4000     0     0     0     0     0     0    4.5    4.5    4.5    4.5    4.5    4.5    4.5   0.00   0.00   0.00   0.00   0.00   0.0   0.0   0.0     0.000     0.000     0.000     0.000  6180.047     0.000      0.0      0.0      0.0      0.0      0.0      0.0
   77 0.900  4000     0     0     0     0     0     0   40.5   40.5   40.5   40.5   40.5   40.5   40.5   0.00   0.00   0.00   0.00   0.00   0.0   0.0   0.0     0.000     0.000     0.000     0.000 22070.836     0.000      0.0      0.0      0.0      0.0      0.0      0.0
   78 0.900  4000     0     0     0     0     0     0   40.5   40.5   40.5   40.5   40.5   40.5   40.5   0.00   0.00   0.00   0.00   0.00   0.0   0.0   0.0     0.000     0.000     0.000     0.000 22814.227     0.000      0.0      0.0      0.0      0.0      0.0      0.0
   79 1.500  4000     0     0     0     0     0     0   67.5   67.5   67.5   67.5   67.5   67.5   67.5   0.00   0.00   0.00   0.00   0.00   0.0   0.0   0.0     0.000     0.000     0.000     0.000 23123.742     0.000      0.0      0.0      0.0      0.0      0.0      0.0
   80 0.100  6000     0     0     0     0     0     0    4.5    4.5    4.5    4.5    4.5    4.5    4.5   0.00   0.00   0.00   0.00   0.00   0.0   0.0   0.0     0.000     0.000     0.000     0.000 18125.209     0.000      0.0      0.0      0.0      0.0      0.0      0.0
   81 0.100  6000     0     0     0     0     0     0    4.5    4.5    4.5    4.5    4.5    4.5    4.5   0.00   0.00   0.00   0.00   0.00   0.0   0.0   0.0     0.000     0.000     0.000     0.000     0.000     0.000      0.0      0.0      0.0      0.0      0.0      0.0
   82 0.100  4000     0     0     0     0     0     0    4.5    4.5    4.5    4.5    4.5    4.5    4.5   0.00   0.00   0.00   0.00   0.00   0.0   0.0   0.0     0.000     0.000     0.000     0.000     0.000     0.000      0.0      0.0      0.0      0.0      0.0      0.0
   83 0.100  4000     0     0     0     0     0     0    4.5    4.5    4.5    4.5    4.5    4.5    4.5   0.00   0.00   0.00   0.00   0.00   0.0   0.0   0.0     0.000     0.000     0.000     0.000     0.000     0.000      0.0      0.0      0.0      0.0      0.0      0.0
   84 0.900  4000     0     0     0     0     0     0   40.5   40.5   40.5   40.5   40.5   40.5   40.5   0.00   0.00   0.00   0.00   0.00   0.0   0.0   0.0     0.000     0.000     0.000     0.000     0.000     0.000      0.0      0.0      0.0      0.0      0.0      0.0
   85 0.900  4000     0     0     0     0     0     0   40.5   40.5   40.5   40.5   40.5   40.5   40.5   0.00   0.00   0.00   0.00   0.00   0.0   0.0   0.0     0.000     0.000     0.000     0.000     0.000     0.000      0.0      0.0      0.0      0.0      0.0      0.0
   86 0.900  4000     0     0     0     0     0     0   40.5   40.5   40.5   40.5   40.5   40.5   40.5   0.00   0.00   0.00   0.00   0.00   0.0   0.0   0.0     0.000     0.000     0.000     0.000     0.000     0.000      0.0      0.0      0.0      0.0      0.0      0.0
   87 0.900  4000     0     0     0     0     0     0   40.5   40.5   40.5   40.5   40.5   40.5   40.5   0.00   0.00   0.00   0.00   0.00   0.0   0.0   0.0     0.000     0.000     0.000     0.000     0.000     0.000      0.0      0.0      0.0      0.0      0.0      0.0
   88 0.100  6000     0     0     0     0     0     0    4.5    4.5    4.5    4.5    4.5    4.5    4.5   0.00   0.00   0.00   0.00   0.00   0.0   0.0   0.0     0.000     0.000     0.000     0.000     0.000     0.000      0.0      0.0      0.0      0.0      0.0      0.0
   89 0.100  6000     0     0     0     0     0     0    4.5    4.5    4.5    4.5    4.5    4.5    4.5   0.00   0.00   0.00   0.00   0.00   0.0   0.0   0.0     0.000     0.000     0.000     0.000     0.000     0.000      0.0      0.0      0.0      0.0      0.0      0.0
   90 0.100  4000     0     0     0     0     0     0    4.5    4.5    4.5    4.5    4.5    4.5    4.5   0.00   0.00   0.00   0.00   0.00   0.0   0.0   0.0     0.000     0.000     0.000     0.000     0.000     0.000      0.0      0.0      0.0      0.0      0.0      0.0
   91 0.100  4000     0     0     0     0     0     0    4.5    4.5    4.5    4.5    4.5    4.5    4.5   0.00   0.00   0.00   0.00   0.00   0.0   0.0   0.0     0.000     0.000     0.000     0.000     0.000     0.000      0.0      0.0      0.0      0.0      0.0      0.0
   92 1.500  4000     0     0     0     0     0     0   67.5   67.5   67.5   67.5   67.5   67.5   67.5   0.00   0.00   0.00   0.00   0.00   0.0   0.0   0.0     0.000     0.000     0.000     0.000     0.000     0.000      0.0      0.0      0.0      0.0      0.0      0.0
   93 0.900  4000     0     0     0     0     0     0   40.5   40.5   40.5   40.5   40.5   40.5   40.5   0.00   0.00   0.00   0.00   0.00   0.0   0.0   0.0     0.000     0.000     0.000     0.000     0.000     0.000      0.0      0.0      0.0      0.0      0.0      0.0
   94 0.900  4000     0     0     0     0     0     0   40.5   40.5   40.5   40.5   40.5   40.5   40.5   0.00   0.00   0.00   0.00   0.00   0.0   0.0   0.0     0.000     0.000     0.000     0.000     0.000     0.000      0.0      0.0      0.0      0.0      0.0      0.0
   95 0.100  6000     0     0     0     0     0     0    4.5    4.5    4.5    4.5    4.5    4.5    4.5   0.00   0.00   0.00   0.00   0.00   0.0   0.0   0.0     0.000     0.000     0.000     0.000     0.000     0.000      0.0      0.0      0.0      0.0      0.0      0.0
   96 0.100  4000     0     0     0     0     0     0    4.5    4.5    4.5    4.5    4.5    4.5    4.5   0.00   0.00   0.00   0.00   0.00   0.0   0.0   0.0     0.000     0.000     0.000     0.000     0.000     0.000      0.0      0.0      0.0      0.0      0.0      0.0
   97 1.500  4000     0     0     0     0     0     0   67.5   67.5   67.5   67.5   67.5   67.5   67.5   0.00   0.00   0.00   0.00   0.00   0.0   0.0   0.0     0.000     0.000     0.000     0.000     0.000     0.000      0.0      0.0      0.0      0.0      0.0      0.0
   98 1.500  4000     0     0     0     0     0     0   67.5   67.5   67.5   67.5   67.5   67.5   67.5   0.00   0.00   0.00   0.00   0.00   0.0   0.0   0.0     0.000     0.000     0.000     0.000     0.000     0.000      0.0      0.0      0.0      0.0      0.0      0.0
   99 0.100  6000     0     0     0     0     0     0    4.5    4.5    4.5    4.5    4.5    4.5    4.5   0.00   0.00   0.00   0.00   0.00   0.0   0.0   0.0     0.000     0.000     0.000     0.000     0.000     0.000      0.0      0.0      0.0      0.0      0.0      0.0
  100 0.100  4000     0     0     0     0     0     0    4.5    4.5    4.5    4.5    4.5    4.5    4.5   0.00   0.00   0.00   0.00   0.00   0.0   0.0   0.0     0.000     0.000     0.000     0.000     0.000     0.000      0.0      0.0      0.0      0.0      0.0      0.0
  101 0.900  4000     0     0     0     0     0     0   40.5   40.5   40.5   40.5   40.5   40.5   40.5   0.00   0.00   0.00   0.00   0.00   0.0   0.0   0.0     0.000     0.000     0.000     0.000     0.000     0.000      0.0      0.0      0.0      0.0      0.0      0.0
  102 0.900  4000     0     0     0     0     0     0   40.5   40.5   40.5   40.5   40.5   40.5   40.5   0.00   0.00   0.00   0.00   0.00   0.0   0.0   0.0     0.000     0.000     0.000     0.000     0.000     0.000      0.0      0.0      0.0      0.0      0.0      0.0
  103 1.500  4000     0     0     0     0     0     0   67.5   67.5   67.5   67.5   67.5   67.5   67.5   0.00   0.00   0.00   0.00   0.00   0.0   0.0   0.0     0.000     0.000     0.000     0.000     0.000     0.000      0.0      0.0      0.0      0.0      0.0      0.0
  104 0.100  6000     0     0     0     0     0     0    4.5    4.5    4.5    4.5    4.5    4.5    4.5   0.00   0.00   0.00   0.00   0.00   0.0   0.0   0.0     0.000     0.000     0.000     0.000     0.000     0.000      0.0      0.0      0.0      0.0      0.0      0.0
  105 0.100  6000     0     0     0     0     0     0    4.5    4.5    4.5    4.5    4.5    4.5    4.5   0.00   0.00   0.00   0.00   0.00   0.0   0.0   0.0     0.000     0.000     0.000     0.000     0.000     0.000      0.0      0.0      0.0      0.0      0.0      0.0
  106 0.100  4000     0     0     0     0     0     0    4.5    4.5    4.5    4.5    4.5    4.5    4.5   0.00   0.00   0.00   0.00   0.00   0.0   0.0   0.0     0.000     0.000     0.000     0.000     0.000     0.000      0.0      0.0      0.0      0.0      0.0      0.0
  107 0.100  4000     0     0     0     0     0     0    4.5    4.5    4.5    4.5    4.5    4.5    4.5   0.00   0.00   0.00   0.00   0.00   0.0   0.0   0.0     0.000     0.000     0.000     0.000     0.000     0.000      0.0      0.0      0.0      0.0      0.0      0.0
  108 0.900  4000     0     0     0     0     0     0   40.5   40.5   40.5   40.5   40.5   40.5   40.5   0.00   0.00   0.00   0.00   0.00   0.0   0.0   0.0     0.000     0.000     0.000     0.000     0.000     0.000      0.0      0.0      0.0      0.0      0.0      0.0
  109 0.900  4000     0     0     0     0     0     0   40.5   40.5   40.5   40.5   40.5   40.5   40.5   0.00   0.00   0.00   0.00   0.00   0.0   0.0   0.0     0.000     0.000     0.000     0.000     0.000     0.000      0.0      0.0      0.0      0.0      0.0      0.0
  110 0.900  4000     0     0     0     0     0     0   40.5   40.5   40.5   40.5   40.5   40.5   40.5   0.00   0.00   0.00   0.00   0.00   0.0   0.0   0.0     0.000     0.000     0.000     0.000     0.000     0.000      0.0      0.0      0.0      0.0      0.0      0.0
  111 0.900  4000     0     0     0     0     0     0   40.5   40.5   40.5   40.5   40.5   40.5   40.5   0.00   0.00   0.00   0.00   0.00   0.0   0.0   0.0     0.000     0.000     0.000     0.000     0.000     0.000      0.0      0.0      0.0      0.0      0.0      0.0
  112 0.100  6000     0     0     0     0     0     0    4.5    4.5    4.5    4.5    4.5    4.5    4.5   0.00   0.00   0.00   0.00   0.00   0.0   0.0   0.0     0.000     0.000     0.000     0.000     0.000     0.000      0.0      0.0      0.0      0.0      0.0      0.0
  113 0.100  6000     0     0     0     0     0     0    4.5    4.5    4.5    4.5    4.5    4.5    4.5   0.00   0.00   0.00   0.00   0.00   0.0   0.0   0.0     0.000     0.000     0.000     0.000     0.000     0.000      0.0      0.0      0.0      0.0      0.0      0.0
  114 0.100  4000     0     0     0     0     0     0    4.5    4.5    4.5    4.5    4.5    4.5    4.5   0.00   0.00   0.00   0.00   0.00   0.0   0.0   0.0     0.000     0.000     0.000     0.000     0.000     0.000      0.0      0.0      0.0      0.0      0.0      0.0
  115 0.100  4000     0     0     0     0     0     0    4.5    4.5    4.5    4.5    4.5    4.5    4.5   0.00   0.00   0.00   0.00   0.00   0.0   0.0   0.0     0.000     0.000     0.000     0.000     0.000     0.000      0.0      0.0      0.0      0.0      0.0      0.0
  116 1.500  4000     0     0     0     0     0     0   67.5   67.5   67.5   67.5   67.5   67.5   67.5   0.00   0.00   0.00   0.00   0.00   0.0   0.0   0.0     0.000     0.000     0.000     0.000     0.000     0.000      0.0      0.0      0.0      0.0      0.0      0.0
  117 0.900  4000     0     0     0     0     0     0   40.5   40.5   40.5   40.5   40.5   40.5   40.5   0.00   0.00   0.00   0.00   0.00   0.0   0.0   0.0     0.000     0.000     0.000     0.000     0.000     0.000      0.0      0.0      0.0      0.0      0.0      0.0
  118 0.900  4000     0     0     0     0     0     0   40.5   40.5   40.5   40.5   40.5   40.5   40.5   0.00   0.00   0.00   0.00   0.00   0.0   0.0   0.0     0.000     0.000     0.000     0.000     0.000     0.000      0.0      0.0      0.0      0.0      0.0      0.0
  119 0.100  6000     0     0     0     0     0     0    4.5    4.5    4.5    4.5    4.5    4.5    4.5   0.00   0.00   0.00   0.00   0.00   0.0   0.0   0.0     0.000     0.000     0.000     0.000     0.000     0.000      0.0      0.0      0.0      0.0      0.0      0.0
  120 0.100  4000     0     0     0     0     0     0    4.5    4.5    4.5    4.5    4.5    4.5    4.5   0.00   0.00   0.00   0.00   0.00   0.0   0.0   0.0     0.000     0.000     0.000     0.000     0.000     0.000      0.0      0.0      0.0      0.0      0.0      0.0
  121 1.500  4000     0     0     0     0     0     0   67.5   67.5   67.5   67.5   67.5   67.5   67.5   0.00   0.00   0.00   0.00   0.00   0.0   0.0   0.0     0.000     0.000     0.000     0.000     0.000     0.000      0.0      0.0      0.0      0.0      0.0      0.0
  122 0.900  4000     0     0     0     0     0     0   40.5   40.5   40.5   40.5   40.5   40.5   40.5   0.00   0.00   0.00   0.00   0.00   0.0   0.0   0.0     0.000     0.000     0.000     0.000     0.000     0.000      0.0      0.0      0.0      0.0      0.0      0.0
  123 0.900  4000     0     0     0     0     0     0   40.5   40.5   40.5   40.5   40.5   40.5   40.5   0.00   0.00   0.00   0.00   0.00   0.0   0.0   0.0     0.000     0.000     0.000     0.000     0.000     0.000      0.0      0.0      0.0      0.0      0.0      0.0
  124 0.100  4000     0     0     0     0     0     0    4.5    4.5    4.5    4.5    4.5    4.5    4.5   0.00   0.00   0.00   0.00   0.00   0.0   0.0   0.0     0.000     0.000     0.000     0.000     0.000     0.000      0.0      0.0      0.0      0.0      0.0      0.0
  125 0.100  4000     0     0     0     0     0     0    4.5    4.5    4.5    4.5    4.5    4.5    4.5   0.00   0.00   0.00   0.00   0.00   0.0   0.0   0.0     0.000     0.000     0.000     0.000     0.000     0.000      0.0      0.0      0.0      0.0      0.0      0.0
  126 0.100  4000     0     0     0     0     0     0    4.5    4.5    4.5    4.5    4.5    4.5    4.5   0.00   0.00   0.00   0.00   0.00   0.0   0.0   0.0     0.000     0.000     0.000     0.000     0.000     0.000      0.0      0.0      0.0      0.0      0.0      0.0
  127 0.100  4000     0     0     0     0     0     0    4.5    4.5    4.5    4.5    4.5    4.5    4.5   0.00   0.00   0.00   0.00   0.00   0.0   0.0   0.0     0.000     0.000     0.000     0.000     0.000     0.000      0.0      0.0      0.0      0.0      0.0      0.0
  128 0.400  4000     0     0     0     0     0     0   18.0   18.0   18.0   18.0   18.0   18.0   18.0   0.00   0.00   0.00   0.00   0.00   0.0   0.0   0.0     0.000     0.000     0.000     0.000     0.000     0.000      0.0      0.0      0.0      0.0      0.0      0.0
  129 0.400  4000     0     0     0     0     0     0   18.0   18.0   18.0   18.0   18.0   18.0   18.0   0.00   0.00   0.00   0.00   0.00   0.0   0.0   0.0     0.000     0.000     0.000     0.000     0.000     0.000      0.0      0.0      0.0      0.0      0.0      0.0
  130 0.300  4000     0     0     0     0     0     0   13.5   13.5   13.5   13.5   13.5   13.5   13.5   0.00   0.00   0.00   0.00   0.00   0.0   0.0   0.0     0.000     0.000     0.000     0.000     0.000     0.000      0.0      0.0      0.0      0.0      0.0      0.0
  131 0.300  4000     0     0     0     0     0     0   13.5   13.5   13.5   13.5   13.5   13.5   13.5   0.00   0.00   0.00   0.00   0.00   0.0   0.0   0.0     0.000     0.000     0.000     0.000     0.000     0.000      0.0      0.0      0.0      0.0      0.0      0.0
  132 0.100  4000     0     0     0     0     0     0    4.5    4.5    4.5    4.5    4.5    4.5    4.5   0.00   0.00   0.00   0.00   0.00   0.0   0.0   0.0     0.000     0.000     0.000     0.000     0.000     0.000      0.0      0.0      0.0      0.0      0.0      0.0
  133 0.100  4000     0     0     0     0     0     0    4.5    4.5    4.5    4.5    4.5    4.5    4.5   0.00   0.00   0.00   0.00   0.00   0.0   0.0   0.0     0.000     0.000     0.000     0.000     0.000     0.000      0.0      0.0      0.0      0.0      0.0      0.0
  134 0.200  4000     0     0     0     0     0     0    9.0    9.0    9.0    9.0    9.0    9.0    9.0   0.00   0.00   0.00   0.00   0.00   0.0   0.0   0.0     0.000     0.000     0.000     0.000     0.000     0.000      0.0      0.0      0.0      0.0      0.0      0.0
  135 0.200  4000     0     0     0     0     0     0    9.0    9.0    9.0    9.0    9.0    9.0    9.0   0.00   0.00   0.00   0.00   0.00   0.0   0.0   0.0     0.000     0.000     0.000     0.000     0.000     0.000      0.0      0.0      0.0      0.0      0.0      0.0
  136 0.100  4000     0     0     0     0     0     0    4.5    4.5    4.5    4.5    4.5    4.5    4.5   0.00   0.00   0.00   0.00   0.00   0.0   0.0   0.0     0.000     0.000     0.000     0.000     0.000     0.000      0.0      0.0      0.0      0.0      0.0      0.0
  137 0.100  4000     0     0     0     0     0     0    4.5    4.5    4.5    4.5    4.5    4.5    4.5   0.00   0.00   0.00   0.00   0.00   0.0   0.0   0.0     0.000     0.000     0.000     0.000     0.000     0.000      0.0      0.0      0.0      0.0      0.0      0.0
  138 0.300  4000     0     0     0     0     0     0   13.5   13.5   13.5   13.5   13.5   13.5   13.5   0.00   0.00   0.00   0.00   0.00   0.0   0.0   0.0     0.000     0.000     0.000     0.000     0.000     0.000      0.0      0.0      0.0      0.0      0.0      0.0
  139 0.300  4000     0     0     0     0     0     0   13.5   13.5   13.5   13.5   13.5   13.5   13.5   0.00   0.00   0.00   0.00   0.00   0.0   0.0   0.0     0.000     0.000     0.000     0.000     0.000     0.000      0.0      0.0      0.0      0.0      0.0      0.0
  140 0.400  4000     0     0     0     0     0     0   18.0   18.0   18.0   18.0   18.0   18.0   18.0   0.00   0.00   0.00   0.00   0.00   0.0   0.0   0.0     0.000     0.000     0.000     0.000     0.000     0.000      0.0      0.0      0.0      0.0      0.0      0.0
  141 0.400  4000     0     0     0     0     0     0   18.0   18.0   18.0   18.0   18.0   18.0   18.0   0.00   0.00   0.00   0.00   0.00   0.0   0.0   0.0     0.000     0.000     0.000     0.000     0.000     0.000      0.0      0.0      0.0      0.0      0.0      0.0
  142 0.100  4000     0     0     0     0     0     0    4.5    4.5    4.5    4.5    4.5    4.5    4.5   0.00   0.00   0.00   0.00   0.00   0.0   0.0   0.0     0.000     0.000     0.000     0.000     0.000     0.000      0.0      0.0      0.0      0.0      0.0      0.0
  143 0.100  4000     0     0     0     0     0     0    4.5    4.5    4.5    4.5    4.5    4.5    4.5   0.00   0.00   0.00   0.00   0.00   0.0   0.0   0.0     0.000     0.000     0.000     0.000     0.000     0.000      0.0      0.0      0.0      0.0      0.0      0.0
  144 0.100  4000     0     0     0     0     0     0    4.5    4.5    4.5    4.5    4.5    4.5    4.5   0.00   0.00   0.00   0.00   0.00   0.0   0.0   0.0     0.000     0.000     0.000     0.000     0.000     0.000      0.0      0.0      0.0      0.0      0.0      0.0
  145 0.100  4000     0     0     0     0     0     0    4.5    4.5    4.5    4.5    4.5    4.5    4.5   0.00   0.00   0.00   0.00   0.00   0.0   0.0   0.0     0.000     0.000     0.000     0.000     0.000     0.000      0.0      0.0      0.0      0.0      0.0      0.0
  146 0.900  4000     0     0     0     0     0     0   40.5   40.5   40.5   40.5   40.5   40.5   40.5   0.00   0.00   0.00   0.00   0.00   0.0   0.0   0.0     0.000     0.000     0.000     0.000     0.000     0.000      0.0      0.0      0.0      0.0      0.0      0.0
  147 0.900  4000     0     0     0     0     0     0   40.5   40.5   40.5   40.5   40.5   40.5   40.5   0.00   0.00   0.00   0.00   0.00   0.0   0.0   0.0     0.000     0.000     0.000     0.000     0.000     0.000      0.0      0.0      0.0      0.0      0.0      0.0
  148 0.900  4000     0     0     0     0     0     0   40.5   40.5   40.5   40.5   40.5   40.5   40.5   0.00   0.00   0.00   0.00   0.00   0.0   0.0   0.0     0.000     0.000     0.000     0.000     0.000     0.000      0.0      0.0      0.0      0.0      0.0      0.0
  149 0.900  4000     0     0     0     0     0     0   40.5   40.5   40.5   40.5   40.5   40.5   40.5   0.00   0.00   0.00   0.00   0.00   0.0   0.0   0.0     0.000     0.000     0.000     0.000     0.000     0.000      0.0      0.0      0.0      0.0      0.0      0.0
  150 0.100  4000     0     0     0     0     0     0    4.5    4.5    4.5    4.5    4.5    4.5    4.5   0.00   0.00   0.00   0.00   0.00   0.0   0.0   0.0     0.000     0.000     0.000     0.000     0.000     0.000      0.0      0.0      0.0      0.0      0.0      0.0
  151 0.100  4000     0     0     0     0     0     0    4.5    4.5    4.5    4.5    4.5    4.5    4.5   0.00   0.00   0.00   0.00   0.00   0.0   0.0   0.0     0.000     0.000     0.000     0.000     0.000     0.000      0.0      0.0      0.0      0.0      0.0      0.0
  152 0.100  4000     0     0     0     0     0     0    4.5    4.5    4.5    4.5    4.5    4.5    4.5   0.00   0.00   0.00   0.00   0.00   0.0   0.0   0.0     0.000     0.000     0.000     0.000     0.000     0.000      0.0      0.0      0.0      0.0      0.0      0.0
  153 0.100  4000     0     0     0     0     0     0    4.5    4.5    4.5    4.5    4.5    4.5    4.5   0.00   0.00   0.00   0.00   0.00   0.0   0.0   0.0     0.000     0.000     0.000     0.000     0.000     0.000      0.0      0.0      0.0      0.0      0.0      0.0
  154 0.400  4000     0     0     0     0     0     0   18.0   18.0   18.0   18.0   18.0   18.0   18.0   0.00   0.00   0.00   0.00   0.00   0.0   0.0   0.0     0.000     0.000     0.000     0.000     0.000     0.000      0.0      0.0      0.0      0.0      0.0      0.0
  155 0.400  4000     0     0     0     0     0     0   18.0   18.0   18.0   18.0   18.0   18.0   18.0   0.00   0.00   0.00   0.00   0.00   0.0   0.0   0.0     0.000     0.000     0.000     0.000     0.000     0.000      0.0      0.0      0.0      0.0      0.0      0.0
  156 0.300  4000     0     0     0     0     0     0   13.5   13.5   13.5   13.5   13.5   13.5   13.5   0.00   0.00   0.00   0.00   0.00   0.0   0.0   0.0     0.000     0.000     0.000     0.000     0.000     0.000      0.0      0.0      0.0      0.0      0.0      0.0
  157 0.300  4000     0     0     0     0     0     0   13.5   13.5   13.5   13.5   13.5   13.5   13.5   0.00   0.00   0.00   0.00   0.00   0.0   0.0   0.0     0.000     0.000     0.000     0.000     0.000     0.000      0.0      0.0      0.0      0.0      0.0      0.0
  158 0.100  4000     0     0     0     0     0     0    4.5    4.5    4.5    4.5    4.5    4.5    4.5   0.00   0.00   0.00   0.00   0.00   0.0   0.0   0.0     0.000     0.000     0.000     0.000     0.000     0.000      0.0      0.0      0.0      0.0      0.0      0.0
  159 0.100  4000     0     0     0     0     0     0    4.5    4.5    4.5    4.5    4.5    4.5    4.5   0.00   0.00   0.00   0.00   0.00   0.0   0.0   0.0     0.000     0.000     0.000     0.000     0.000     0.000      0.0      0.0      0.0      0.0      0.0      0.0
  160 0.200  4000     0     0     0     0     0     0    9.0    9.0    9.0    9.0    9.0    9.0    9.0   0.00   0.00   0.00   0.00   0.00   0.0   0.0   0.0     0.000     0.000     0.000     0.000     0.000     0.000      0.0      0.0      0.0      0.0      0.0      0.0
  161 0.200  4000     0     0     0     0     0     0    9.0    9.0    9.0    9.0    9.0    9.0    9.0   0.00   0.00   0.00   0.00   0.00   0.0   0.0   0.0     0.000     0.000     0.000     0.000     0.000     0.000      0.0      0.0      0.0      0.0      0.0      0.0
  162 0.100  4000     0     0     0     0     0     0    4.5    4.5    4.5    4.5    4.5    4.5    4.5   0.00   0.00   0.00   0.00   0.00   0.0   0.0   0.0     0.000     0.000     0.000     0.000     0.000     0.000      0.0      0.0      0.0      0.0      0.0      0.0
  163 0.100  4000     0     0     0     0     0     0    4.5    4.5    4.5    4.5    4.5    4.5    4.5   0.00   0.00   0.00   0.00   0.00   0.0   0.0   0.0     0.000     0.000     0.000     0.000     0.000     0.000      0.0      0.0      0.0      0.0      0.0      0.0
  164 0.300  4000     0     0     0     0     0     0   13.5   13.5   13.5   13.5   13.5   13.5   13.5   0.00   0.00   0.00   0.00   0.00   0.0   0.0   0.0     0.000     0.000     0.000     0.000     0.000     0.000      0.0      0.0      0.0      0.0      0.0      0.0
  165 0.300  4000     0     0     0     0     0     0   13.5   13.5   13.5   13.5   13.5   13.5   13.5   0.00   0.00   0.00   0.00   0.00   0.0   0.0   0.0     0.000     0.000     0.000     0.000     0.000     0.000      0.0      0.0      0.0      0.0      0.0      0.0
  166 0.400  4000     0     0     0     0     0     0   18.0   18.0   18.0   18.0   18.0   18.0   18.0   0.00   0.00   0.00   0.00   0.00   0.0   0.0   0.0     0.000     0.000     0.000     0.000     0.000     0.000      0.0      0.0      0.0      0.0      0.0      0.0
  167 0.400  4000     0     0     0     0     0     0   18.0   18.0   18.0   18.0   18.0   18.0   18.0   0.00   0.00   0.00   0.00   0.00   0.0   0.0   0.0     0.000     0.000     0.000     0.000     0.000     0.000      0.0      0.0      0.0      0.0      0.0      0.0
  168 0.100  4000     0     0     0     0     0     0    4.5    4.5    4.5    4.5    4.5    4.5    4.5   0.00   0.00   0.00   0.00   0.00   0.0   0.0   0.0     0.000     0.000     0.000     0.000     0.000     0.000      0.0      0.0      0.0      0.0      0.0      0.0
  169 0.100  4000     0     0     0     0     0     0    4.5    4.5    4.5    4.5    4.5    4.5    4.5   0.00   0.00   0.00   0.00   0.00   0.0   0.0   0.0     0.000     0.000     0.000     0.000     0.000     0.000      0.0      0.0      0.0      0.0      0.0      0.0
  170 0.100  4000     0     0     0     0     0     0    4.5    4.5    4.5    4.5    4.5    4.5    4.5   0.00   0.00   0.00   0.00   0.00   0.0   0.0   0.0     0.000     0.000     0.000     0.000     0.000     0.000      0.0      0.0      0.0      0.0      0.0      0.0
  171 0.100  4000     0     0     0     0     0     0    4.5    4.5    4.5    4.5    4.5    4.5    4.5   0.00   0.00   0.00   0.00   0.00   0.0   0.0   0.0     0.000     0.000     0.000     0.000     0.000     0.000      0.0      0.0      0.0      0.0      0.0      0.0
  172 0.900  4000     0     0     0     0     0     0   40.5   40.5   40.5   40.5   40.5   40.5   40.5   0.00   0.00   0.00   0.00   0.00   0.0   0.0   0.0     0.000     0.000     0.000     0.000     0.000     0.000      0.0      0.0      0.0      0.0      0.0      0.0
  173 0.900  4000     0     0     0     0     0     0   40.5   40.5   40.5   40.5   40.5   40.5   40.5   0.00   0.00   0.00   0.00   0.00   0.0   0.0   0.0     0.000     0.000     0.000     0.000     0.000     0.000      0.0      0.0      0.0      0.0      0.0      0.0
  174 0.900  4000     0     0     0     0     0     0   40.5   40.5   40.5   40.5   40.5   40.5   40.5   0.00   0.00   0.00   0.00   0.00   0.0   0.0   0.0     0.000     0.000     0.000     0.000     0.000     0.000      0.0      0.0      0.0      0.0      0.0      0.0
  175 0.900  4000     0     0     0     0     0     0   40.5   40.5   40.5   40.5   40.5   40.5   40.5   0.00   0.00   0.00   0.00   0.00   0.0   0.0   0.0     0.000     0.000     0.000     0.000     0.000     0.000      0.0      0.0      0.0      0.0      0.0      0.0
  176 0.100  4000     0     0     0     0     0     0    4.5    4.5    4.5    4.5    4.5    4.5    4.5   0.00   0.00   0.00   0.00   0.00   0.0   0.0   0.0     0.000     0.000     0.000     0.000     0.000     0.000      0.0      0.0      0.0      0.0      0.0      0.0
  177 0.100  4000     0     0     0     0     0     0    4.5    4.5    4.5    4.5    4.5    4.5    4.5   0.00   0.00   0.00   0.00   0.00   0.0   0.0   0.0     0.000     0.000     0.000     0.000     0.000     0.000      0.0      0.0      0.0      0.0      0.0      0.0
  178 0.100  4000     0     0     0     0     0     0    4.5    4.5    4.5    4.5    4.5    4.5    4.5   0.00   0.00   0.00   0.00   0.00   0.0   0.0   0.0     0.000     0.000     0.000     0.000     0.000     0.000      0.0      0.0      0.0      0.0      0.0      0.0
  179 0.100  4000     0     0     0     0     0     0    4.5    4.5    4.5    4.5    4.5    4.5    4.5   0.00   0.00   0.00   0.00   0.00   0.0   0.0   0.0     0.000     0.000     0.000     0.000     0.000     0.000      0.0      0.0      0.0      0.0      0.0      0.0
  180 0.400  4000     0     0     0     0     0     0   18.0   18.0   18.0   18.0   18.0   18.0   18.0   0.00   0.00   0.00   0.00   0.00   0.0   0.0   0.0     0.000     0.000     0.000     0.000     0.000     0.000      0.0      0.0      0.0      0.0      0.0      0.0
  181 0.400  4000     0     0     0     0     0     0   18.0   18.0   18.0   18.0   18.0   18.0   18.0   0.00   0.00   0.00   0.00   0.00   0.0   0.0   0.0     0.000     0.000     0.000     0.000     0.000     0.000      0.0      0.0      0.0      0.0      0.0      0.0
  182 0.300  4000     0     0     0     0     0     0   13.5   13.5   13.5   13.5   13.5   13.5   13.5   0.00   0.00   0.00   0.00   0.00   0.0   0.0   0.0     0.000     0.000     0.000     0.000     0.000     0.000      0.0      0.0      0.0      0.0      0.0      0.0
  183 0.300  4000     0     0     0     0     0     0   13.5   13.5   13.5   13.5   13.5   13.5   13.5   0.00   0.00   0.00   0.00   0.00   0.0   0.0   0.0     0.000     0.000     0.000     0.000     0.000     0.000      0.0      0.0      0.0      0.0      0.0      0.0
  184 0.100  4000     0     0     0     0     0     0    4.5    4.5    4.5    4.5    4.5    4.5    4.5   0.00   0.00   0.00   0.00   0.00   0.0   0.0   0.0     0.000     0.000     0.000     0.000     0.000     0.000      0.0      0.0      0.0      0.0      0.0      0.0
  185 0.100  4000     0     0     0     0     0     0    4.5    4.5    4.5    4.5    4.5    4.5    4.5   0.00   0.00   0.00   0.00   0.00   0.0   0.0   0.0     0.000     0.000     0.000     0.000     0.000     0.000      0.0      0.0      0.0      0.0      0.0      0.0
  186 0.200  4000     0     0     0     0     0     0    9.0    9.0    9.0    9.0    9.0    9.0    9.0   0.00   0.00   0.00   0.00   0.00   0.0   0.0   0.0     0.000     0.000     0.000     0.000     0.000     0.000      0.0      0.0      0.0      0.0      0.0      0.0
  187 0.200  4000     0     0     0     0     0     0    9.0    9.0    9.0    9.0    9.0    9.0    9.0   0.00   0.00   0.00   0.00   0.00   0.0   0.0   0.0     0.000     0.000     0.000     0.000     0.000     0.000      0.0      0.0      0.0      0.0      0.0      0.0
  188 0.100  4000     0     0     0     0     0     0    4.5    4.5    4.5    4.5    4.5    4.5    4.5   0.00   0.00   0.00   0.00   0.00   0.0   0.0   0.0     0.000     0.000     0.000     0.000     0.000     0.000      0.0      0.0      0.0      0.0      0.0      0.0
  189 0.100  4000     0     0     0     0     0     0    4.5    4.5    4.5    4.5    4.5    4.5    4.5   0.00   0.00   0.00   0.00   0.00   0.0   0.0   0.0     0.000     0.000     0.000     0.000     0.000     0.000      0.0      0.0      0.0      0.0      0.0      0.0
  190 0.300  4000     0     0     0     0     0     0   13.5   13.5   13.5   13.5   13.5   13.5   13.5   0.00   0.00   0.00   0.00   0.00   0.0   0.0   0.0     0.000     0.000     0.000     0.000     0.000     0.000      0.0      0.0      0.0      0.0      0.0      0.0
  191 0.300  4000     0     0     0     0     0     0   13.5   13.5   13.5   13.5   13.5   13.5   13.5   0.00   0.00   0.00   0.00   0.00   0.0   0.0   0.0     0.000     0.000     0.000     0.000     0.000     0.000      0.0      0.0      0.0      0.0      0.0      0.0
  192 0.400  4000     0     0     0     0     0     0   18.0   18.0   18.0   18.0   18.0   18.0   18.0   0.00   0.00   0.00   0.00   0.00   0.0   0.0   0.0     0.000     0.000     0.000     0.000     0.000     0.000      0.0      0.0      0.0      0.0      0.0      0.0
  193 0.400  4000     0     0     0     0     0     0   18.0   18.0   18.0   18.0   18.0   18.0   18.0   0.00   0.00   0.00   0.00   0.00   0.0   0.0   0.0     0.000     0.000     0.000     0.000     0.000     0.000      0.0      0.0      0.0      0.0      0.0      0.0
  194 0.100  4000     0     0     0     0     0     0    4.5    4.5    4.5    4.5    4.5    4.5    4.5   0.00   0.00   0.00   0.00   0.00   0.0   0.0   0.0     0.000     0.000     0.000     0.000     0.000     0.000      0.0      0.0      0.0      0.0      0.0      0.0
  195 0.100  4000     0     0     0     0     0     0    4.5    4.5    4.5    4.5    4.5    4.5    4.5   0.00   0.00   0.00   0.00   0.00   0.0   0.0   0.0     0.000     0.000     0.000     0.000     0.000     0.000      0.0      0.0      0.0      0.0      0.0      0.0
  196 0.100  4000     0     0     0     0     0     0    4.5    4.5    4.5    4.5    4.5    4.5    4.5   0.00   0.00   0.00   0.00   0.00   0.0   0.0   0.0     0.000     0.000     0.000     0.000     0.000     0.000      0.0      0.0      0.0      0.0      0.0      0.0
  197 0.100  4000     0     0     0     0     0     0    4.5    4.5    4.5    4.5    4.5    4.5    4.5   0.00   0.00   0.00   0.00   0.00   0.0   0.0   0.0     0.000     0.000     0.000     0.000     0.000     0.000      0.0      0.0      0.0      0.0      0.0      0.0
  198 0.900  4000     0     0     0     0     0     0   40.5   40.5   40.5   40.5   40.5   40.5   40.5   0.00   0.00   0.00   0.00   0.00   0.0   0.0   0.0     0.000     0.000     0.000     0.000     0.000     0.000      0.0      0.0      0.0      0.0      0.0      0.0
  199 0.900  4000     0     0     0     0     0     0   40.5   40.5   40.5   40.5   40.5   40.5   40.5   0.00   0.00   0.00   0.00   0.00   0.0   0.0   0.0     0.000     0.000     0.000     0.000     0.000     0.000      0.0      0.0      0.0      0.0      0.0      0.0
  200 1.000  1600     0     0     0     0     0     0   60.0   60.0   60.0   60.0   60.0   60.0   60.0   0.00   0.00   0.00   0.00   0.00   0.0   0.0   0.0     0.000     0.000     0.000     0.000     0.000     0.000      0.0      0.0      0.0      0.0      0.0      0.0
  201 1.000  1600     0     0     0     0     0     0   60.0   60.0   60.0   60.0   60.0   60.0   60.0   0.00   0.00   0.00   0.00   0.00   0.0   0.0   0.0     0.000     0.000     0.000     0.000     0.000     0.000      0.0      0.0      0.0      0.0      0.0      0.0
  202 1.000  1600     0     0     0     0     0     0   60.0   60.0   60.0   60.0   60.0   60.0   60.0   0.00   0.00   0.00   0.00   0.00   0.0   0.0   0.0     0.000     0.000     0.000     0.000     0.000     0.000      0.0      0.0      0.0      0.0      0.0      0.0
  203 1.000  1600     0     0     0     0     0     0   60.0   60.0   60.0   60.0   60.0   60.0   60.0   0.00   0.00   0.00   0.00   0.00   0.0   0.0   0.0     0.000     0.000     0.000     0.000     0.000     0.000      0.0      0.0      0.0      0.0      0.0      0.0
  204 1.000  1600     0     0     0     0     0     0   60.0   60.0   60.0   60.0   60.0   60.0   60.0   0.00   0.00   0.00   0.00   0.00   0.0   0.0   0.0     0.000     0.000     0.000     0.000     0.000     0.000      0.0      0.0      0.0      0.0      0.0      0.0
  205 1.000  1600     0     0     0     0     0     0   60.0   60.0   60.0   60.0   60.0   60.0   60.0   0.00   0.00   0.00   0.00   0.00   0.0   0.0   0.0     0.000     0.000     0.000     0.000     0.000     0.000      0.0      0.0      0.0      0.0      0.0      0.0
  206 1.000  1600     0     0     0     0     0     0   60.0   60.0   60.0   60.0   60.0   60.0   60.0   0.00   0.00   0.00   0.00   0.00   0.0   0.0   0.0     0.000     0.000     0.000     0.000     0.000     0.000      0.0      0.0      0.0      0.0      0.0      0.0
  207 1.000  1600     0     0     0     0     0     0   60.0   60.0   60.0   60.0   60.0   60.0   60.0   0.00   0.00   0.00   0.00   0.00   0.0   0.0   0.0     0.000     0.000     0.000     0.000     0.000     0.000      0.0      0.0      0.0      0.0      0.0      0.0
  208 1.000  1600     0     0     0     0     0     0   60.0   60.0   60.0   60.0   60.0   60.0   60.0   0.00   0.00   0.00   0.00   0.00   0.0   0.0   0.0     0.000     0.000     0.000     0.000     0.000     0.000      0.0      0.0      0.0      0.0      0.0      0.0
  209 1.000  1600     0     0     0     0     0     0   60.0   60.0   60.0   60.0   60.0   60.0   60.0   0.00   0.00   0.00   0.00   0.00   0.0   0.0   0.0     0.000     0.000     0.000     0.000     0.000     0.000      0.0      0.0      0.0      0.0      0.0      0.0
  210 1.000  1600     0     0     0     0     0     0   60.0   60.0   60.0   60.0   60.0   60.0   60.0   0.00   0.00   0.00   0.00   0.00   0.0   0.0   0.0     0.000     0.000     0.000     0.000     0.000     0.000      0.0      0.0      0.0      0.0      0.0      0.0
  211 1.000  1600     0     0     0     0     0     0   60.0   60.0   60.0   60.0   60.0   60.0   60.0   0.00   0.00   0.00   0.00   0.00   0.0   0.0   0.0     0.000     0.000     0.000     0.000     0.000     0.000      0.0      0.0      0.0      0.0      0.0      0.0
  212 1.000  1600     0     0     0     0     0     0   60.0   60.0   60.0   60.0   60.0   60.0   60.0   0.00   0.00   0.00   0.00   0.00   0.0   0.0   0.0     0.000     0.000     0.000     0.000     0.000     0.000      0.0      0.0      0.0      0.0      0.0      0.0
  213 1.000  1600     0     0     0     0     0     0   60.0   60.0   60.0   60.0   60.0   60.0   60.0   0.00   0.00   0.00   0.00   0.00   0.0   0.0   0.0     0.000     0.000     0.000     0.000     0.000     0.000      0.0      0.0      0.0      0.0      0.0      0.0
  214 1.000  1600     0     0     0     0     0     0   60.0   60.0   60.0   60.0   60.0   60.0   60.0   0.00   0.00   0.00   0.00   0.00   0.0   0.0   0.0     0.000     0.000     0.000     0.000     0.000     0.000      0.0      0.0      0.0      0.0      0.0      0.0
  215 1.000  1600     0     0     0     0     0     0   60.0   60.0   60.0   60.0   60.0   60.0   60.0   0.00   0.00   0.00   0.00   0.00   0.0   0.0   0.0     0.000     0.000     0.000     0.000     0.000     0.000      0.0      0.0      0.0      0.0      0.0      0.0
  216 1.000  1600     0     0     0     0     0     0   60.0   60.0   60.0   60.0   60.0   60.0   60.0   0.00   0.00   0.00   0.00   0.00   0.0   0.0   0.0     0.000     0.000     0.000     0.000     0.000     0.000      0.0      0.0      0.0      0.0      0.0      0.0
  217 1.000  1600     0     0     0     0     0     0   60.0   60.0   60.0   60.0   60.0   60.0   60.0   0.00   0.00   0.00   0.00   0.00   0.0   0.0   0.0     0.000     0.000     0.000     0.000     0.000     0.000      0.0      0.0      0.0      0.0      0.0      0.0
  218 1.000  1600     0     0     0     0     0     0   60.0   60.0   60.0   60.0   60.0   60.0   60.0   0.00   0.00   0.00   0.00   0.00   0.0   0.0   0.0     0.000     0.000     0.000     0.000     0.000     0.000      0.0      0.0      0.0      0.0      0.0      0.0
  219 1.000  1600     0     0     0     0     0     0   60.0   60.0   60.0   60.0   60.0   60.0   60.0   0.00   0.00   0.00   0.00   0.00   0.0   0.0   0.0     0.000     0.000     0.000     0.000     0.000     0.000      0.0      0.0      0.0      0.0      0.0      0.0
  220 1.000  1600     0     0     0     0     0     0   60.0   60.0   60.0   60.0   60.0   60.0   60.0   0.00   0.00   0.00   0.00   0.00   0.0   0.0   0.0     0.000     0.000     0.000     0.000     0.000     0.000      0.0      0.0      0.0      0.0      0.0      0.0
  221 1.000  1600     0     0     0     0     0     0   60.0   60.0   60.0   60.0   60.0   60.0   60.0   0.00   0.00   0.00   0.00   0.00   0.0   0.0   0.0     0.000     0.000     0.000     0.000     0.000     0.000      0.0      0.0      0.0      0.0      0.0      0.0
  222 1.000  1600     0     0     0     0     0     0   60.0   60.0   60.0   60.0   60.0   60.0   60.0   0.00   0.00   0.00   0.00   0.00   0.0   0.0   0.0     0.000     0.000     0.000     0.000     0.000     0.000      0.0      0.0      0.0      0.0      0.0      0.0
  223 1.000  1600     0     0     0     0     0     0   60.0   60.0   60.0   60.0   60.0   60.0   60.0   0.00   0.00   0.00   0.00   0.00   0.0   0.0   0.0     0.000     0.000     0.000     0.000     0.000     0.000      0.0      0.0      0.0      0.0      0.0      0.0
    900      2
   10 1.500  6600  1376  1376     0     0     0     0   54.0   54.7   54.7   54.0   54.0   54.0   54.0   0.00   0.00   0.00   0.00   0.00  21.8   7.3   0.0    45.155    42.389   778.458   151.617104178.031     0.000    495.0    227.9      4.2     14.6    253.6    136.3
   11 0.250  8800  1364  1364     0     0     0     0    9.0    9.0    9.0    9.0    9.0    9.0    9.0   0.00   0.00   0.00   0.00   0.00   3.4   1.3   0.0     7.050     6.295   107.225    23.290 16279.428     0.000     78.0     35.9      0.7      2.3     39.9     21.5
   12 0.500  6600  1324  1324     0     0     0     0   18.0   18.1   18.1   18.0   18.0   18.0   18.0   0.00   0.00   0.00   0.00   0.00   6.8   2.1   0.0    13.979    12.339   213.014    46.647 32286.350     0.000    154.1     71.0      1.3      4.5     78.8     42.5
   13 0.250  8800  1316  1316     0     0     0     0    9.0    9.0    9.0    9.0    9.0    9.0    9.0   0.00   0.00   0.00   0.00   0.00   3.3   1.2   0.0     6.788     6.060   103.211    22.430 15673.170     0.000     75.1     34.6      0.6      2.2     38.4     20.7
   14 1.500  6600  1252  1252     0     0     0     0   54.0   54.5   54.5   54.0   54.0   54.0   54.0   0.00   0.00   0.00   0.00   0.00  19.5   5.1   0.0    40.112    35.311   608.388   133.603 92640.172     0.000    442.9    203.9      3.8     12.8    226.1    122.5
   15 1.500  6600  2912  1328     0     0  1048   536   54.0   70.0   70.3   54.0   54.0   70.1   69.3   0.00   0.00   0.00   0.00   0.00  58.3  41.7   1.3   198.996  1867.689 46782.391   713.597393805.094     0.000   1323.0    620.2      7.1     56.1    649.0    371.6
   16 0.250  8800  1240  1240     0     0     0     0    9.0    8.9    8.9    9.0    9.0    9.0    9.0   0.00   0.00   0.00   0.00   0.00   3.1   1.1   0.0     6.409     5.722    97.498    21.194 14797.299     0.000     70.8     32.6      0.6      2.1     36.2     19.6
   17 0.250  8800  2868  1304     0     0  1036   528    9.0   11.2   11.1    9.0    9.0   11.2   11.2   0.00   0.00   0.00   0.00   0.00   9.0   6.6   0.2    31.521   306.196  7587.156   112.567 62010.438     0.000    203.8     94.8      1.2      7.8    103.9     55.5
   18 0.500  6600  1208  1208     0     0     0     0   18.0   18.1   18.1   18.0   18.0   18.0   18.0   0.00   0.00   0.00   0.00   0.00   6.1   1.8   0.0    12.652    11.174   192.937    42.249 29219.842     0.000    139.4     64.2      1.2      4.0     71.2     38.5
   19 0.500  6600  2804  1280     0     0  1004   520   18.0   24.6   24.6   18.0   18.0   24.6   24.9   0.00   0.00   0.00   0.00   0.00  19.4  14.6   0.5    61.870   544.715 13698.099   221.793123659.617     0.000    440.7    205.0      2.6     16.9    221.3    121.4
   20 0.250  8800  1200  1200     0     0     0     0    9.0    9.0    9.0    9.0    9.0    9.0    9.0   0.00   0.00   0.00   0.00   0.00   3.0   1.0   0.0     6.193     5.531    94.204    20.480 14298.778     0.000     68.4     31.5      0.6      2.0     35.0     18.9
   21 0.250  8800  2768  1252     0     0   996   520    9.0   11.3   11.1    9.0    9.0   11.3   11.6   0.00   0.00   0.00   0.00   0.00   8.7   6.3   0.2    28.537   252.865  6284.146   100.766 57118.738     0.000    198.8     92.3      1.2      7.5    101.1     54.2
   22 1.500  6600  1124  1124     0     0     0     0   54.0   54.5   54.5   54.0   54.0   54.0   54.0   0.00   0.00   0.00   0.00   0.00  17.6   4.4   0.0    36.328    31.975   551.192   121.032 83897.992     0.000    401.1    184.6      3.5     11.6    204.7    110.9
   23 1.500  6600  2584  1176     0     0   924   484   54.0   59.3   59.5   54.0   54.0   59.2   59.1   0.00   0.00   0.00   0.00   0.00  44.1  27.1   0.3   107.286   531.734 12908.925   352.034230853.812     0.000   1001.5    464.6      6.9     34.6    512.2    274.6
   24 0.250  8800  1112  1112     0     0     0     0    9.0    9.0    9.0    9.0    9.0    9.0    9.0   0.00   0.00   0.00   0.00   0.00   2.8   0.9   0.0     5.746     5.128    87.459    19.021 13266.152     0.000     63.5     29.2      0.5      1.8     32.4     17.5
   25 0.250  8800  2556  1156     0     0   920   480    9.0   10.0   10.0    9.0    9.0   10.0    9.9   0.00   0.00   0.00   0.00   0.00   7.2   4.8   0.1    19.973   136.460  3363.370    67.799 41501.629     0.000    162.2     75.2      1.1      5.5     83.5     44.2
   26 0.500  6600  1064  1064     0     0     0     0   18.0   18.0   18.0   18.0   18.0   18.0   18.0   0.00   0.00   0.00   0.00   0.00   5.5   1.4   0.0    11.293     9.972   172.196    37.715 26079.537     0.000    124.4     57.3      1.1      3.6     63.5     34.4
   27 0.500  6600  2336  1084     0     0   836   416   18.0   37.2   35.4   18.0   18.0   38.8   38.8   0.00   0.00   0.00   0.00   0.00  26.1  22.2   1.2    44.741   208.274  5239.881   139.839 96261.195     0.000    592.1    273.8      4.3     19.3    306.3    161.1
   28 0.250  8800  1040  1040     0     0     0     0    9.0    8.9    8.9    9.0    9.0    9.0    9.0   0.00   0.00   0.00   0.00   0.00   2.6   0.8   0.0     5.406     4.829    82.332    17.904 12481.987     0.000     59.7     27.5      0.5      1.7     30.5     16.5
   29 0.250  8800  2240  1036     0     0   808   396    9.0   31.9   30.1    9.0    9.0   33.2   33.9   0.00   0.00   0.00   0.00   0.00  20.2  19.4   0.7    48.308   382.778 10004.356   172.876 97408.391     0.000    459.2    191.4      0.4      5.0    391.4     37.3
   30 1.500  6600   948   948     0     0     0     0   54.0   54.4   54.4   54.0   54.0   54.0   54.0   0.00   0.00   0.00   0.00   0.00  15.0   3.3   0.0    30.964    27.317   469.403   103.123 71500.922     0.000    341.5    157.2      3.0      9.9    174.2     94.5
   31 1.500  6600  1980   928     0     0   692   360   54.0   61.3   61.3   54.0   54.0   61.1   62.0   0.00   0.00   0.00   0.00   0.00  36.0  20.3   0.4   102.135   664.586 16429.164   356.140213337.766     0.000    817.4    384.6      3.4     38.6    396.0    228.9
   32 0.250  8800  1932   916     0     0   668   348    9.0    9.7    9.6    9.0    9.0    9.9    9.9   0.00   0.00   0.00   0.00   0.00   5.4   3.1   0.1    13.506    74.314  1826.992    44.936 28767.770     0.000    121.7     56.4      0.9      4.1     62.4     33.3
   33 0.500  6600  1868   904     0     0   636   328   18.0   19.3   19.3   18.0   18.0   19.3   19.1   0.00   0.00   0.00   0.00   0.00  10.3   5.5   0.1    24.236   101.196  2440.620    80.291 52883.684     0.000    233.1    107.9      1.7      7.8    119.1     64.0
   34 0.250  8800  1844   896     0     0   620   328    9.0    9.8    9.6    9.0    9.0    9.9    9.9   0.00   0.00   0.00   0.00   0.00   5.1   3.0   0.1    12.374    62.997  1537.535    40.991 26595.463     0.000    115.2     53.3      0.8      3.8     59.2     31.5
   35 1.500  6600  1684   824     0     0   568   292   54.0   57.3   57.1   54.0   54.0   57.4   57.6   0.00   0.00   0.00   0.00   0.00  28.0  14.1   0.1    59.564   145.674  3308.750   190.702133979.125     0.000    636.0    294.5      4.8     21.0    324.6    175.1
   50 0.200  2000     0     0     0     0     0     0    8.5    8.5    8.5    8.5    8.5    8.5    8.5   0.00   0.00   0.00   0.00   0.00   0.0   0.0   0.0     0.000     0.000     0.000     0.000     0.000     0.000      0.0      0.0      0.0      0.0      0.0      0.0
   51 0.070  2000     0     0     0     0     0     0    3.0    3.0    3.0    3.0    3.0    3.0    3.0   0.00   0.00   0.00   0.00   0.00   0.0   0.0   0.0     0.000     0.000     0.000     0.000     0.000     0.000      0.0      0.0      0.0      0.0      0.0      0.0
   52 0.200  2000     0     0     0     0     0     0    8.5    8.5    8.5    8.5    8.5    8.5    8.5   0.00   0.00   0.00   0.00   0.00   0.0   0.0   0.0     0.000     0.000     0.000     0.000     0.000     0.000      0.0      0.0      0.0      0.0      0.0      0.0
   53 0.070  2000     0     0     0     0     0     0    3.0    3.0    3.0    3.0    3.0    3.0    3.0   0.00   0.00   0.00   0.00   0.00   0.0   0.0   0.0     0.000     0.000     0.000     0.000     0.000     0.000      0.0      0.0      0.0      0.0      0.0      0.0
   54 0.200  2000     0     0     0     0     0     0    8.5    8.5    8.5    8.5    8.5    8.5    8.5   0.00   0.00   0.00   0.00   0.00   0.0   0.0   0.0     0.000     0.000     0.000     0.000     0.000     0.000      0.0      0.0      0.0      0.0      0.0      0.0
   55 0.200  2000     0     0     0     0     0     0    8.5    8.5    8.5    8.5    8.5    8.5    8.5   0.00   0.00   0.00   0.00   0.00   0.0   0.0   0.0     0.000     0.000     0.000     0.000     0.000     0.000      0.0      0.0      0.0      0.0      0.0      0.0
   56 0.070  2000     0     0     0     0     0     0    3.0    3.0    3.0    3.0    3.0    3.0    3.0   0.00   0.00   0.00   0.00   0.00   0.0   0.0   0.0     0.000     0.000     0.000     0.000     0.000     0.000      0.0      0.0      0.0      0.0      0.0      0.0
   57 0.070  2000     0     0     0     0     0     0    3.0    3.0    3.0    3.0    3.0    3.0    3.0   0.00   0.00   0.00   0.00   0.00   0.0   0.0   0.0     0.000     0.000     0.000     0.000     0.000     0.000      0.0      0.0      0.0      0.0      0.0      0.0
   58 0.200  2000     0     0     0     0     0     0    8.5    8.5    8.5    8.5    8.5    8.5    8.5   0.00   0.00   0.00   0.00   0.00   0.0   0.0   0.0     0.000     0.000     0.000     0.000     0.000     0.000      0.0      0.0      0.0      0.0      0.0      0.0
   59 0.200  2000     0     0     0     0     0     0    8.5    8.5    8.5    8.5    8.5    8.5    8.5   0.00   0.00   0.00   0.00   0.00   0.0   0.0   0.0     0.000     0.000     0.000     0.000     0.000     0.000      0.0      0.0      0.0      0.0      0.0      0.0
   60 0.070  2000     0     0     0     0     0     0    3.0    3.0    3.0    3.0    3.0    3.0    3.0   0.00   0.00   0.00   0.00   0.00   0.0   0.0   0.0     0.000     0.000     0.000     0.000     0.000     0.000      0.0      0.0      0.0      0.0      0.0      0.0
   61 0.070  2000     0     0     0     0     0     0    3.0    3.0    3.0    3.0    3.0    3.0    3.0   0.00   0.00   0.00   0.00   0.00   0.0   0.0   0.0     0.000     0.000     0.000     0.000     0.000     0.000      0.0      0.0      0.0      0.0      0.0      0.0
   62 0.200  2000     0     0     0     0     0     0    8.5    8.5    8.5    8.5    8.5    8.5    8.5   0.00   0.00   0.00   0.00   0.00   0.0   0.0   0.0     0.000     0.000     0.000     0.000     0.000     0.000      0.0      0.0      0.0      0.0      0.0      0.0
   63 0.200  2000     0     0     0     0     0     0    8.5    8.5    8.5    8.5    8.5    8.5    8.5   0.00   0.00   0.00   0.00   0.00   0.0   0.0   0.0     0.000     0.000     0.000     0.000     0.000     0.000      0.0      0.0      0.0      0.0      0.0      0.0
   64 0.070  2000     0     0     0     0     0     0    3.0    3.0    3.0    3.0    3.0    3.0    3.0   0.00   0.00   0.00   0.00   0.00   0.0   0.0   0.0     0.000     0.000     0.000     0.000     0.000     0.000      0.0      0.0      0.0      0.0      0.0      0.0
   65 0.070  2000     0     0     0     0     0     0    3.0    3.0    3.0    3.0    3.0    3.0    3.0   0.00   0.00   0.00   0.00   0.00   0.0   0.0   0.0     0.000     0.000     0.000     0.000     0.000     0.000      0.0      0.0      0.0      0.0      0.0      0.0
   66 0.200  2000     0     0     0     0     0     0    8.5    8.5    8.5    8.5    8.5    8.5    8.5   0.00   0.00   0.00   0.00   0.00   0.0   0.0   0.0     0.000     0.000     0.000     0.000     0.000     0.000      0.0      0.0      0.0      0.0      0.0      0.0
   67 0.200  2000     0     0     0     0     0     0    8.5    8.5    8.5    8.5    8.5    8.5    8.5   0.00   0.00   0.00   0.00   0.00   0.0   0.0   0.0     0.000     0.000     0.000     0.000     0.000     0.000      0.0      0.0      0.0      0.0      0.0      0.0
   68 0.070  2000     0     0     0     0     0     0    3.0    3.0    3.0    3.0    3.0    3.0    3.0   0.00   0.00   0.00   0.00   0.00   0.0   0.0   0.0     0.000     0.000     0.000     0.000     0.000     0.000      0.0      0.0      0.0      0.0      0.0      0.0
   69 0.070  2000     0     0     0     0     0     0    3.0    3.0    3.0    3.0    3.0    3.0    3.0   0.00   0.00   0.00   0.00   0.00   0.0   0.0   0.0     0.000     0.000     0.000     0.000     0.000     0.000      0.0      0.0      0.0      0.0      0.0      0.0
   70 0.200  2000     0     0     0     0     0     0    8.5    8.5    8.5    8.5    8.5    8.5    8.5   0.00   0.00   0.00   0.00   0.00   0.0   0.0   0.0     0.000     0.000     0.000     0.000     0.000     0.000      0.0      0.0      0.0      0.0      0.0      0.0
   71 0.070  2000     0     0     0     0     0     0    3.0    3.0    3.0    3.0    3.0    3.0    3.0   0.00   0.00   0.00   0.00   0.00   0.0   0.0   0.0     0.000     0.000     0.000     0.000     0.000     0.000      0.0      0.0      0.0      0.0      0.0      0.0
   72 0.200  2000     0     0     0     0     0     0    8.5    8.5    8.5    8.5    8.5    8.5    8.5   0.00   0.00   0.00   0.00   0.00   0.0   0.0   0.0     0.000     0.000     0.000     0.000     0.000     0.000      0.0      0.0      0.0      0.0      0.0      0.0
   73 0.070  2000     0     0     0     0     0     0    3.0    3.0    3.0    3.0    3.0    3.0    3.0   0.00   0.00   0.00   0.00   0.00   0.0   0.0   0.0     0.000     0.000     0.000     0.000     0.000     0.000      0.0      0.0      0.0      0.0      0.0      0.0
   74 1.500  4000   100     0   100     0     0     0   67.5   68.4   67.5   68.4   67.5   67.5   67.5   0.00   0.00   0.00   0.00   0.00   1.9   0.1   0.1     2.886     2.493    38.785     6.294  6681.312     0.000     55.5     26.3      0.3      2.7     27.0     15.7
   75 0.100  6000   100     0   100     0     0     0    4.5   20.8    4.5   20.8    4.5    4.5    4.5   0.00   0.00   0.00   0.00   0.00   0.6   0.4   0.4     0.339     0.337     3.151     0.437   785.975     0.000     16.9      7.2      0.0      0.3     12.8      2.2
   76 0.100  4000   100     0   100     0     0     0    4.5    5.9    4.5    5.9    4.5    4.5    4.5   0.00   0.00   0.00   0.00   0.00   0.2   0.1   0.0     0.906    11.149   294.146     3.444  1691.758     0.000      4.8      2.2      0.0      0.2      2.8      1.1
   77 0.900  4000   100     0   100     0     0     0   40.5   40.9   40.5   40.9   40.5   40.5   40.5   0.00   0.00   0.00   0.00   0.00   1.1   0.2   0.0     1.945     3.994    88.454     4.730  4427.960     0.000     33.5     15.9      0.2      1.7     15.9      9.6
   78 0.900  4000   128     0   128     0     0     0   40.5   43.0   40.5   43.0   40.5   40.5   40.5   0.00   0.00   0.00   0.00   0.00   1.6   0.2   0.2     3.027    13.219   332.481     8.226  6595.399     0.000     46.6     22.0      0.2      2.3     22.5     13.1
   79 1.500  4000   480   232   116   132     0     0   67.5   69.8   69.7   70.3   69.4   67.5   67.5   0.00   0.00   0.00   0.00   0.00   9.5   1.4   0.2    14.357    13.183   223.638    31.609 33211.031     0.000    277.9    132.1      1.3     14.0    131.8     79.8
   80 0.100  6000   128     0   128     0     0     0    4.5   13.3    4.5   13.3    4.5    4.5    4.5   0.00   0.00   0.00   0.00   0.00   0.5   0.3   0.4     0.375     0.878    19.692     0.725   847.012     0.000     13.8      6.2      0.0      0.5      8.1      3.1
   81 0.100  6000   448   220   104   124     0     0    4.5   20.7   23.7   22.3   13.9    4.5    4.5   0.00   0.00   0.00   0.00   0.00   2.7   2.2   0.5     1.702     2.259    33.212     2.491  3917.239     0.000     80.0     35.8      0.2      2.7     48.7     16.8
   82 0.100  4000   444   228   216     0     0     0    4.5    5.8    5.6    5.9    4.5    4.5    4.5   0.00   0.00   0.00   0.00   0.00   0.7   0.4   0.0     3.401    34.961   938.279    13.350  6541.664     0.000     21.1      9.8      0.1      0.9     11.1      5.4
   83 0.100  4000   400   220   124    56     0     0    4.5    6.0    6.3    5.7    5.6    4.5    4.5   0.00   0.00   0.00   0.00   0.00   0.7   0.3   0.0     3.994    51.216  1355.997    15.267  7386.245     0.000     19.6      8.9      0.0      0.7     11.5      4.4
   84 0.900  4000   428   220   208     0     0     0   40.5   42.9   42.4   43.4   40.5   40.5   40.5   0.00   0.00   0.00   0.00   0.00   5.3   1.6   0.1     8.663    16.052   358.893    20.925 19762.197     0.000    153.6     73.3      0.7      8.1     70.6     45.0
   85 0.900  4000   376   216   116    44     0     0   40.5   41.5   41.6   41.5   41.4   40.5   40.5   0.00   0.00   0.00   0.00   0.00   4.5   1.1   0.0     7.439    11.690   253.345    17.773 17043.752     0.000    131.6     62.7      0.6      6.8     61.7     38.1
   86 0.900  4000   384   208   128    48     0     0   40.5   43.0   42.8   42.3   45.5   40.5   40.5   0.00   0.00   0.00   0.00   0.00   4.7   1.5   0.2     7.809    20.456   490.397    18.849 17545.156     0.000    137.8     65.2      0.6      6.8     66.4     38.8
   87 0.900  4000   352   192   116    44     0     0   40.5   41.9   41.9   41.7   42.1   40.5   40.5   0.00   0.00   0.00   0.00   0.00   4.2   1.1   0.1     6.194     5.422    86.122    13.292 14345.496     0.000    122.7     58.3      0.6      6.1     58.5     35.1
   88 0.100  6000   356   188   120    48     0     0    4.5   20.2   21.1   21.4   13.8    4.5    4.5   0.00   0.00   0.00   0.00   0.00   2.2   1.9   0.6     1.429     1.926    29.419     2.280  3283.776     0.000     65.4     28.9      0.1      2.0     43.0     12.0
   89 0.100  6000   348   192   112    44     0     0    4.5   14.4   16.1   11.1   15.0    4.5    4.5   0.00   0.00   0.00   0.00   0.00   1.4   1.1   0.4     1.136     2.807    61.035     2.306  2562.042     0.000     40.7     18.4      0.1      1.4     23.6      9.2
   90 0.100  4000   364   188    76   100     0     0    4.5    6.3    6.5    6.3    5.8    4.5    4.5   0.00   0.00   0.00   0.00   0.00   0.6   0.3   0.0     3.718    46.298  1229.050    14.393  6908.893     0.000     18.6      8.3      0.0      0.6     11.3      4.0
   91 0.100  4000   192   192     0     0     0     0    4.5    6.0    6.0    4.5    4.5    4.5    4.5   0.00   0.00   0.00   0.00   0.00   0.3   0.2   0.0     1.665    18.573   499.038     6.526  3156.692     0.000      9.4      4.2      0.0      0.3      5.6      2.0
   92 1.500  4000   332   188    60    84     0     0   67.5   69.2   69.6   69.0   68.6   67.5   67.5   0.00   0.00   0.00   0.00   0.00   6.7   1.4   0.0    10.764    15.316   321.895    24.828 24712.506     0.000    194.8     92.8      0.9     10.1     90.9     56.5
   93 0.900  4000   172   172     0     0     0     0   40.5   41.6   41.6   40.5   40.5   40.5   40.5   0.00   0.00   0.00   0.00   0.00   2.1   0.6   0.0     3.522     5.072   106.314     8.457  8091.435     0.000     62.4     29.8      0.3      3.3     29.0     18.2
   94 0.900  4000   172   172     0     0     0     0   40.5   41.8   41.8   40.5   40.5   40.5   40.5   0.00   0.00   0.00   0.00   0.00   2.0   0.6   0.1     2.955     2.509    38.734     6.310  6847.818     0.000     58.5     27.8      0.3      3.0     27.6     16.8
   95 0.100  6000   168   168     0     0     0     0    4.5   22.1   22.1    4.5    4.5    4.5    4.5   0.00   0.00   0.00   0.00   0.00   1.0   0.9   0.4     0.620     0.599     5.728     0.847  1434.551     0.000     30.3     12.8      0.0      0.5     24.1      3.4
   96 0.100  4000   168   168     0     0     0     0    4.5    5.8    5.8    4.5    4.5    4.5    4.5   0.00   0.00   0.00   0.00   0.00   0.3   0.1   0.0     1.295    14.363   384.799     4.887  2464.558     0.000      8.0      3.6      0.0      0.2      5.0      1.6
   97 1.500  4000   140   140     0     0     0     0   67.5   69.1   69.1   67.5   67.5   67.5   67.5   0.00   0.00   0.00   0.00   0.00   3.1   0.8   0.0     4.947     6.498   129.121    11.267 11384.129     0.000     90.5     43.0      0.4      4.5     42.9     26.0
   98 1.500  4000    72     0    72     0     0     0   67.5   68.6   67.5   68.6   67.5   67.5   67.5   0.00   0.00   0.00   0.00   0.00   1.4   0.1   0.2     2.178     1.913    29.544     4.716  5039.710     0.000     42.4     20.1      0.2      2.0     20.6     12.0
   99 0.100  6000    72     0    72     0     0     0    4.5   22.1    4.5   22.1    4.5    4.5    4.5   0.00   0.00   0.00   0.00   0.00   0.4   0.3   0.5     0.249     0.477     8.785     0.300   569.114     0.000     12.8      5.4      0.0      0.2     10.2      1.4
  100 0.100  4000    72     0    72     0     0     0    4.5    6.4    4.5    6.4    4.5    4.5    4.5   0.00   0.00   0.00   0.00   0.00   0.1   0.0   0.0     0.734     8.844   238.804     2.849  1376.447     0.000      3.8      1.7      0.0      0.2      2.1      0.9
  101 0.900  4000    72     0    72     0     0     0   40.5   43.2   40.5   43.2   40.5   40.5   40.5   0.00   0.00   0.00   0.00   0.00   0.9   0.0   0.3     1.510     5.139   126.254     3.902  3359.348     0.000     25.3     12.1      0.1      1.4     11.4      7.5
  102 0.900  4000     0     0     0     0     0     0   40.5   40.5   40.5   40.5   40.5   40.5   40.5   0.00   0.00   0.00   0.00   0.00   0.0   0.0   0.0     0.000     0.000     0.000     0.000     0.000     0.000      0.0      0.0      0.0      0.0      0.0      0.0
  103 1.500  4000    88     0    88     0     0     0   67.5   68.3   67.5   68.3   67.5   67.5   67.5   0.00   0.00   0.00   0.00   0.00   1.7   0.0   0.2     2.551     2.343    38.478     5.601  5899.578     0.000     48.9     23.1      0.2      2.3     23.8     13.8
  104 0.100  6000     0     0     0     0     0     0    4.5    4.5    4.5    4.5    4.5    4.5    4.5   0.00   0.00   0.00   0.00   0.00   0.0   0.0   0.0     0.000     0.000     0.000     0.000     0.000     0.000      0.0      0.0      0.0      0.0      0.0      0.0
  105 0.100  6000    88     0    88     0     0     0    4.5   14.2    4.5   14.2    4.5    4.5    4.5   0.00   0.00   0.00   0.00   0.00   0.4   0.2   0.4     0.255     0.294     4.184     0.434   586.901     0.000     10.2      4.5      0.0      0.3      6.9      1.8
  106 0.100  4000    88     0    88     0     0     0    4.5    5.1    4.5    5.1    4.5    4.5    4.5   0.00   0.00   0.00   0.00   0.00   0.1   0.0   0.0     0.607     7.083   181.498     2.272  1153.276     0.000      3.8      1.8      0.0      0.2      1.9      1.0
  107 0.100  4000    88     0    88     0     0     0    4.5    5.7    4.5    5.7    4.5    4.5    4.5   0.00   0.00   0.00   0.00   0.00   0.1   0.1   0.0     0.828    10.612   276.798     3.156  1536.513     0.000      4.1      1.9      0.0      0.2      2.1      1.1
  108 0.900  4000    88     0    88     0     0     0   40.5   40.9   40.5   40.9   40.5   40.5   40.5   0.00   0.00   0.00   0.00   0.00   1.0   0.0   0.0     1.655     2.180    47.532     4.045  3798.296     0.000     29.3     13.9      0.1      1.4     14.0      8.4
  109 0.900  4000    88     0    88     0     0     0   40.5   43.3   40.5   43.3   40.5   40.5   40.5   0.00   0.00   0.00   0.00   0.00   1.1   0.1   0.5     1.792     5.481   132.336     4.501  4005.933     0.000     31.1     14.8      0.1      1.6     14.7      9.0
  110 0.900  4000    84     0    84     0     0     0   40.5   41.6   40.5   41.6   40.5   40.5   40.5   0.00   0.00   0.00   0.00   0.00   1.0   0.1   0.2     1.464     1.345    21.639     3.194  3385.373     0.000     28.9     13.7      0.1      1.4     13.9      8.2
  111 0.900  4000     0     0     0     0     0     0   40.5   40.5   40.5   40.5   40.5   40.5   40.5   0.00   0.00   0.00   0.00   0.00   0.0   0.0   0.0     0.000     0.000     0.000     0.000     0.000     0.000      0.0      0.0      0.0      0.0      0.0      0.0
  112 0.100  6000    84     0    84     0     0     0    4.5    5.5    4.5    5.5    4.5    4.5    4.5   0.00   0.00   0.00   0.00   0.00   0.1   0.0   0.1     0.424     4.588   119.683     1.468   829.117     0.000      3.8      1.8      0.0      0.2      1.7      1.2
  113 0.100  6000     0     0     0     0     0     0    4.5    4.5    4.5    4.5    4.5    4.5    4.5   0.00   0.00   0.00   0.00   0.00   0.0   0.0   0.0     0.000     0.000     0.000     0.000     0.000     0.000      0.0      0.0      0.0      0.0      0.0      0.0
  114 0.100  4000    84     0    84     0     0     0    4.5    4.5    4.5    4.5    4.5    4.5    4.5   0.00   0.00   0.00   0.00   0.00   0.1   0.0   0.0     0.366     4.045    91.001     1.203   720.036     0.000      3.1      1.5      0.0      0.2      1.5      0.9
  115 0.100  4000   116     0   116     0     0     0    4.5    5.3    4.5    5.3    4.5    4.5    4.5   0.00   0.00   0.00   0.00   0.00   0.2   0.0   0.0     0.801     9.405   243.252     2.939  1521.919     0.000      5.0      2.3      0.0      0.2      2.6      1.3
  116 1.500  4000    80     0    80     0     0     0   67.5   67.8   67.5   67.8   67.5   67.5   67.5   0.00   0.00   0.00   0.00   0.00   1.5   0.0   0.0     2.400     2.012    31.707     5.290  5558.700     0.000     44.9     21.3      0.2      2.2     21.7     12.7
  117 0.900  4000   116     0   116     0     0     0   40.5   40.6   40.5   40.6   40.5   40.5   40.5   0.00   0.00   0.00   0.00   0.00   1.3   0.1   0.0     2.206     4.378    96.546     5.250  5025.223     0.000     38.4     18.2      0.2      1.9     18.6     10.9
  118 0.900  4000   108     0   108     0     0     0   40.5   41.3   40.5   41.3   40.5   40.5   40.5   0.00   0.00   0.00   0.00   0.00   1.3   0.1   0.1     1.924     1.944    34.133     4.214  4441.253     0.000     37.3     17.7      0.2      1.8     18.0     10.6
  119 0.100  6000    92     0    92     0     0     0    4.5   17.2    4.5   17.2    4.5    4.5    4.5   0.00   0.00   0.00   0.00   0.00   0.6   0.4   0.5     0.338     0.346     3.552     0.477   783.025     0.000     16.2      7.0      0.0      0.4     11.9      2.4
  120 0.100  4000    92     0    92     0     0     0    4.5    5.8    4.5    5.8    4.5    4.5    4.5   0.00   0.00   0.00   0.00   0.00   0.1   0.1   0.0     0.807     9.660   256.034     3.068  1514.835     0.000      4.4      2.0      0.0      0.2      2.5      1.0
  121 1.500  4000    88     0    88     0     0     0   67.5   67.9   67.5   67.9   67.5   67.5   67.5   0.00   0.00   0.00   0.00   0.00   1.7   0.5   0.0     2.851     4.643    96.433     6.647  6528.963     0.000     50.7     24.1      0.2      2.5     24.5     14.4
  122 0.900  4000   316   220    96     0     0     0   40.5   42.0   42.1   41.9   40.5   40.5   40.5   0.00   0.00   0.00   0.00   0.00   3.8   0.6   0.2     5.602     5.199    85.868    12.401 12958.634     0.000    110.9     52.6      0.5      5.5     53.0     31.7
  123 0.900  4000   420   196   124   100     0     0   40.5   41.8   41.9   41.8   41.6   40.5   40.5   0.00   0.00   0.00   0.00   0.00   5.0   0.6   0.2     7.358     6.606   106.077    16.046 17029.598     0.000    145.4     68.9      0.7      7.1     69.8     41.4
  124 0.100  4000   312   216    96     0     0     0    4.5   13.7   13.7   13.8    4.5    4.5    4.5   0.00   0.00   0.00   0.00   0.00   1.2   0.8   0.4     1.016     2.862    66.990     2.132  2276.779     0.000     35.0     15.8      0.1      1.2     20.7      7.7
  125 0.100  4000   416   192   124   100     0     0    4.5   15.4   18.2   15.5    9.9    4.5    4.5   0.00   0.00   0.00   0.00   0.00   1.8   1.3   0.4     1.354     2.343    46.333     2.594  3082.416     0.000     52.0     23.6      0.1      1.9     29.6     12.0
  126 0.100  4000   296   208    88     0     0     0    4.5    5.7    5.6    5.8    4.5    4.5    4.5   0.00   0.00   0.00   0.00   0.00   0.5   0.2   0.0     2.555    30.729   803.997     9.805  4790.029     0.000     13.7      6.4      0.0      0.6      7.0      3.6
  127 0.100  4000   436   192   120   124     0     0    4.5    6.0    5.7    6.7    5.7    4.5    4.5   0.00   0.00   0.00   0.00   0.00   0.7   0.3   0.0     4.068    47.229  1275.650    15.994  7653.833     0.000     21.5      9.9      0.1      0.8     11.6      5.4
  128 0.400  4000   296   208    88     0     0     0   18.0   18.4   18.6   18.0   18.0   18.0   18.0   0.00   0.00   0.00   0.00   0.00   1.5   0.4   0.0     2.755     6.942   165.392     7.238  6219.504     0.000     44.4     21.2      0.2      2.3     20.7     12.9
  129 0.400  4000   436   192   120   124     0     0   18.0   19.1   18.5   19.8   19.4   18.0   18.0   0.00   0.00   0.00   0.00   0.00   2.3   0.3   0.1     4.277    15.887   392.858    11.714  9453.928     0.000     68.0     32.5      0.3      3.6     30.9     20.1
  130 0.300  4000   296   208    88     0     0     0   13.5   13.7   13.8   13.5   13.5   13.5   13.5   0.00   0.00   0.00   0.00   0.00   1.1   0.3   0.0     1.761     1.473    23.400     3.861  4082.217     0.000     33.3     15.8      0.2      1.7     15.8      9.6
  131 0.300  4000   192   192     0     0     0     0   13.5   13.7   13.7   13.5   13.5   13.5   13.5   0.00   0.00   0.00   0.00   0.00   0.7   0.2   0.0     1.140     0.956    15.098     2.460  2642.296     0.000     21.8     10.3      0.1      1.1     10.3      6.3
  132 0.100  4000   292   204    88     0     0     0    4.5    4.5    4.5    4.5    4.5    4.5    4.5   0.00   0.00   0.00   0.00   0.00   0.4   0.2   0.0     0.568     0.466     7.534     1.295  1317.162     0.000     10.6      5.0      0.0      0.5      5.1      3.0
  133 0.100  4000   192   192     0     0     0     0    4.5    4.5    4.5    4.5    4.5    4.5    4.5   0.00   0.00   0.00   0.00   0.00   0.2   0.1   0.0     0.362     0.300     4.939     0.846   839.247     0.000      6.7      3.2      0.0      0.3      3.2      1.9
  134 0.200  4000   288   200    88     0     0     0    9.0    9.1    9.1    9.0    9.0    9.0    9.0   0.00   0.00   0.00   0.00   0.00   0.7   0.2   0.0     1.132     0.957    15.188     2.479  2623.564     0.000     21.5     10.2      0.1      1.1     10.2      6.1
  135 0.200  4000   192   192     0     0     0     0    9.0    9.1    9.1    9.0    9.0    9.0    9.0   0.00   0.00   0.00   0.00   0.00   0.5   0.1   0.0     0.754     0.634    10.019     1.634  1746.768     0.000     14.4      6.8      0.1      0.7      6.8      4.1
  136 0.100  4000   280   192    88     0     0     0    4.5    4.5    4.5    4.4    4.5    4.5    4.5   0.00   0.00   0.00   0.00   0.00   0.4   0.1   0.0     0.568     0.467     7.597     1.307  1317.003     0.000     10.6      5.0      0.0      0.5      5.1      3.0
  137 0.100  4000   192   192     0     0     0     0    4.5    4.5    4.5    4.5    4.5    4.5    4.5   0.00   0.00   0.00   0.00   0.00   0.2   0.1   0.0     0.388     0.321     5.298     0.912   900.741     0.000      7.1      3.4      0.0      0.4      3.4      2.0
  138 0.300  4000   268   180    88     0     0     0   13.5   13.6   13.7   13.5   13.5   13.5   13.5   0.00   0.00   0.00   0.00   0.00   1.0   0.3   0.0     1.595     1.321    20.741     3.448  3695.667     0.000     30.4     14.4      0.1      1.5     14.5      8.7
  139 0.300  4000   192   192     0     0     0     0   13.5   13.6   13.6   13.5   13.5   13.5   13.5   0.00   0.00   0.00   0.00   0.00   0.7   0.2   0.0     1.114     0.913    14.364     2.418  2581.385     0.000     21.1     10.0      0.1      1.1     10.1      6.0
  140 0.400  4000   320   180    84    56     0     0   18.0   19.6   19.2   19.1   21.5   18.0   18.0   0.00   0.00   0.00   0.00   0.00   1.8   0.4   0.2     3.211    15.964   397.935     8.645  6926.175     0.000     51.5     24.3      0.2      2.5     25.3     14.3
  141 0.400  4000   192   192     0     0     0     0   18.0   19.0   19.0   18.0   18.0   18.0   18.0   0.00   0.00   0.00   0.00   0.00   1.0   0.3   0.2     1.387     1.305    19.495     2.864  3211.082     0.000     29.9     14.2      0.1      1.5     14.2      8.6
  142 0.100  4000   312   180    76    56     0     0    4.5   16.3   16.1   18.5   13.8    4.5    4.5   0.00   0.00   0.00   0.00   0.00   1.4   1.1   0.4     1.043     1.540    27.410     1.906  2386.010     0.000     41.4     18.7      0.1      1.5     23.5      9.6
  143 0.100  4000   188   188     0     0     0     0    4.5   17.2   17.2    4.5    4.5    4.5    4.5   0.00   0.00   0.00   0.00   0.00   0.9   0.7   0.4     0.673     1.509    32.579     1.298  1521.021     0.000     26.1     11.7      0.1      0.9     15.5      5.7
  144 0.100  4000   332   180   104    48     0     0    4.5    5.8    5.7    6.1    5.6    4.5    4.5   0.00   0.00   0.00   0.00   0.00   0.5   0.3   0.0     3.002    33.796   901.487    11.926  5671.490     0.000     15.9      7.3      0.0      0.7      8.2      4.2
  145 0.100  4000   172   172     0     0     0     0    4.5    5.9    5.9    4.5    4.5    4.5    4.5   0.00   0.00   0.00   0.00   0.00   0.3   0.2   0.0     1.480    14.139   376.250     6.151  2869.809     0.000      8.6      4.0      0.0      0.4      4.4      2.3
  146 0.900  4000   300   156   100    44     0     0   40.5   41.7   42.1   41.4   40.9   40.5   40.5   0.00   0.00   0.00   0.00   0.00   3.7   0.9   0.0     6.226    10.255   225.119    14.979 14251.348     0.000    109.1     52.1      0.5      5.8     50.3     32.0
  147 0.900  4000   172   172     0     0     0     0   40.5   42.1   42.1   40.5   40.5   40.5   40.5   0.00   0.00   0.00   0.00   0.00   2.0   0.7   0.0     3.374     5.648   121.304     8.149  7723.479     0.000     59.0     28.2      0.3      3.2     26.9     17.4
  148 0.900  4000   300     0   300     0     0     0   40.5   41.7   40.5   41.7   40.5   40.5   40.5   0.00   0.00   0.00   0.00   0.00   3.5   0.3   0.2     5.237     4.858    79.426    11.534 12114.941     0.000    103.2     48.9      0.5      5.0     49.9     29.2
  149 0.900  4000   372   232   140     0     0     0   40.5   41.9   41.9   41.9   40.5   40.5   40.5   0.00   0.00   0.00   0.00   0.00   4.5   0.7   0.2     6.607     6.046    99.669    14.611 15286.676     0.000    130.0     61.8      0.6      6.5     62.0     37.2
  150 0.100  4000   296     0   296     0     0     0    4.5   10.2    4.5   10.2    4.5    4.5    4.5   0.00   0.00   0.00   0.00   0.00   0.8   0.5   0.3     1.007     5.689   139.360     2.600  2158.608     0.000     24.5     11.4      0.1      1.1     12.4      6.5
  151 0.100  4000   372   232   140     0     0     0    4.5   12.7   11.7   14.4    4.5    4.5    4.5   0.00   0.00   0.00   0.00   0.00   1.3   0.9   0.3     1.088     2.279    47.294     2.158  2468.774     0.000     38.3     17.3      0.1      1.4     22.5      8.5
  152 0.100  4000    88     0    88     0     0     0    4.5    5.9    4.5    5.9    4.5    4.5    4.5   0.00   0.00   0.00   0.00   0.00   0.1   0.1   0.0     0.753     8.665   228.703     2.905  1422.838     0.000      4.3      2.0      0.0      0.2      2.3      1.1
  153 0.100  4000     0     0     0     0     0     0    4.5    4.5    4.5    4.5    4.5    4.5    4.5   0.00   0.00   0.00   0.00   0.00   0.0   0.0   0.0     0.000     0.000     0.000     0.000     0.000     0.000      0.0      0.0      0.0      0.0      0.0      0.0
  154 0.400  4000    88     0    88     0     0     0   18.0   18.3   18.0   18.3   18.0   18.0   18.0   0.00   0.00   0.00   0.00   0.00   0.4   0.1   0.0     0.857     3.138    72.964     2.287  1900.097     0.000     13.1      6.2      0.1      0.7      6.2      3.8
  155 0.400  4000     0     0     0     0     0     0   18.0   18.0   18.0   18.0   18.0   18.0   18.0   0.00   0.00   0.00   0.00   0.00   0.0   0.0   0.0     0.000     0.000     0.000     0.000     0.000     0.000      0.0      0.0      0.0      0.0      0.0      0.0
  156 0.300  4000    88     0    88     0     0     0   13.5   13.7   13.5   13.7   13.5   13.5   13.5   0.00   0.00   0.00   0.00   0.00   0.3   0.1   0.0     0.515     0.435     6.857     1.109  1191.784     0.000      9.8      4.7      0.0      0.5      4.7      2.8
  157 0.300  4000     0     0     0     0     0     0   13.5   13.5   13.5   13.5   13.5   13.5   13.5   0.00   0.00   0.00   0.00   0.00   0.0   0.0   0.0     0.000     0.000     0.000     0.000     0.000     0.000      0.0      0.0      0.0      0.0      0.0      0.0
  158 0.100  4000    88     0    88     0     0     0    4.5    4.5    4.5    4.5    4.5    4.5    4.5   0.00   0.00   0.00   0.00   0.00   0.1   0.0   0.0     0.173     0.143     2.358     0.407   402.112     0.000      3.2      1.5      0.0      0.2      1.5      0.9
  159 0.100  4000     0     0     0     0     0     0    4.5    4.5    4.5    4.5    4.5    4.5    4.5   0.00   0.00   0.00   0.00   0.00   0.0   0.0   0.0     0.000     0.000     0.000     0.000     0.000     0.000      0.0      0.0      0.0      0.0      0.0      0.0
  160 0.200  4000    84     0    84     0     0     0    9.0    9.1    9.0    9.1    9.0    9.0    9.0   0.00   0.00   0.00   0.00   0.00   0.2   0.1   0.0     0.332     0.282     4.497     0.729   769.040     0.000      6.3      3.0      0.0      0.3      3.0      1.8
  161 0.200  4000     0     0     0     0     0     0    9.0    9.0    9.0    9.0    9.0    9.0    9.0   0.00   0.00   0.00   0.00   0.00   0.0   0.0   0.0     0.000     0.000     0.000     0.000     0.000     0.000      0.0      0.0      0.0      0.0      0.0      0.0
  162 0.100  4000    84     0    84     0     0     0    4.5    4.8    4.5    4.8    4.5    4.5    4.5   0.00   0.00   0.00   0.00   0.00   0.1   0.0   0.1     0.173     0.265     6.224     0.463   392.156     0.000      3.3      1.6      0.0      0.2      1.6      1.0
  163 0.100  4000     0     0     0     0     0     0    4.5    4.5    4.5    4.5    4.5    4.5    4.5   0.00   0.00   0.00   0.00   0.00   0.0   0.0   0.0     0.000     0.000     0.000     0.000     0.000     0.000      0.0      0.0      0.0      0.0      0.0      0.0
  164 0.300  4000    84     0    84     0     0     0   13.5   14.8   13.5   14.8   13.5   13.5   13.5   0.00   0.00   0.00   0.00   0.00   0.3   0.0   0.2     0.611     2.796    69.769     1.720  1325.597     0.000     10.2      4.9      0.0      0.5      4.6      3.0
  165 0.300  4000     0     0     0     0     0     0   13.5   13.5   13.5   13.5   13.5   13.5   13.5   0.00   0.00   0.00   0.00   0.00   0.0   0.0   0.0     0.000     0.000     0.000     0.000     0.000     0.000      0.0      0.0      0.0      0.0      0.0      0.0
  166 0.400  4000     0     0     0     0     0     0   18.0   18.0   18.0   18.0   18.0   18.0   18.0   0.00   0.00   0.00   0.00   0.00   0.0   0.0   0.0     0.000     0.000     0.000     0.000     0.000     0.000      0.0      0.0      0.0      0.0      0.0      0.0
  167 0.400  4000     0     0     0     0     0     0   18.0   18.0   18.0   18.0   18.0   18.0   18.0   0.00   0.00   0.00   0.00   0.00   0.0   0.0   0.0     0.000     0.000     0.000     0.000     0.000     0.000      0.0      0.0      0.0      0.0      0.0      0.0
  168 0.100  4000     0     0     0     0     0     0    4.5    4.5    4.5    4.5    4.5    4.5    4.5   0.00   0.00   0.00   0.00   0.00   0.0   0.0   0.0     0.000     0.000     0.000     0.000     0.000     0.000      0.0      0.0      0.0      0.0      0.0      0.0
  169 0.100  4000     0     0     0     0     0     0    4.5    4.5    4.5    4.5    4.5    4.5    4.5   0.00   0.00   0.00   0.00   0.00   0.0   0.0   0.0     0.000     0.000     0.000     0.000     0.000     0.000      0.0      0.0      0.0      0.0      0.0      0.0
  170 0.100  4000   196     0   152    44     0     0    4.5    5.8    4.5    5.7    6.1    4.5    4.5   0.00   0.00   0.00   0.00   0.00   0.3   0.2   0.0     1.638    19.743   513.351     6.271  3076.300     0.000      9.2      4.2      0.0      0.3      5.0      2.3
  171 0.100  4000     0     0     0     0     0     0    4.5    4.5    4.5    4.5    4.5    4.5    4.5   0.00   0.00   0.00   0.00   0.00   0.0   0.0   0.0     0.000     0.000     0.000     0.000     0.000     0.000      0.0      0.0      0.0      0.0      0.0      0.0
  172 0.900  4000   176     0   136    40     0     0   40.5   41.4   40.5   41.5   41.0   40.5   40.5   0.00   0.00   0.00   0.00   0.00   2.1   0.4   0.0     3.630     7.928   174.771     8.698  8237.207     0.000     62.6     29.8      0.3      3.2     29.5     18.1
  173 0.900  4000     0     0     0     0     0     0   40.5   40.5   40.5   40.5   40.5   40.5   40.5   0.00   0.00   0.00   0.00   0.00   0.0   0.0   0.0     0.000     0.000     0.000     0.000     0.000     0.000      0.0      0.0      0.0      0.0      0.0      0.0
  174 0.900  4000   132     0   132     0     0     0   40.5   41.4   40.5   41.4   40.5   40.5   40.5   0.00   0.00   0.00   0.00   0.00   1.5   0.1   0.2     2.270     2.347    40.013     4.963  5240.214     0.000     44.3     21.0      0.2      2.1     21.4     12.5
  175 0.900  4000     0     0     0     0     0     0   40.5   40.5   40.5   40.5   40.5   40.5   40.5   0.00   0.00   0.00   0.00   0.00   0.0   0.0   0.0     0.000     0.000     0.000     0.000     0.000     0.000      0.0      0.0      0.0      0.0      0.0      0.0
  176 0.100  4000   132     0   132     0     0     0    4.5   15.0    4.5   15.0    4.5    4.5    4.5   0.00   0.00   0.00   0.00   0.00   0.6   0.4   0.4     0.424     1.311    27.634     0.754   950.034     0.000     16.1      7.1      0.0      0.4     10.7      2.9
  177 0.100  4000     0     0     0     0     0     0    4.5    4.5    4.5    4.5    4.5    4.5    4.5   0.00   0.00   0.00   0.00   0.00   0.0   0.0   0.0     0.000     0.000     0.000     0.000     0.000     0.000      0.0      0.0      0.0      0.0      0.0      0.0
  178 0.100  4000   132     0   132     0     0     0    4.5    5.6    4.5    5.6    4.5    4.5    4.5   0.00   0.00   0.00   0.00   0.00   0.2   0.1   0.0     1.103    12.827   337.898     4.261  2076.881     0.000      5.9      2.7      0.0      0.2      3.1      1.6
  179 0.100  4000     0     0     0     0     0     0    4.5    4.5    4.5    4.5    4.5    4.5    4.5   0.00   0.00   0.00   0.00   0.00   0.0   0.0   0.0     0.000     0.000     0.000     0.000     0.000     0.000      0.0      0.0      0.0      0.0      0.0      0.0
  180 0.400  4000   132     0   132     0     0     0   18.0   18.2   18.0   18.2   18.0   18.0   18.0   0.00   0.00   0.00   0.00   0.00   0.7   0.2   0.0     1.224     3.158    72.768     3.218  2762.540     0.000     19.7      9.4      0.1      1.0      9.4      5.7
  181 0.400  4000     0     0     0     0     0     0   18.0   18.0   18.0   18.0   18.0   18.0   18.0   0.00   0.00   0.00   0.00   0.00   0.0   0.0   0.0     0.000     0.000     0.000     0.000     0.000     0.000      0.0      0.0      0.0      0.0      0.0      0.0
  182 0.300  4000   176     0   176     0     0     0   13.5   14.2   13.5   14.2   13.5   13.5   13.5   0.00   0.00   0.00   0.00   0.00   0.7   0.2   0.0     1.742    11.909   306.799     5.271  3632.742     0.000     20.5      9.6      0.1      1.0     10.1      5.7
  183 0.300  4000    44     0    44     0     0     0   13.5   16.0   13.5   16.0   13.5   13.5   13.5   0.00   0.00   0.00   0.00   0.00   0.2   0.0   0.0     0.955    11.246   295.763     3.534  1810.123     0.000      5.7      2.7      0.0      0.3      2.9      1.5
  184 0.100  4000   172     0   172     0     0     0    4.5    4.5    4.5    4.5    4.5    4.5    4.5   0.00   0.00   0.00   0.00   0.00   0.2   0.1   0.0     0.333     0.274     4.489     0.780   772.049     0.000      6.1      2.9      0.0      0.3      2.9      1.7
  185 0.100  4000    44     0    44     0     0     0    4.5    4.5    4.5    4.5    4.5    4.5    4.5   0.00   0.00   0.00   0.00   0.00   0.1   0.0   0.0     0.101     0.086     1.505     0.263   234.725     0.000      1.8      0.8      0.0      0.1      0.8      0.5
  186 0.200  4000   168     0   168     0     0     0    9.0    9.0    9.0    9.0    9.0    9.0    9.0   0.00   0.00   0.00   0.00   0.00   0.4   0.1   0.0     0.672     0.569     8.950     1.466  1556.485     0.000     12.7      6.0      0.1      0.6      6.1      3.6
  187 0.200  4000    44     0    44     0     0     0    9.0    9.0    9.0    9.0    9.0    9.0    9.0   0.00   0.00   0.00   0.00   0.00   0.1   0.0   0.0     0.165     0.147     2.268     0.343   381.273     0.000      3.2      1.5      0.0      0.2      1.6      0.9
  188 0.100  4000   168     0   168     0     0     0    4.5    4.5    4.5    4.5    4.5    4.5    4.5   0.00   0.00   0.00   0.00   0.00   0.2   0.1   0.0     0.335     0.279     4.560     0.794   778.420     0.000      6.2      2.9      0.0      0.3      3.0      1.8
  189 0.100  4000    44     0    44     0     0     0    4.5    4.5    4.5    4.5    4.5    4.5    4.5   0.00   0.00   0.00   0.00   0.00   0.1   0.0   0.0     0.090     0.074     1.371     0.255   208.492     0.000      1.5      0.7      0.0      0.1      0.7      0.4
  190 0.300  4000   168     0   168     0     0     0   13.5   13.7   13.5   13.7   13.5   13.5   13.5   0.00   0.00   0.00   0.00   0.00   0.6   0.1   0.0     0.971     0.916    16.033     2.185  2244.582     0.000     18.6      8.8      0.1      0.9      9.0      5.3
  191 0.300  4000    44     0    44     0     0     0   13.5   13.5   13.5   13.5   13.5   13.5   13.5   0.00   0.00   0.00   0.00   0.00   0.2   0.0   0.0     0.268     0.229     3.642     0.598   619.997     0.000      5.0      2.4      0.0      0.2      2.4      1.4
  192 0.400  4000   128     0   128     0     0     0   18.0   18.2   18.0   18.2   18.0   18.0   18.0   0.00   0.00   0.00   0.00   0.00   0.7   0.2   0.0     1.093     1.516    36.391     2.840  2493.424     0.000     19.1      9.0      0.1      0.9      9.2      5.4
  193 0.400  4000    40     0    40     0     0     0   18.0   18.8   18.0   18.8   18.0   18.0   18.0   0.00   0.00   0.00   0.00   0.00   0.2   0.0   0.1     0.314     0.300     4.571     0.654   725.284     0.000      6.6      3.1      0.0      0.3      3.1      1.9
  194 0.100  4000   128     0   128     0     0     0    4.5    5.9    4.5    5.9    4.5    4.5    4.5   0.00   0.00   0.00   0.00   0.00   0.2   0.1   0.0     0.275     0.235     3.632     0.619   636.959     0.000      6.1      2.8      0.0      0.2      3.7      1.3
  195 0.100  4000    40     0    40     0     0     0    4.5   11.9    4.5   11.9    4.5    4.5    4.5   0.00   0.00   0.00   0.00   0.00   0.1   0.1   0.2     0.121     0.356     8.590     0.242   270.462     0.000      3.9      1.7      0.0      0.1      2.9      0.6
  196 0.100  4000   128     0   128     0     0     0    4.5    4.5    4.5    4.5    4.5    4.5    4.5   0.00   0.00   0.00   0.00   0.00   0.2   0.1   0.0     0.301     1.024    24.977     0.799   667.401     0.000      4.7      2.2      0.0      0.2      2.3      1.3
  197 0.100  4000    40     0    40     0     0     0    4.5    5.2    4.5    5.2    4.5    4.5    4.5   0.00   0.00   0.00   0.00   0.00   0.1   0.0   0.0     0.271     3.131    79.758     1.013   517.084     0.000      1.6      0.8      0.0      0.1      0.8      0.4
  198 0.900  4000   116     0   116     0     0     0   40.5   40.8   40.5   40.8   40.5   40.5   40.5   0.00   0.00   0.00   0.00   0.00   1.4   0.3   0.0     2.170     2.059    34.635     4.761  5015.907     0.000     40.6     19.2      0.2      2.0     19.7     11.5
  199 0.900  4000    36     0    36     0     0     0   40.5   40.5   40.5   40.5   40.5   40.5   40.5   0.00   0.00   0.00   0.00   0.00   0.4   0.0   0.0     0.735     1.305    27.388     1.717  1679.477     0.000     13.0      6.1      0.1      0.6      6.3      3.6
  200 1.000  1600    44     0    44     0     0     0   60.0   70.2   60.0   70.2   60.0   60.0   60.0   0.00   0.00   0.00   0.00   0.00   0.9   0.1   0.9     0.930     1.122    20.902     1.406  2142.287     0.000     32.3     15.6      0.1      2.0     12.8     10.3
  201 1.000  1600     0     0     0     0     0     0   60.0   60.0   60.0   60.0   60.0   60.0   60.0   0.00   0.00   0.00   0.00   0.00   0.0   0.0   0.0     0.000     0.000     0.000     0.000     0.000     0.000      0.0      0.0      0.0      0.0      0.0      0.0
  202 1.000  1600     0     0     0     0     0     0   60.0   60.0   60.0   60.0   60.0   60.0   60.0   0.00   0.00   0.00   0.00   0.00   0.0   0.0   0.0     0.000     0.000     0.000     0.000     0.000     0.000      0.0      0.0      0.0      0.0      0.0      0.0
  203 1.000  1600    56     0     0    56     0     0   60.0   71.6   60.0   60.0   71.6   60.0   60.0   0.00   0.00   0.00   0.00   0.00   1.1   0.1   1.0     1.166     1.209    19.857     1.604  2693.663     0.000     42.1     20.3      0.2      2.6     17.3     13.1
  204 1.000  1600     0     0     0     0     0     0   60.0   60.0   60.0   60.0   60.0   60.0   60.0   0.00   0.00   0.00   0.00   0.00   0.0   0.0   0.0     0.000     0.000     0.000     0.000     0.000     0.000      0.0      0.0      0.0      0.0      0.0      0.0
  205 1.000  1600     0     0     0     0     0     0   60.0   60.0   60.0   60.0   60.0   60.0   60.0   0.00   0.00   0.00   0.00   0.00   0.0   0.0   0.0     0.000     0.000     0.000     0.000     0.000     0.000      0.0      0.0      0.0      0.0      0.0      0.0
  206 1.000  1600     0     0     0     0     0     0   60.0   60.0   60.0   60.0   60.0   60.0   60.0   0.00   0.00   0.00   0.00   0.00   0.0   0.0   0.0     0.000     0.000     0.000     0.000     0.000     0.000      0.0      0.0      0.0      0.0      0.0      0.0
  207 1.000  1600     0     0     0     0     0     0   60.0   60.0   60.0   60.0   60.0   60.0   60.0   0.00   0.00   0.00   0.00   0.00   0.0   0.0   0.0     0.000     0.000     0.000     0.000     0.000     0.000      0.0      0.0      0.0      0.0      0.0      0.0
  208 1.000  1600   224     0   112   112     0     0   60.0   62.1   60.0   62.4   61.8   60.0   60.0   0.00   0.00   0.00   0.00   0.00   4.1   0.1   0.1     4.769     4.188    64.095     6.483 11045.304     0.000    154.4     75.4      0.7     10.3     57.1     51.1
  209 1.000  1600    84     0    84     0     0     0   60.0   73.9   60.0   73.9   60.0   60.0   60.0   0.00   0.00   0.00   0.00   0.00   1.7   0.3   1.0     1.728     1.579    22.469     2.214  4004.411     0.000     64.8     31.4      0.3      4.1     24.8     21.0
  210 1.000  1600     0     0     0     0     0     0   60.0   60.0   60.0   60.0   60.0   60.0   60.0   0.00   0.00   0.00   0.00   0.00   0.0   0.0   0.0     0.000     0.000     0.000     0.000     0.000     0.000      0.0      0.0      0.0      0.0      0.0      0.0
  211 1.000  1600    36     0    36     0     0     0   60.0   60.1   60.0   60.1   60.0   60.0   60.0   0.00   0.00   0.00   0.00   0.00   0.7   0.0   0.1     0.779     0.694    10.861     1.089  1805.099     0.000     24.6     12.0      0.1      1.6      9.2      8.1
  212 1.000  1600    44     0    44     0     0     0   60.0   70.2   60.0   70.2   60.0   60.0   60.0   0.00   0.00   0.00   0.00   0.00   0.9   0.1   0.9     0.985     1.288    25.352     1.522  2261.685     0.000     33.6     16.2      0.1      2.1     13.8     10.5
  213 1.000  1600     0     0     0     0     0     0   60.0   60.0   60.0   60.0   60.0   60.0   60.0   0.00   0.00   0.00   0.00   0.00   0.0   0.0   0.0     0.000     0.000     0.000     0.000     0.000     0.000      0.0      0.0      0.0      0.0      0.0      0.0
  214 1.000  1600     0     0     0     0     0     0   60.0   60.0   60.0   60.0   60.0   60.0   60.0   0.00   0.00   0.00   0.00   0.00   0.0   0.0   0.0     0.000     0.000     0.000     0.000     0.000     0.000      0.0      0.0      0.0      0.0      0.0      0.0
  215 1.000  1600     0     0     0     0     0     0   60.0   60.0   60.0   60.0   60.0   60.0   60.0   0.00   0.00   0.00   0.00   0.00   0.0   0.0   0.0     0.000     0.000     0.000     0.000     0.000     0.000      0.0      0.0      0.0      0.0      0.0      0.0
  216 1.000  1600     0     0     0     0     0     0   60.0   60.0   60.0   60.0   60.0   60.0   60.0   0.00   0.00   0.00   0.00   0.00   0.0   0.0   0.0     0.000     0.000     0.000     0.000     0.000     0.000      0.0      0.0      0.0      0.0      0.0      0.0
  217 1.000  1600     0     0     0     0     0     0   60.0   60.0   60.0   60.0   60.0   60.0   60.0   0.00   0.00   0.00   0.00   0.00   0.0   0.0   0.0     0.000     0.000     0.000     0.000     0.000     0.000      0.0      0.0      0.0      0.0      0.0      0.0
  218 1.000  1600    40     0    40     0     0     0   60.0   72.2   60.0   72.2   60.0   60.0   60.0   0.00   0.00   0.00   0.00   0.00   0.8   0.1   0.9     1.220     4.270   124.523     3.051  2665.553     0.000     30.8     14.7      0.1      1.7     13.6      9.1
  219 1.000  1600     0     0     0     0     0     0   60.0   60.0   60.0   60.0   60.0   60.0   60.0   0.00   0.00   0.00   0.00   0.00   0.0   0.0   0.0     0.000     0.000     0.000     0.000     0.000     0.000      0.0      0.0      0.0      0.0      0.0      0.0
  220 1.000  1600    40     0    40     0     0     0   60.0   61.5   60.0   61.5   60.0   60.0   60.0   0.00   0.00   0.00   0.00   0.00   0.7   0.0   0.0     1.165     3.911   114.556     2.922  2551.692     0.000     25.9     12.5      0.1      1.6     10.5      8.1
  221 1.000  1600     0     0     0     0     0     0   60.0   60.0   60.0   60.0   60.0   60.0   60.0   0.00   0.00   0.00   0.00   0.00   0.0   0.0   0.0     0.000     0.000     0.000     0.000     0.000     0.000      0.0      0.0      0.0      0.0      0.0      0.0
  222 1.000  1600    28     0    28     0     0     0   60.0   71.5   60.0   71.5   60.0   60.0   60.0   0.00   0.00   0.00   0.00   0.00   0.7   0.1   0.9     1.011     3.462   100.964     2.518  2211.288     0.000     25.1     12.0      0.1      1.5     10.8      7.6
  223 1.000  1600    24     0    24     0     0     0   60.0   61.5   60.0   61.5   60.0   60.0   60.0   0.00   0.00   0.00   0.00   0.00   0.4   0.0   0.0     0.720     2.446    72.110     1.848  1573.449     0.000     15.7      7.6      0.1      1.0      6.4      4.9
   1800      3
   10 1.500  6600  1516  1516     0     0     0     0   54.0   54.8   54.8   54.0   54.0   54.0   54.0   0.00   0.00   0.00   0.00   0.00  23.1   9.0   0.0    48.297    49.454   975.656   162.597111228.016     0.000    525.5    242.2      4.3     15.8    269.5    144.5
   11 0.250  8800  1508  1508     0     0     0     0    9.0    9.0    9.0    9.0    9.0    9.0    9.0   0.00   0.00   0.00   0.00   0.00   3.8   1.6   0.0     7.766     6.922   118.068    25.663 17932.510     0.000     85.9     39.6      0.7      2.5     44.0     23.7
   12 0.500  6600  1520  1520     0     0     0     0   18.0   18.1   18.1   18.0   18.0   18.0   18.0   0.00   0.00   0.00   0.00   0.00   7.6   3.0   0.0    15.636    13.809   237.857    52.096 36113.098     0.000    172.5     79.4      1.5      5.0     88.3     47.6
   13 0.250  8800  1516  1516     0     0     0     0    9.0    9.0    9.0    9.0    9.0    9.0    9.0   0.00   0.00   0.00   0.00   0.00   3.8   1.6   0.0     7.819     6.973   118.854    25.844 18055.457     0.000     86.5     39.8      0.7      2.5     44.3     23.9
   14 1.500  6600  1476  1476     0     0     0     0   54.0   54.5   54.5   54.0   54.0   54.0   54.0   0.00   0.00   0.00   0.00   0.00  22.6   7.7   0.0    46.498    40.993   704.493   154.752107385.281     0.000    513.3    236.2      4.4     14.9    262.3    141.8
   15 1.500  6600  2872  1288     0     0  1104   480   54.0   62.8   62.9   54.0   54.0   62.9   62.0   0.00   0.00   0.00   0.00   0.00  50.4  31.9   0.6   144.953  1009.327 25424.945   506.204300125.188     0.000   1143.8    536.2      6.6     47.8    560.5    322.2
   16 0.250  8800  1476  1476     0     0     0     0    9.0    9.0    9.0    9.0    9.0    9.0    9.0   0.00   0.00   0.00   0.00   0.00   3.7   1.5   0.0     7.574     6.753   115.248    25.076 17487.518     0.000     83.7     38.5      0.7      2.4     42.8     23.1
   17 0.250  8800  2884  1296     0     0  1104   484    9.0    9.9    9.7    9.0    9.0   10.1    9.8   0.00   0.00   0.00   0.00   0.00   7.9   5.2   0.1    21.968   145.163  3569.626    74.991 45837.988     0.000    179.9     83.5      1.3      6.3     91.1     49.7
   18 0.500  6600  1476  1476     0     0     0     0   18.0   18.1   18.1   18.0   18.0   18.0   18.0   0.00   0.00   0.00   0.00   0.00   7.4   2.6   0.0    15.330    13.543   233.544    51.161 35404.438     0.000    168.9     77.8      1.5      4.9     86.3     46.7
   19 0.500  6600  2892  1296     0     0  1112   484   18.0   19.9   20.1   18.0   18.0   19.8   19.6   0.00   0.00   0.00   0.00   0.00  16.0  10.0   0.2    40.455   221.529  5453.893   135.883 86173.953     0.000    363.0    168.1      2.6     12.2    185.7     99.6
   20 0.250  8800  1480  1480     0     0     0     0    9.0    8.9    8.9    9.0    9.0    9.0    9.0   0.00   0.00   0.00   0.00   0.00   3.7   1.4   0.0     7.596     6.775   115.542    25.151 17539.297     0.000     83.9     38.6      0.7      2.4     42.9     23.2
   21 0.250  8800  2892  1316     0     0  1108   468    9.0    9.8    9.8    9.0    9.0   10.0    9.6   0.00   0.00   0.00   0.00   0.00   8.0   5.1   0.1    22.072   151.210  3663.932    74.399 45922.906     0.000    180.6     83.8      1.3      6.3     92.1     49.7
   22 1.500  6600  1488  1488     0     0     0     0   54.0   54.5   54.5   54.0   54.0   54.0   54.0   0.00   0.00   0.00   0.00   0.00  22.5   6.8   0.0    46.281    40.794   702.067   154.208106880.195     0.000    510.6    235.0      4.4     14.8    260.6    141.2
   23 1.500  6600  2928  1336     0     0  1116   476   54.0   59.5   59.5   54.0   54.0   59.6   59.1   0.00   0.00   0.00   0.00   0.00  47.9  28.5   0.4   117.752   606.589 14611.852   386.747252651.703     0.000   1088.1    504.2      7.9     36.5    557.0    298.7
   24 0.250  8800  1488  1488     0     0     0     0    9.0    9.0    9.0    9.0    9.0    9.0    9.0   0.00   0.00   0.00   0.00   0.00   3.7   1.4   0.0     7.647     6.816   116.397    25.343 17656.818     0.000     84.4     38.9      0.7      2.4     43.1     23.3
   25 0.250  8800  2916  1340     0     0  1112   464    9.0   10.2   10.2    9.0    9.0   10.1   10.1   0.00   0.00   0.00   0.00   0.00   8.3   5.6   0.1    21.425   130.797  3294.944    71.941 45089.246     0.000    188.8     87.5      1.3      6.5     97.1     51.5
   26 0.500  6600  1516  1516     0     0     0     0   18.0   18.1   18.1   18.0   18.0   18.0   18.0   0.00   0.00   0.00   0.00   0.00   7.6   2.4   0.0    15.598    13.775   237.571    52.059 36022.797     0.000    171.9     79.1      1.5      5.0     87.8     47.5
   27 0.500  6600  3076  1376     0     0  1184   516   18.0   27.4   27.1   18.0   18.0   26.9   29.0   0.00   0.00   0.00   0.00   0.00  21.7  16.3   0.5    55.844   370.727  9447.891   195.257115713.867     0.000    492.2    228.9      3.2     18.0    249.1    135.7
   28 0.250  8800  1516  1516     0     0     0     0    9.0    8.9    8.9    9.0    9.0    9.0    9.0   0.00   0.00   0.00   0.00   0.00   3.8   1.4   0.0     7.779     6.933   118.347    25.778 17960.170     0.000     85.9     39.5      0.7      2.5     43.9     23.7
   29 0.250  8800  3152  1416     0     0  1208   528    9.0   15.4   15.7    9.0    9.0   14.9   16.0   0.00   0.00   0.00   0.00   0.00  13.3  11.2   0.4    39.235   334.320  8739.807   143.398 78469.258     0.000    300.5    134.1      1.1      7.9    185.4     64.2
   30 1.500  6600  1516  1516     0     0     0     0   54.0   54.5   54.5   54.0   54.0   54.0   54.0   0.00   0.00   0.00   0.00   0.00  23.0   6.1   0.0    47.386    41.770   717.678   157.696109425.320     0.000    523.0    240.7      4.5     15.1    266.9    144.7
   31 1.500  6600  3220  1400     0     0  1292   528   54.0   87.4   87.7   54.0   54.0   87.6   86.3   0.00   0.00   0.00   0.00   0.00  77.5  62.7   2.1   267.632  2622.111 66535.156   982.787523373.906     0.000   1761.3    809.9      7.4     65.2    929.2    456.6
   32 0.250  8800  3240  1400     0     0  1304   536    9.0   12.2   12.1    9.0    9.0   12.4   12.3   0.00   0.00   0.00   0.00   0.00  11.0   8.6   0.3    42.930   477.976 11833.050   154.471 82335.953     0.000    249.4    116.4      1.4     10.1    124.6     68.9
   33 0.500  6600  3224  1376     0     0  1304   544   18.0   22.0   22.1   18.0   18.0   22.0   21.7   0.00   0.00   0.00   0.00   0.00  19.7  14.1   0.4    64.192   583.232 14522.780   225.116127864.047     0.000    448.5    209.3      2.8     17.4    223.8    124.8
   34 0.250  8800  3220  1376     0     0  1308   536    9.0   12.4   12.4    9.0    9.0   12.4   12.0   0.00   0.00   0.00   0.00   0.00  11.1   8.7   0.3    41.798   450.126 11243.984   150.792 80698.852     0.000    251.8    117.6      1.3     10.4    124.8     69.8
   35 1.500  6600  3072  1312     0     0  1244   516   54.0   62.3   62.1   54.0   54.0   62.8   61.4   0.00   0.00   0.00   0.00   0.00  55.1  35.8   0.6   149.057   984.075 24118.195   504.438311097.281     0.000   1250.4    583.1      7.1     49.3    622.6    347.3
   50 0.200  2000     0     0     0     0     0     0    8.5    8.5    8.5    8.5    8.5    8.5    8.5   0.00   0.00   0.00   0.00   0.00   0.0   0.0   0.0     0.000     0.000     0.000     0.000     0.000     0.000      0.0      0.0      0.0      0.0      0.0      0.0
   51 0.070  2000     0     0     0     0     0     0    3.0    3.0    3.0    3.0    3.0    3.0    3.0   0.00   0.00   0.00   0.00   0.00   0.0   0.0   0.0     0.000     0.000     0.000     0.000     0.000     0.000      0.0      0.0      0.0      0.0      0.0      0.0
   52 0.200  2000     0     0     0     0     0     0    8.5    8.5    8.5    8.5    8.5    8.5    8.5   0.00   0.00   0.00   0.00   0.00   0.0   0.0   0.0     0.000     0.000     0.000     0.000     0.000     0.000      0.0      0.0      0.0      0.0      0.0      0.0
   53 0.070  2000     0     0     0     0     0     0    3.0    3.0    3.0    3.0    3.0    3.0    3.0   0.00   0.00   0.00   0.00   0.00   0.0   0.0   0.0     0.000     0.000     0.000     0.000     0.000     0.000      0.0      0.0      0.0      0.0      0.0      0.0
   54 0.200  2000     0     0     0     0     0     0    8.5    8.5    8.5    8.5    8.5    8.5    8.5   0.00   0.00   0.00   0.00   0.00   0.0   0.0   0.0     0.000     0.000     0.000     0.000     0.000     0.000      0.0      0.0      0.0      0.0      0.0      0.0
   55 0.200  2000     0     0     0     0     0     0    8.5    8.5    8.5    8.5    8.5    8.5    8.5   0.00   0.00   0.00   0.00   0.00   0.0   0.0   0.0     0.000     0.000     0.000     0.000     0.000     0.000      0.0      0.0      0.0      0.0      0.0      0.0
   56 0.070  2000     0     0     0     0     0     0    3.0    3.0    3.0    3.0    3.0    3.0    3.0   0.00   0.00   0.00   0.00   0.00   0.0   0.0   0.0     0.000     0.000     0.000     0.000     0.000     0.000      0.0      0.0      0.0      0.0      0.0      0.0
   57 0.070  2000     0     0     0     0     0     0    3.0    3.0    3.0    3.0    3.0    3.0    3.0   0.00   0.00   0.00   0.00   0.00   0.0   0.0   0.0     0.000     0.000     0.000     0.000     0.000     0.000      0.0      0.0      0.0      0.0      0.0      0.0
   58 0.200  2000     0     0     0     0     0     0    8.5    8.5    8.5    8.5    8.5    8.5    8.5   0.00   0.00   0.00   0.00   0.00   0.0   0.0   0.0     0.000     0.000     0.000     0.000     0.000     0.000      0.0      0.0      0.0      0.0      0.0      0.0
   59 0.200  2000     0     0     0     0     0     0    8.5    8.5    8.5    8.5    8.5    8.5    8.5   0.00   0.00   0.00   0.00   0.00   0.0   0.0   0.0     0.000     0.000     0.000     0.000     0.000     0.000      0.0      0.0      0.0      0.0      0.0      0.0
   60 0.070  2000     0     0     0     0     0     0    3.0    3.0    3.0    3.0    3.0    3.0    3.0   0.00   0.00   0.00   0.00   0.00   0.0   0.0   0.0     0.000     0.000     0.000     0.000     0.000     0.000      0.0      0.0      0.0      0.0      0.0      0.0
   61 0.070  2000     0     0     0     0     0     0    3.0    3.0    3.0    3.0    3.0    3.0    3.0   0.00   0.00   0.00   0.00   0.00   0.0   0.0   0.0     0.000     0.000     0.000     0.000     0.000     0.000      0.0      0.0      0.0      0.0      0.0      0.0
   62 0.200  2000     0     0     0     0     0     0    8.5    8.5    8.5    8.5    8.5    8.5    8.5   0.00   0.00   0.00   0.00   0.00   0.0   0.0   0.0     0.000     0.000     0.000     0.000     0.000     0.000      0.0      0.0      0.0      0.0      0.0      0.0
   63 0.200  2000     0     0     0     0     0     0    8.5    8.5    8.5    8.5    8.5    8.5    8.5   0.00   0.00   0.00   0.00   0.00   0.0   0.0   0.0     0.000     0.000     0.000     0.000     0.000     0.000      0.0      0.0      0.0      0.0      0.0      0.0
   64 0.070  2000     0     0     0     0     0     0    3.0    3.0    3.0    3.0    3.0    3.0    3.0   0.00   0.00   0.00   0.00   0.00   0.0   0.0   0.0     0.000     0.000     0.000     0.000     0.000     0.000      0.0      0.0      0.0      0.0      0.0      0.0
   65 0.070  2000     0     0     0     0     0     0    3.0    3.0    3.0    3.0    3.0    3.0    3.0   0.00   0.00   0.00   0.00   0.00   0.0   0.0   0.0     0.000     0.000     0.000     0.000     0.000     0.000      0.0      0.0      0.0      0.0      0.0      0.0
   66 0.200  2000     0     0     0     0     0     0    8.5    8.5    8.5    8.5    8.5    8.5    8.5   0.00   0.00   0.00   0.00   0.00   0.0   0.0   0.0     0.000     0.000     0.000     0.000     0.000     0.000      0.0      0.0      0.0      0.0      0.0      0.0
   67 0.200  2000     0     0     0     0     0     0    8.5    8.5    8.5    8.5    8.5    8.5    8.5   0.00   0.00   0.00   0.00   0.00   0.0   0.0   0.0     0.000     0.000     0.000     0.000     0.000     0.000      0.0      0.0      0.0      0.0      0.0      0.0
   68 0.070  2000     0     0     0     0     0     0    3.0    3.0    3.0    3.0    3.0    3.0    3.0   0.00   0.00   0.00   0.00   0.00   0.0   0.0   0.0     0.000     0.000     0.000     0.000     0.000     0.000      0.0      0.0      0.0      0.0      0.0      0.0
   69 0.070  2000     0     0     0     0     0     0    3.0    3.0    3.0    3.0    3.0    3.0    3.0   0.00   0.00   0.00   0.00   0.00   0.0   0.0   0.0     0.000     0.000     0.000     0.000     0.000     0.000      0.0      0.0      0.0      0.0      0.0      0.0
   70 0.200  2000     0     0     0     0     0     0    8.5    8.5    8.5    8.5    8.5    8.5    8.5   0.00   0.00   0.00   0.00   0.00   0.0   0.0   0.0     0.000     0.000     0.000     0.000     0.000     0.000      0.0      0.0      0.0      0.0      0.0      0.0
   71 0.070  2000     0     0     0     0     0     0    3.0    3.0    3.0    3.0    3.0    3.0    3.0   0.00   0.00   0.00   0.00   0.00   0.0   0.0   0.0     0.000     0.000     0.000     0.000     0.000     0.000      0.0      0.0      0.0      0.0      0.0      0.0
   72 0.200  2000     0     0     0     0     0     0    8.5    8.5    8.5    8.5    8.5    8.5    8.5   0.00   0.00   0.00   0.00   0.00   0.0   0.0   0.0     0.000     0.000     0.000     0.000     0.000     0.000      0.0      0.0      0.0      0.0      0.0      0.0
   73 0.070  2000     0     0     0     0     0     0    3.0    3.0    3.0    3.0    3.0    3.0    3.0   0.00   0.00   0.00   0.00   0.00   0.0   0.0   0.0     0.000     0.000     0.000     0.000     0.000     0.000      0.0      0.0      0.0      0.0      0.0      0.0
   74 1.500  4000    76     0    76     0     0     0   67.5   68.3   67.5   68.3   67.5   67.5   67.5   0.00   0.00   0.00   0.00   0.00   1.5   0.0   0.1     2.235     2.125    35.392     4.941  5165.326     0.000     42.6     20.1      0.2      2.0     20.8     12.0
   75 0.100  6000    72     0    72     0     0     0    4.5   19.4    4.5   19.4    4.5    4.5    4.5   0.00   0.00   0.00   0.00   0.00   0.4   0.3   0.5     0.255     0.494     9.767     0.391   579.785     0.000     11.5      4.9      0.0      0.2      8.7      1.5
   76 0.100  4000    72     0    72     0     0     0    4.5    6.0    4.5    6.0    4.5    4.5    4.5   0.00   0.00   0.00   0.00   0.00   0.1   0.1   0.0     0.717     9.250   242.145     2.724  1325.088     0.000      3.5      1.6      0.0      0.1      2.0      0.8
   77 0.900  4000    68     0    68     0     0     0   40.5   40.7   40.5   40.7   40.5   40.5   40.5   0.00   0.00   0.00   0.00   0.00   0.8   0.2   0.0     1.363     3.186    71.871     3.341  3088.904     0.000     23.2     11.0      0.1      1.1     11.2      6.6
   78 0.900  4000   116     0   116     0     0     0   40.5   43.0   40.5   43.0   40.5   40.5   40.5   0.00   0.00   0.00   0.00   0.00   1.4   0.2   0.3     2.622    12.119   307.710     7.233  5686.877     0.000     40.0     18.9      0.2      2.0     19.2     11.3
   79 1.500  4000   464   220   128   116     0     0   67.5   69.4   69.3   69.8   69.4   67.5   67.5   0.00   0.00   0.00   0.00   0.00   9.1   1.0   0.2    13.780    14.251   250.791    30.425 31825.127     0.000    264.9    125.7      1.2     13.1    127.0     75.5
   80 0.100  6000   116     0   116     0     0     0    4.5   12.3    4.5   12.3    4.5    4.5    4.5   0.00   0.00   0.00   0.00   0.00   0.4   0.3   0.3     0.430     2.470    59.842     1.096   917.483     0.000     11.7      5.2      0.0      0.4      7.1      2.5
   81 0.100  6000   496   232   140   124     0     0    4.5   19.2   22.9   19.5   11.8    4.5    4.5   0.00   0.00   0.00   0.00   0.00   2.5   2.0   0.4     1.629     2.089    32.086     2.625  3745.756     0.000     72.3     32.5      0.1      2.5     42.8     15.9
   82 0.100  4000   424   228   196     0     0     0    4.5    5.7    5.5    5.8    4.5    4.5    4.5   0.00   0.00   0.00   0.00   0.00   0.7   0.3   0.0     3.520    39.711  1048.865    13.608  6666.095     0.000     20.0      9.2      0.1      0.8     10.5      5.2
   83 0.100  4000   384   228   112    44     0     0    4.5    6.2    6.2    6.2    6.0    4.5    4.5   0.00   0.00   0.00   0.00   0.00   0.7   0.3   0.0     4.034    49.803  1326.664    15.804  7489.323     0.000     19.4      8.7      0.0      0.6     11.4      4.3
   84 0.900  4000   428   228   200     0     0     0   40.5   42.4   41.6   43.4   40.5   40.5   40.5   0.00   0.00   0.00   0.00   0.00   5.0   1.2   0.1     8.207    14.027   308.551    19.695 18759.164     0.000    146.7     70.0      0.7      7.7     68.0     42.8
   85 0.900  4000   396   224   116    56     0     0   40.5   41.5   41.7   41.1   41.4   40.5   40.5   0.00   0.00   0.00   0.00   0.00   4.5   1.0   0.0     7.592    14.532   321.489    18.431 17304.127     0.000    131.4     62.6      0.6      6.7     61.6     38.0
   86 0.900  4000   392   236   104    52     0     0   40.5   42.5   42.1   42.1   45.3   40.5   40.5   0.00   0.00   0.00   0.00   0.00   4.6   1.2   0.2     7.535    17.532   414.354    18.025 17010.586     0.000    135.2     64.1      0.6      6.7     64.6     38.4
   87 0.900  4000   412   244   116    52     0     0   40.5   41.9   42.2   41.7   41.5   40.5   40.5   0.00   0.00   0.00   0.00   0.00   4.8   1.0   0.2     6.973     6.333   102.583    14.921 16135.395     0.000    138.9     66.0      0.6      6.9     66.3     39.7
   88 0.100  6000   420   256   112    52     0     0    4.5   22.3   25.3   21.1   10.6    4.5    4.5   0.00   0.00   0.00   0.00   0.00   2.4   2.0   0.5     1.517     2.164    35.485     2.410  3480.177     0.000     69.2     30.6      0.1      2.1     45.3     12.9
   89 0.100  6000   408   236   120    52     0     0    4.5   12.2   11.5   13.6   11.8    4.5    4.5   0.00   0.00   0.00   0.00   0.00   1.4   1.0   0.3     1.363     4.880   116.819     3.188  3010.970     0.000     40.9     18.4      0.1      1.4     24.0      9.1
   90 0.100  4000   524   256   148   120     0     0    4.5    6.1    6.6    6.0    5.3    4.5    4.5   0.00   0.00   0.00   0.00   0.00   0.9   0.5   0.0     5.411    66.905  1777.206    21.199 10059.457     0.000     26.0     11.7      0.1      0.8     15.6      5.7
   91 0.100  4000   236   236     0     0     0     0    4.5    5.6    5.6    4.5    4.5    4.5    4.5   0.00   0.00   0.00   0.00   0.00   0.4   0.2   0.0     1.781    19.795   521.109     6.846  3393.727     0.000     10.7      4.9      0.0      0.4      6.1      2.5
   92 1.500  4000   508   240   140   128     0     0   67.5   69.4   69.6   69.3   69.2   67.5   67.5   0.00   0.00   0.00   0.00   0.00  10.1   3.1   0.0    16.151    20.934   428.482    37.084 37159.133     0.000    294.3    140.3      1.3     15.4    136.8     85.7
   93 0.900  4000   244   244     0     0     0     0   40.5   41.9   41.9   40.5   40.5   40.5   40.5   0.00   0.00   0.00   0.00   0.00   2.8   0.9   0.0     4.434     5.600   111.663    10.289 10215.429     0.000     80.5     38.5      0.4      4.3     37.0     23.6
   94 0.900  4000   232   232     0     0     0     0   40.5   42.0   42.0   40.5   40.5   40.5   40.5   0.00   0.00   0.00   0.00   0.00   2.8   0.9   0.1     4.153     3.534    54.345     8.745  9624.338     0.000     83.0     39.5      0.4      4.3     38.9     24.0
   95 0.100  6000   228   228     0     0     0     0    4.5   26.5   26.5    4.5    4.5    4.5    4.5   0.00   0.00   0.00   0.00   0.00   1.7   1.5   0.4     0.952     0.915     8.345     1.258  2203.087     0.000     48.7     20.4      0.0      0.7     39.7      4.9
   96 0.100  4000   220   220     0     0     0     0    4.5    5.9    5.9    4.5    4.5    4.5    4.5   0.00   0.00   0.00   0.00   0.00   0.4   0.2   0.0     1.886    21.114   574.178     7.270  3570.518     0.000     10.8      4.8      0.0      0.3      6.7      2.2
   97 1.500  4000   212   212     0     0     0     0   67.5   69.1   69.1   67.5   67.5   67.5   67.5   0.00   0.00   0.00   0.00   0.00   3.8   1.2   0.0     6.087     8.312   165.799    13.911 13996.850     0.000    110.8     52.7      0.5      5.6     52.5     31.9
   98 1.500  4000   112     0   112     0     0     0   67.5   68.3   67.5   68.3   67.5   67.5   67.5   0.00   0.00   0.00   0.00   0.00   2.1   0.1   0.1     3.204     2.827    45.144     7.043  7412.237     0.000     61.3     29.0      0.3      2.9     29.9     17.3
   99 0.100  6000   108     0   108     0     0     0    4.5   18.0    4.5   18.0    4.5    4.5    4.5   0.00   0.00   0.00   0.00   0.00   0.5   0.4   0.4     0.324     0.325     3.153     0.431   750.460     0.000     15.6      6.7      0.0      0.3     12.0      2.0
  100 0.100  4000   108     0   108     0     0     0    4.5    5.9    4.5    5.9    4.5    4.5    4.5   0.00   0.00   0.00   0.00   0.00   0.2   0.1   0.0     0.985    11.988   315.307     3.730  1844.063     0.000      5.3      2.4      0.0      0.2      2.9      1.3
  101 0.900  4000    96     0    96     0     0     0   40.5   42.8   40.5   42.8   40.5   40.5   40.5   0.00   0.00   0.00   0.00   0.00   1.2   0.1   0.3     2.117     7.367   184.801     5.564  4693.195     0.000     34.9     16.6      0.2      1.8     16.2     10.2
  102 0.900  4000     0     0     0     0     0     0   40.5   40.5   40.5   40.5   40.5   40.5   40.5   0.00   0.00   0.00   0.00   0.00   0.0   0.0   0.0     0.000     0.000     0.000     0.000     0.000     0.000      0.0      0.0      0.0      0.0      0.0      0.0
  103 1.500  4000   152     0   152     0     0     0   67.5   68.6   67.5   68.6   67.5   67.5   67.5   0.00   0.00   0.00   0.00   0.00   3.0   0.1   0.2     4.548     4.025    64.780     9.988 10524.683     0.000     87.6     41.5      0.4      4.2     42.4     24.8
  104 0.100  6000     0     0     0     0     0     0    4.5    4.5    4.5    4.5    4.5    4.5    4.5   0.00   0.00   0.00   0.00   0.00   0.0   0.0   0.0     0.000     0.000     0.000     0.000     0.000     0.000      0.0      0.0      0.0      0.0      0.0      0.0
  105 0.100  6000   148     0   148     0     0     0    4.5   14.2    4.5   14.2    4.5    4.5    4.5   0.00   0.00   0.00   0.00   0.00   0.6   0.4   0.4     0.421     0.551     8.588     0.680   969.448     0.000     17.4      7.6      0.0      0.5     11.6      3.1
  106 0.100  4000   104     0   104     0     0     0    4.5    5.4    4.5    5.4    4.5    4.5    4.5   0.00   0.00   0.00   0.00   0.00   0.2   0.0   0.0     0.771     9.716   250.738     2.818  1441.181     0.000      4.5      2.1      0.0      0.2      2.2      1.2
  107 0.100  4000   108     0   108     0     0     0    4.5    5.7    4.5    5.7    4.5    4.5    4.5   0.00   0.00   0.00   0.00   0.00   0.2   0.1   0.0     1.089    14.244   372.598     4.209  2004.644     0.000      5.0      2.3      0.0      0.2      2.5      1.3
  108 0.900  4000   100     0   100     0     0     0   40.5   40.7   40.5   40.7   40.5   40.5   40.5   0.00   0.00   0.00   0.00   0.00   1.2   0.1   0.0     1.970     3.466    74.639     4.726  4501.276     0.000     34.4     16.3      0.2      1.7     16.7      9.7
  109 0.900  4000   108     0   108     0     0     0   40.5   43.4   40.5   43.4   40.5   40.5   40.5   0.00   0.00   0.00   0.00   0.00   1.3   0.1   0.4     2.247     6.755   168.917     5.794  5014.111     0.000     38.2     18.2      0.2      2.0     17.7     11.1
  110 0.900  4000   100     0   100     0     0     0   40.5   41.8   40.5   41.8   40.5   40.5   40.5   0.00   0.00   0.00   0.00   0.00   1.1   0.2   0.2     1.689     1.920    35.129     3.683  3891.507     0.000     33.7     16.0      0.2      1.7     16.1      9.6
  111 0.900  4000     0     0     0     0     0     0   40.5   40.5   40.5   40.5   40.5   40.5   40.5   0.00   0.00   0.00   0.00   0.00   0.0   0.0   0.0     0.000     0.000     0.000     0.000     0.000     0.000      0.0      0.0      0.0      0.0      0.0      0.0
  112 0.100  6000   100     0   100     0     0     0    4.5    6.5    4.5    6.5    4.5    4.5    4.5   0.00   0.00   0.00   0.00   0.00   0.2   0.1   0.2     0.472     4.212   120.412     1.690   937.522     0.000      5.3      2.5      0.0      0.3      2.3      1.6
  113 0.100  6000     0     0     0     0     0     0    4.5    4.5    4.5    4.5    4.5    4.5    4.5   0.00   0.00   0.00   0.00   0.00   0.0   0.0   0.0     0.000     0.000     0.000     0.000     0.000     0.000      0.0      0.0      0.0      0.0      0.0      0.0
  114 0.100  4000   100     0   100     0     0     0    4.5    4.6    4.5    4.6    4.5    4.5    4.5   0.00   0.00   0.00   0.00   0.00   0.1   0.0   0.0     0.706    10.307   239.410     2.483  1297.343     0.000      3.8      1.8      0.0      0.2      1.8      1.1
  115 0.100  4000    84     0    84     0     0     0    4.5    5.6    4.5    5.6    4.5    4.5    4.5   0.00   0.00   0.00   0.00   0.00   0.1   0.0   0.0     0.801    10.237   265.567     3.067  1483.764     0.000      3.9      1.8      0.0      0.2      2.0      1.0
  116 1.500  4000   100     0   100     0     0     0   67.5   67.8   67.5   67.8   67.5   67.5   67.5   0.00   0.00   0.00   0.00   0.00   1.9   0.2   0.0     2.966     2.530    40.835     6.581  6866.328     0.000     55.3     26.2      0.3      2.7     26.8     15.6
  117 0.900  4000    80     0    80     0     0     0   40.5   41.1   40.5   41.1   40.5   40.5   40.5   0.00   0.00   0.00   0.00   0.00   0.9   0.1   0.0     1.552     2.949    64.688     3.762  3540.850     0.000     26.9     12.8      0.1      1.3     12.8      7.7
  118 0.900  4000    72     0    72     0     0     0   40.5   41.4   40.5   41.4   40.5   40.5   40.5   0.00   0.00   0.00   0.00   0.00   0.9   0.1   0.1     1.279     1.131    17.443     2.741  2960.838     0.000     25.2     12.0      0.1      1.2     12.1      7.2
  119 0.100  6000    88     0    88     0     0     0    4.5   23.2    4.5   23.2    4.5    4.5    4.5   0.00   0.00   0.00   0.00   0.00   0.5   0.4   0.4     0.291     0.566    11.567     0.455   662.369     0.000     13.3      5.6      0.0      0.2     10.5      1.5
  120 0.100  4000    88     0    88     0     0     0    4.5    6.2    4.5    6.2    4.5    4.5    4.5   0.00   0.00   0.00   0.00   0.00   0.2   0.1   0.0     0.903    10.893   291.466     3.538  1688.671     0.000      4.4      2.0      0.0      0.1      2.7      1.0
  121 1.500  4000    80     0    80     0     0     0   67.5   68.6   67.5   68.6   67.5   67.5   67.5   0.00   0.00   0.00   0.00   0.00   1.5   0.3   0.0     2.487     3.926    82.560     5.844  5696.716     0.000     44.1     21.0      0.2      2.2     20.9     12.7
  122 0.900  4000   380   280   100     0     0     0   40.5   42.0   42.1   42.0   40.5   40.5   40.5   0.00   0.00   0.00   0.00   0.00   4.4   0.4   0.2     6.433     5.927    96.184    14.020 14890.577     0.000    128.3     60.9      0.6      6.4     61.1     36.7
  123 0.900  4000   548   304   116   128     0     0   40.5   42.0   42.0   42.1   42.1   40.5   40.5   0.00   0.00   0.00   0.00   0.00   6.4   0.7   0.2     9.483     8.460   134.842    20.746 21954.801     0.000    188.0     89.3      0.9      9.4     89.4     53.9
  124 0.100  4000   384   284   100     0     0     0    4.5   15.7   15.3   16.9    4.5    4.5    4.5   0.00   0.00   0.00   0.00   0.00   1.7   1.3   0.4     1.392     4.410    97.302     2.929  3100.893     0.000     48.5     22.0      0.1      1.8     27.5     11.3
  125 0.100  4000   512   280   112   120     0     0    4.5   20.2   22.7   18.1   16.1    4.5    4.5   0.00   0.00   0.00   0.00   0.00   3.1   2.5   0.5     2.205     4.273    84.455     4.209  4997.854     0.000     89.4     40.7      0.2      3.4     49.6     21.3
  126 0.100  4000   424   276   148     0     0     0    4.5    5.8    5.8    5.9    4.5    4.5    4.5   0.00   0.00   0.00   0.00   0.00   0.7   0.3   0.0     3.965    46.605  1235.984    15.604  7446.598     0.000     20.5      9.5      0.1      0.9     10.5      5.4
  127 0.100  4000   516   280   112   124     0     0    4.5    6.0    5.9    6.5    5.8    4.5    4.5   0.00   0.00   0.00   0.00   0.00   0.9   0.4   0.0     4.988    56.957  1533.378    20.042  9399.264     0.000     25.5     11.7      0.1      1.0     13.4      6.5
  128 0.400  4000   420   276   144     0     0     0   18.0   18.5   18.7   18.1   18.0   18.0   18.0   0.00   0.00   0.00   0.00   0.00   2.2   0.7   0.0     3.950     9.998   240.669    10.379  8918.272     0.000     63.6     30.3      0.3      3.3     29.7     18.5
  129 0.400  4000   512   280   112   120     0     0   18.0   19.1   18.8   19.9   19.2   18.0   18.0   0.00   0.00   0.00   0.00   0.00   2.7   0.6   0.1     4.930    15.073   368.684    13.364 11018.185     0.000     80.2     38.4      0.4      4.3     36.4     23.7
  130 0.300  4000   420   276   144     0     0     0   13.5   13.7   13.8   13.5   13.5   13.5   13.5   0.00   0.00   0.00   0.00   0.00   1.6   0.5   0.0     2.496     2.098    33.269     5.408  5783.211     0.000     47.5     22.6      0.2      2.4     22.5     13.6
  131 0.300  4000   280   280     0     0     0     0   13.5   13.9   13.9   13.5   13.5   13.5   13.5   0.00   0.00   0.00   0.00   0.00   1.1   0.4   0.0     1.652     1.374    21.737     3.532  3830.833     0.000     31.7     15.1      0.1      1.6     14.8      9.2
  132 0.100  4000   424   280   144     0     0     0    4.5    4.5    4.5    4.4    4.5    4.5    4.5   0.00   0.00   0.00   0.00   0.00   0.5   0.2   0.0     0.820     0.678    11.067     1.889  1902.755     0.000     15.2      7.2      0.1      0.8      7.3      4.4
  133 0.100  4000   280   280     0     0     0     0    4.5    4.5    4.5    4.5    4.5    4.5    4.5   0.00   0.00   0.00   0.00   0.00   0.3   0.2   0.0     0.536     0.442     7.206     1.213  1244.697     0.000     10.1      4.8      0.0      0.5      4.8      2.9
  134 0.200  4000   428   284   144     0     0     0    9.0    9.1    9.1    9.0    9.0    9.0    9.0   0.00   0.00   0.00   0.00   0.00   1.1   0.4   0.0     1.659     1.399    22.157     3.598  3843.946     0.000     31.6     15.0      0.1      1.6     15.1      9.1
  135 0.200  4000   272   272     0     0     0     0    9.0    9.2    9.2    9.0    9.0    9.0    9.0   0.00   0.00   0.00   0.00   0.00   0.7   0.3   0.0     1.082     0.902    14.256     2.316  2508.697     0.000     20.8      9.9      0.1      1.1      9.8      6.0
  136 0.100  4000   436   292   144     0     0     0    4.5    4.5    4.5    4.4    4.5    4.5    4.5   0.00   0.00   0.00   0.00   0.00   0.5   0.2   0.0     0.858     0.711    11.602     1.973  1990.453     0.000     16.0      7.6      0.1      0.8      7.6      4.6
  137 0.100  4000   268   268     0     0     0     0    4.5    4.5    4.5    4.5    4.5    4.5    4.5   0.00   0.00   0.00   0.00   0.00   0.3   0.2   0.0     0.550     0.454     7.395     1.247  1276.512     0.000     10.3      4.9      0.0      0.5      4.9      3.0
  138 0.300  4000   448   304   144     0     0     0   13.5   13.7   13.7   13.6   13.5   13.5   13.5   0.00   0.00   0.00   0.00   0.00   1.7   0.5   0.0     2.556     2.119    33.217     5.496  5923.334     0.000     49.0     23.3      0.2      2.4     23.4     14.0
  139 0.300  4000   244   244     0     0     0     0   13.5   13.7   13.7   13.5   13.5   13.5   13.5   0.00   0.00   0.00   0.00   0.00   1.0   0.3   0.0     1.495     1.223    19.246     3.215  3467.150     0.000     28.6     13.6      0.1      1.4     13.5      8.2
  140 0.400  4000   492   296   148    48     0     0   18.0   19.4   19.2   19.0   21.9   18.0   18.0   0.00   0.00   0.00   0.00   0.00   2.7   0.8   0.2     4.281    15.284   366.265    10.462  9474.165     0.000     77.2     36.5      0.3      3.8     37.3     21.7
  141 0.400  4000   228   228     0     0     0     0   18.0   19.4   19.4   18.0   18.0   18.0   18.0   0.00   0.00   0.00   0.00   0.00   1.3   0.5   0.2     1.843     3.701    85.220     4.140  4181.115     0.000     36.7     17.5      0.2      1.9     17.3     10.6
  142 0.100  4000   480   288   148    44     0     0    4.5   20.9   20.7   22.2   17.7    4.5    4.5   0.00   0.00   0.00   0.00   0.00   2.9   2.4   0.5     2.027     2.897    50.202     3.765  4631.500     0.000     84.7     37.8      0.2      2.7     52.6     17.2
  143 0.100  4000   232   232     0     0     0     0    4.5   14.1   14.1    4.5    4.5    4.5    4.5   0.00   0.00   0.00   0.00   0.00   0.9   0.7   0.4     0.798     2.164    47.339     1.723  1788.993     0.000     26.5     11.9      0.1      0.9     15.3      6.0
  144 0.100  4000   480   288   140    52     0     0    4.5    5.8    5.7    6.1    5.9    4.5    4.5   0.00   0.00   0.00   0.00   0.00   0.8   0.4   0.0     4.564    54.376  1435.804    18.022  8549.994     0.000     23.0     10.6      0.1      0.9     11.9      6.0
  145 0.100  4000   248   248     0     0     0     0    4.5    5.8    5.8    4.5    4.5    4.5    4.5   0.00   0.00   0.00   0.00   0.00   0.4   0.2   0.0     1.940    17.989   480.677     8.026  3783.628     0.000     11.7      5.4      0.0      0.5      5.9      3.1
  146 0.900  4000   492   304   136    52     0     0   40.5   42.1   42.6   41.2   41.6   40.5   40.5   0.00   0.00   0.00   0.00   0.00   5.7   1.4   0.0     9.569    19.185   437.943    23.312 21759.121     0.000    165.3     78.7      0.7      8.6     77.0     48.0
  147 0.900  4000   248   248     0     0     0     0   40.5   42.2   42.2   40.5   40.5   40.5   40.5   0.00   0.00   0.00   0.00   0.00   2.9   1.2   0.0     4.792     7.098   146.869    11.348 11009.536     0.000     85.4     40.9      0.4      4.6     38.7     25.3
  148 0.900  4000   288     0   288     0     0     0   40.5   41.7   40.5   41.7   40.5   40.5   40.5   0.00   0.00   0.00   0.00   0.00   3.3   0.4   0.2     4.845     4.325    68.012    10.501 11217.340     0.000     96.2     45.6      0.4      4.7     46.3     27.4
  149 0.900  4000   344   240   104     0     0     0   40.5   41.7   41.7   41.8   40.5   40.5   40.5   0.00   0.00   0.00   0.00   0.00   3.9   0.4   0.2     5.855     6.264   109.269    12.846 13520.001     0.000    114.9     54.5      0.5      5.6     55.4     32.6
  150 0.100  4000   292     0   292     0     0     0    4.5   13.4    4.5   13.4    4.5    4.5    4.5   0.00   0.00   0.00   0.00   0.00   1.1   0.8   0.3     1.095     5.363   129.426     2.658  2372.328     0.000     31.8     14.2      0.1      1.0     19.8      6.4
  151 0.100  4000   344   240   104     0     0     0    4.5   13.1   13.1   13.3    4.5    4.5    4.5   0.00   0.00   0.00   0.00   0.00   1.3   0.8   0.3     1.032     2.118    45.004     2.009  2343.483     0.000     36.8     16.4      0.1      1.2     22.3      7.8
  152 0.100  4000   104     0   104     0     0     0    4.5    5.6    4.5    5.6    4.5    4.5    4.5   0.00   0.00   0.00   0.00   0.00   0.2   0.1   0.0     0.914    11.716   301.656     3.463  1699.136     0.000      4.8      2.3      0.0      0.2      2.3      1.3
  153 0.100  4000     0     0     0     0     0     0    4.5    4.5    4.5    4.5    4.5    4.5    4.5   0.00   0.00   0.00   0.00   0.00   0.0   0.0   0.0     0.000     0.000     0.000     0.000     0.000     0.000      0.0      0.0      0.0      0.0      0.0      0.0
  154 0.400  4000   104     0   104     0     0     0   18.0   18.1   18.0   18.1   18.0   18.0   18.0   0.00   0.00   0.00   0.00   0.00   0.5   0.1   0.0     1.022     3.871    91.275     2.758  2261.424     0.000     15.4      7.3      0.1      0.8      7.4      4.4
  155 0.400  4000     0     0     0     0     0     0   18.0   18.0   18.0   18.0   18.0   18.0   18.0   0.00   0.00   0.00   0.00   0.00   0.0   0.0   0.0     0.000     0.000     0.000     0.000     0.000     0.000      0.0      0.0      0.0      0.0      0.0      0.0
  156 0.300  4000   104     0   104     0     0     0   13.5   13.5   13.5   13.5   13.5   13.5   13.5   0.00   0.00   0.00   0.00   0.00   0.4   0.1   0.0     0.620     0.530     8.413     1.367  1434.766     0.000     11.7      5.5      0.1      0.6      5.6      3.3
  157 0.300  4000     0     0     0     0     0     0   13.5   13.5   13.5   13.5   13.5   13.5   13.5   0.00   0.00   0.00   0.00   0.00   0.0   0.0   0.0     0.000     0.000     0.000     0.000     0.000     0.000      0.0      0.0      0.0      0.0      0.0      0.0
  158 0.100  4000   104     0   104     0     0     0    4.5    4.4    4.5    4.4    4.5    4.5    4.5   0.00   0.00   0.00   0.00   0.00   0.1   0.0   0.0     0.197     0.164     2.660     0.456   457.129     0.000      3.6      1.7      0.0      0.2      1.8      1.0
  159 0.100  4000     0     0     0     0     0     0    4.5    4.5    4.5    4.5    4.5    4.5    4.5   0.00   0.00   0.00   0.00   0.00   0.0   0.0   0.0     0.000     0.000     0.000     0.000     0.000     0.000      0.0      0.0      0.0      0.0      0.0      0.0
  160 0.200  4000   108     0   108     0     0     0    9.0    9.0    9.0    9.0    9.0    9.0    9.0   0.00   0.00   0.00   0.00   0.00   0.3   0.1   0.0     0.417     0.364     5.856     0.930   966.142     0.000      7.9      3.7      0.0      0.4      3.8      2.2
  161 0.200  4000     0     0     0     0     0     0    9.0    9.0    9.0    9.0    9.0    9.0    9.0   0.00   0.00   0.00   0.00   0.00   0.0   0.0   0.0     0.000     0.000     0.000     0.000     0.000     0.000      0.0      0.0      0.0      0.0      0.0      0.0
  162 0.100  4000   108     0   108     0     0     0    4.5    4.7    4.5    4.7    4.5    4.5    4.5   0.00   0.00   0.00   0.00   0.00   0.1   0.1   0.1     0.232     0.472    11.907     0.659   524.945     0.000      4.3      2.0      0.0      0.2      2.0      1.2
  163 0.100  4000     0     0     0     0     0     0    4.5    4.5    4.5    4.5    4.5    4.5    4.5   0.00   0.00   0.00   0.00   0.00   0.0   0.0   0.0     0.000     0.000     0.000     0.000     0.000     0.000      0.0      0.0      0.0      0.0      0.0      0.0
  164 0.300  4000    92     0    92     0     0     0   13.5   14.5   13.5   14.5   13.5   13.5   13.5   0.00   0.00   0.00   0.00   0.00   0.4   0.0   0.2     0.667     2.027    49.518     1.773  1486.884     0.000     12.0      5.8      0.1      0.7      5.4      3.6
  165 0.300  4000     0     0     0     0     0     0   13.5   13.5   13.5   13.5   13.5   13.5   13.5   0.00   0.00   0.00   0.00   0.00   0.0   0.0   0.0     0.000     0.000     0.000     0.000     0.000     0.000      0.0      0.0      0.0      0.0      0.0      0.0
  166 0.400  4000     0     0     0     0     0     0   18.0   18.0   18.0   18.0   18.0   18.0   18.0   0.00   0.00   0.00   0.00   0.00   0.0   0.0   0.0     0.000     0.000     0.000     0.000     0.000     0.000      0.0      0.0      0.0      0.0      0.0      0.0
  167 0.400  4000     0     0     0     0     0     0   18.0   18.0   18.0   18.0   18.0   18.0   18.0   0.00   0.00   0.00   0.00   0.00   0.0   0.0   0.0     0.000     0.000     0.000     0.000     0.000     0.000      0.0      0.0      0.0      0.0      0.0      0.0
  168 0.100  4000     0     0     0     0     0     0    4.5    4.5    4.5    4.5    4.5    4.5    4.5   0.00   0.00   0.00   0.00   0.00   0.0   0.0   0.0     0.000     0.000     0.000     0.000     0.000     0.000      0.0      0.0      0.0      0.0      0.0      0.0
  169 0.100  4000     0     0     0     0     0     0    4.5    4.5    4.5    4.5    4.5    4.5    4.5   0.00   0.00   0.00   0.00   0.00   0.0   0.0   0.0     0.000     0.000     0.000     0.000     0.000     0.000      0.0      0.0      0.0      0.0      0.0      0.0
  170 0.100  4000   208     0   156    52     0     0    4.5    5.4    4.5    5.5    5.2    4.5    4.5   0.00   0.00   0.00   0.00   0.00   0.3   0.1   0.0     1.577    17.973   471.056     6.023  2992.710     0.000      9.2      4.2      0.0      0.4      4.7      2.4
  171 0.100  4000     0     0     0     0     0     0    4.5    4.5    4.5    4.5    4.5    4.5    4.5   0.00   0.00   0.00   0.00   0.00   0.0   0.0   0.0     0.000     0.000     0.000     0.000     0.000     0.000      0.0      0.0      0.0      0.0      0.0      0.0
  172 0.900  4000   208     0   156    52     0     0   40.5   41.1   40.5   41.1   41.3   40.5   40.5   0.00   0.00   0.00   0.00   0.00   2.4   0.4   0.0     3.982     5.801   120.324     9.319  9139.907     0.000     71.2     33.9      0.3      3.6     33.6     20.5
  173 0.900  4000     0     0     0     0     0     0   40.5   40.5   40.5   40.5   40.5   40.5   40.5   0.00   0.00   0.00   0.00   0.00   0.0   0.0   0.0     0.000     0.000     0.000     0.000     0.000     0.000      0.0      0.0      0.0      0.0      0.0      0.0
  174 0.900  4000    64     0    64     0     0     0   40.5   41.3   40.5   41.3   40.5   40.5   40.5   0.00   0.00   0.00   0.00   0.00   0.8   0.1   0.2     1.164     1.116    18.985     2.588  2686.706     0.000     22.5     10.7      0.1      1.1     10.9      6.4
  175 0.900  4000     0     0     0     0     0     0   40.5   40.5   40.5   40.5   40.5   40.5   40.5   0.00   0.00   0.00   0.00   0.00   0.0   0.0   0.0     0.000     0.000     0.000     0.000     0.000     0.000      0.0      0.0      0.0      0.0      0.0      0.0
  176 0.100  4000    64     0    64     0     0     0    4.5   19.0    4.5   19.0    4.5    4.5    4.5   0.00   0.00   0.00   0.00   0.00   0.3   0.3   0.4     0.238     0.823    16.843     0.404   530.978     0.000      9.9      4.2      0.0      0.2      7.7      1.2
  177 0.100  4000     0     0     0     0     0     0    4.5    4.5    4.5    4.5    4.5    4.5    4.5   0.00   0.00   0.00   0.00   0.00   0.0   0.0   0.0     0.000     0.000     0.000     0.000     0.000     0.000      0.0      0.0      0.0      0.0      0.0      0.0
  178 0.100  4000    64     0    64     0     0     0    4.5    5.8    4.5    5.8    4.5    4.5    4.5   0.00   0.00   0.00   0.00   0.00   0.1   0.0   0.0     0.584     7.218   189.050     2.230  1090.252     0.000      3.0      1.4      0.0      0.1      1.6      0.8
  179 0.100  4000     0     0     0     0     0     0    4.5    4.5    4.5    4.5    4.5    4.5    4.5   0.00   0.00   0.00   0.00   0.00   0.0   0.0   0.0     0.000     0.000     0.000     0.000     0.000     0.000      0.0      0.0      0.0      0.0      0.0      0.0
  180 0.400  4000    64     0    64     0     0     0   18.0   18.1   18.0   18.1   18.0   18.0   18.0   0.00   0.00   0.00   0.00   0.00   0.3   0.1   0.0     0.608     2.143    50.750     1.617  1353.239     0.000      9.4      4.5      0.0      0.5      4.5      2.7
  181 0.400  4000     0     0     0     0     0     0   18.0   18.0   18.0   18.0   18.0   18.0   18.0   0.00   0.00   0.00   0.00   0.00   0.0   0.0   0.0     0.000     0.000     0.000     0.000     0.000     0.000      0.0      0.0      0.0      0.0      0.0      0.0
  182 0.300  4000   112     0   112     0     0     0   13.5   14.6   13.5   14.6   13.5   13.5   13.5   0.00   0.00   0.00   0.00   0.00   0.5   0.1   0.0     1.452    12.751   331.839     4.878  2917.369     0.000     13.4      6.3      0.1      0.6      6.7      3.7
  183 0.300  4000    48     0    48     0     0     0   13.5   16.1   13.5   16.1   13.5   13.5   13.5   0.00   0.00   0.00   0.00   0.00   0.2   0.0   0.0     1.037    12.102   318.641     3.843  1966.741     0.000      6.2      2.9      0.0      0.3      3.2      1.6
  184 0.100  4000   116     0   116     0     0     0    4.5    4.4    4.5    4.4    4.5    4.5    4.5   0.00   0.00   0.00   0.00   0.00   0.2   0.0   0.0     0.237     0.196     3.224     0.563   550.867     0.000      4.3      2.0      0.0      0.2      2.1      1.2
  185 0.100  4000    44     0    44     0     0     0    4.5    4.4    4.5    4.4    4.5    4.5    4.5   0.00   0.00   0.00   0.00   0.00   0.1   0.0   0.0     0.103     0.087     1.525     0.266   238.524     0.000      1.8      0.8      0.0      0.1      0.9      0.5
  186 0.200  4000   120     0   120     0     0     0    9.0    9.0    9.0    9.0    9.0    9.0    9.0   0.00   0.00   0.00   0.00   0.00   0.3   0.1   0.0     0.451     0.391     6.164     0.978  1042.982     0.000      8.6      4.1      0.0      0.4      4.1      2.4
  187 0.200  4000    44     0    44     0     0     0    9.0    9.0    9.0    9.0    9.0    9.0    9.0   0.00   0.00   0.00   0.00   0.00   0.1   0.0   0.0     0.164     0.146     2.250     0.340   380.051     0.000      3.2      1.5      0.0      0.2      1.5      0.9
  188 0.100  4000   120     0   120     0     0     0    4.5    4.4    4.5    4.4    4.5    4.5    4.5   0.00   0.00   0.00   0.00   0.00   0.1   0.0   0.0     0.239     0.196     3.307     0.594   554.632     0.000      4.3      2.0      0.0      0.2      2.1      1.2
  189 0.100  4000    44     0    44     0     0     0    4.5    4.4    4.5    4.4    4.5    4.5    4.5   0.00   0.00   0.00   0.00   0.00   0.1   0.0   0.0     0.091     0.075     1.382     0.257   211.792     0.000      1.5      0.7      0.0      0.1      0.7      0.4
  190 0.300  4000   116     0   116     0     0     0   13.5   13.7   13.5   13.7   13.5   13.5   13.5   0.00   0.00   0.00   0.00   0.00   0.5   0.1   0.1     0.675     0.631    10.545     1.511  1561.862     0.000     13.3      6.3      0.1      0.7      6.4      3.8
  191 0.300  4000    44     0    44     0     0     0   13.5   13.5   13.5   13.5   13.5   13.5   13.5   0.00   0.00   0.00   0.00   0.00   0.2   0.0   0.0     0.265     0.223     3.537     0.588   612.982     0.000      4.9      2.3      0.0      0.2      2.4      1.4
  192 0.400  4000    60     0    60     0     0     0   18.0   18.2   18.0   18.2   18.0   18.0   18.0   0.00   0.00   0.00   0.00   0.00   0.3   0.0   0.1     0.552     0.882    21.986     1.456  1254.063     0.000      9.5      4.5      0.0      0.5      4.6      2.7
  193 0.400  4000    44     0    44     0     0     0   18.0   19.0   18.0   19.0   18.0   18.0   18.0   0.00   0.00   0.00   0.00   0.00   0.2   0.0   0.2     0.310     0.356     6.235     0.642   713.410     0.000      6.8      3.2      0.0      0.3      3.2      2.0
  194 0.100  4000    60     0    60     0     0     0    4.5    4.5    4.5    4.5    4.5    4.5    4.5   0.00   0.00   0.00   0.00   0.00   0.1   0.0   0.0     0.115     0.094     1.561     0.275   265.990     0.000      2.1      1.0      0.0      0.1      1.0      0.6
  195 0.100  4000    44     0    44     0     0     0    4.5   24.1    4.5   24.1    4.5    4.5    4.5   0.00   0.00   0.00   0.00   0.00   0.3   0.2   0.6     0.156     0.167     1.528     0.174   359.620     0.000      8.6      3.6      0.0      0.1      6.7      1.0
  196 0.100  4000    60     0    60     0     0     0    4.5    4.4    4.5    4.4    4.5    4.5    4.5   0.00   0.00   0.00   0.00   0.00   0.1   0.0   0.0     0.125     0.099     1.607     0.293   290.306     0.000      2.3      1.1      0.0      0.1      1.1      0.7
  197 0.100  4000    44     0    44     0     0     0    4.5    6.3    4.5    6.3    4.5    4.5    4.5   0.00   0.00   0.00   0.00   0.00   0.1   0.0   0.0     0.533     7.104   186.772     2.078   974.081     0.000      2.2      1.0      0.0      0.1      1.2      0.6
  198 0.900  4000    72     0    72     0     0     0   40.5   40.6   40.5   40.6   40.5   40.5   40.5   0.00   0.00   0.00   0.00   0.00   0.7   0.0   0.0     1.158     1.002    15.799     2.529  2677.877     0.000     21.7     10.3      0.1      1.0     10.5      6.1
  199 0.900  4000    48     0    48     0     0     0   40.5   41.0   40.5   41.0   40.5   40.5   40.5   0.00   0.00   0.00   0.00   0.00   0.5   0.1   0.0     0.913     2.353    53.557     2.277  2061.739     0.000     15.1      7.2      0.1      0.8      7.1      4.4
  200 1.000  1600    48     0    48     0     0     0   60.0   70.3   60.0   70.3   60.0   60.0   60.0   0.00   0.00   0.00   0.00   0.00   0.9   0.1   0.9     1.009     1.052    17.531     1.406  2330.782     0.000     35.8     17.3      0.1      2.2     14.4     11.3
  201 1.000  1600     0     0     0     0     0     0   60.0   60.0   60.0   60.0   60.0   60.0   60.0   0.00   0.00   0.00   0.00   0.00   0.0   0.0   0.0     0.000     0.000     0.000     0.000     0.000     0.000      0.0      0.0      0.0      0.0      0.0      0.0
  202 1.000  1600     0     0     0     0     0     0   60.0   60.0   60.0   60.0   60.0   60.0   60.0   0.00   0.00   0.00   0.00   0.00   0.0   0.0   0.0     0.000     0.000     0.000     0.000     0.000     0.000      0.0      0.0      0.0      0.0      0.0      0.0
  203 1.000  1600    48     0     0    48     0     0   60.0   73.5   60.0   60.0   73.5   60.0   60.0   0.00   0.00   0.00   0.00   0.00   1.1   0.2   1.0     1.125     1.160    19.059     1.550  2599.555     0.000     40.8     19.7      0.2      2.5     16.5     12.8
  204 1.000  1600     0     0     0     0     0     0   60.0   60.0   60.0   60.0   60.0   60.0   60.0   0.00   0.00   0.00   0.00   0.00   0.0   0.0   0.0     0.000     0.000     0.000     0.000     0.000     0.000      0.0      0.0      0.0      0.0      0.0      0.0
  205 1.000  1600     0     0     0     0     0     0   60.0   60.0   60.0   60.0   60.0   60.0   60.0   0.00   0.00   0.00   0.00   0.00   0.0   0.0   0.0     0.000     0.000     0.000     0.000     0.000     0.000      0.0      0.0      0.0      0.0      0.0      0.0
  206 1.000  1600     0     0     0     0     0     0   60.0   60.0   60.0   60.0   60.0   60.0   60.0   0.00   0.00   0.00   0.00   0.00   0.0   0.0   0.0     0.000     0.000     0.000     0.000     0.000     0.000      0.0      0.0      0.0      0.0      0.0      0.0
  207 1.000  1600     0     0     0     0     0     0   60.0   60.0   60.0   60.0   60.0   60.0   60.0   0.00   0.00   0.00   0.00   0.00   0.0   0.0   0.0     0.000     0.000     0.000     0.000     0.000     0.000      0.0      0.0      0.0      0.0      0.0      0.0
  208 1.000  1600   232     0   112   120     0     0   60.0   61.6   60.0   61.8   61.5   60.0   60.0   0.00   0.00   0.00   0.00   0.00   3.8   0.1   0.1     4.481     3.947    60.615     6.120 10378.423     0.000    144.6     70.7      0.6      9.6     53.5     47.9
  209 1.000  1600    92     0    92     0     0     0   60.0   71.4   60.0   71.4   60.0   60.0   60.0   0.00   0.00   0.00   0.00   0.00   1.8   0.2   1.0     1.853     1.700    24.438     2.402  4293.657     0.000     68.5     33.4      0.3      4.5     25.9     22.4
  210 1.000  1600     0     0     0     0     0     0   60.0   60.0   60.0   60.0   60.0   60.0   60.0   0.00   0.00   0.00   0.00   0.00   0.0   0.0   0.0     0.000     0.000     0.000     0.000     0.000     0.000      0.0      0.0      0.0      0.0      0.0      0.0
  211 1.000  1600    52     0    52     0     0     0   60.0   60.1   60.0   60.1   60.0   60.0   60.0   0.00   0.00   0.00   0.00   0.00   0.8   0.0   0.1     0.971     0.869    13.656     1.359  2249.024     0.000     30.7     15.0      0.1      2.0     11.5     10.1
  212 1.000  1600    48     0    48     0     0     0   60.0   70.2   60.0   70.2   60.0   60.0   60.0   0.00   0.00   0.00   0.00   0.00   0.9   0.1   0.9     0.987     0.911    13.453     1.307  2287.594     0.000     35.7     17.2      0.1      2.2     14.9     11.0
  213 1.000  1600     0     0     0     0     0     0   60.0   60.0   60.0   60.0   60.0   60.0   60.0   0.00   0.00   0.00   0.00   0.00   0.0   0.0   0.0     0.000     0.000     0.000     0.000     0.000     0.000      0.0      0.0      0.0      0.0      0.0      0.0
  214 1.000  1600     0     0     0     0     0     0   60.0   60.0   60.0   60.0   60.0   60.0   60.0   0.00   0.00   0.00   0.00   0.00   0.0   0.0   0.0     0.000     0.000     0.000     0.000     0.000     0.000      0.0      0.0      0.0      0.0      0.0      0.0
  215 1.000  1600     0     0     0     0     0     0   60.0   60.0   60.0   60.0   60.0   60.0   60.0   0.00   0.00   0.00   0.00   0.00   0.0   0.0   0.0     0.000     0.000     0.000     0.000     0.000     0.000      0.0      0.0      0.0      0.0      0.0      0.0
  216 1.000  1600     0     0     0     0     0     0   60.0   60.0   60.0   60.0   60.0   60.0   60.0   0.00   0.00   0.00   0.00   0.00   0.0   0.0   0.0     0.000     0.000     0.000     0.000     0.000     0.000      0.0      0.0      0.0      0.0      0.0      0.0
  217 1.000  1600     0     0     0     0     0     0   60.0   60.0   60.0   60.0   60.0   60.0   60.0   0.00   0.00   0.00   0.00   0.00   0.0   0.0   0.0     0.000     0.000     0.000     0.000     0.000     0.000      0.0      0.0      0.0      0.0      0.0      0.0
  218 1.000  1600    52     0    52     0     0     0   60.0   72.6   60.0   72.6   60.0   60.0   60.0   0.00   0.00   0.00   0.00   0.00   1.1   0.1   0.9     1.597     5.375   156.166     3.928  3498.310     0.000     41.0     19.5      0.1      2.3     18.2     12.1
  219 1.000  1600     0     0     0     0     0     0   60.0   60.0   60.0   60.0   60.0   60.0   60.0   0.00   0.00   0.00   0.00   0.00   0.0   0.0   0.0     0.000     0.000     0.000     0.000     0.000     0.000      0.0      0.0      0.0      0.0      0.0      0.0
  220 1.000  1600    52     0    52     0     0     0   60.0   61.7   60.0   61.7   60.0   60.0   60.0   0.00   0.00   0.00   0.00   0.00   0.9   0.0   0.0     1.511     5.029   147.336     3.785  3310.784     0.000     33.7     16.2      0.1      2.0     13.9     10.4
  221 1.000  1600     0     0     0     0     0     0   60.0   60.0   60.0   60.0   60.0   60.0   60.0   0.00   0.00   0.00   0.00   0.00   0.0   0.0   0.0     0.000     0.000     0.000     0.000     0.000     0.000      0.0      0.0      0.0      0.0      0.0      0.0
  222 1.000  1600    48     0    48     0     0     0   60.0   72.2   60.0   72.2   60.0   60.0   60.0   0.00   0.00   0.00   0.00   0.00   1.0   0.1   0.9     1.427     4.882   142.486     3.565  3121.008     0.000     36.3     17.3      0.1      2.1     15.9     10.8
  223 1.000  1600    52     0    52     0     0     0   60.0   61.8   60.0   61.8   60.0   60.0   60.0   0.00   0.00   0.00   0.00   0.00   0.9   0.0   0.0     1.488     4.877   142.432     3.680  3264.591     0.000     33.6     16.2      0.1      2.0     13.7     10.5
   2700      4
   10 1.500  6600  1988  1988     0     0     0     0   54.0   55.1   55.1   54.0   54.0   54.0   54.0   0.00   0.00   0.00   0.00   0.00  30.5  13.5   0.0    63.282    65.596  1306.353   211.789145720.047     0.000    692.2    319.4      5.5     21.3    356.4    189.6
   11 0.250  8800  1980  1980     0     0     0     0    9.0    9.0    9.0    9.0    9.0    9.0    9.0   0.00   0.00   0.00   0.00   0.00   5.0   2.4   0.0    10.187     9.027   153.863    33.420 23529.631     0.000    113.6     52.3      0.9      3.3     58.5     31.2
   12 0.500  6600  1980  1980     0     0     0     0   18.0   18.2   18.2   18.0   18.0   18.0   18.0   0.00   0.00   0.00   0.00   0.00  10.1   4.3   0.0    20.491    18.024   308.731    67.493 47335.680     0.000    228.2    105.1      1.9      6.7    117.3     62.7
   13 0.250  8800  1992  1992     0     0     0     0    9.0    9.0    9.0    9.0    9.0    9.0    9.0   0.00   0.00   0.00   0.00   0.00   5.0   2.3   0.0    10.227     9.060   154.458    33.588 23622.750     0.000    113.9     52.5      1.0      3.3     58.6     31.3
   14 1.500  6600  1968  1968     0     0     0     0   54.0   54.8   54.8   54.0   54.0   54.0   54.0   0.00   0.00   0.00   0.00   0.00  30.2  11.5   0.0    61.581    53.911   924.640   202.939142257.984     0.000    686.2    316.0      5.8     20.0    352.1    188.9
   15 1.500  6600  3216  1368     0     0  1240   608   54.0   70.4   70.1   54.0   54.0   70.3   71.4   0.00   0.00   0.00   0.00   0.00  63.8  46.7   1.3   212.705  1960.783 49136.027   758.559422319.281     0.000   1448.5    678.3      6.7     63.7    714.2    401.7
   16 0.250  8800  1968  1968     0     0     0     0    9.0    9.0    9.0    9.0    9.0    9.0    9.0   0.00   0.00   0.00   0.00   0.00   4.9   2.2   0.0    10.103     8.944   152.616    33.236 23333.430     0.000    112.4     51.7      0.9      3.3     57.7     30.9
   17 0.250  8800  3224  1368     0     0  1248   608    9.0   12.3   12.5    9.0    9.0   12.1   12.5   0.00   0.00   0.00   0.00   0.00  11.1   8.6   0.3    38.028   386.802  9724.879   135.800 74134.586     0.000    251.9    117.9      1.5     10.3    124.3     70.5
   18 0.500  6600  1948  1948     0     0     0     0   18.0   18.1   18.1   18.0   18.0   18.0   18.0   0.00   0.00   0.00   0.00   0.00   9.9   3.8   0.0    20.213    17.760   304.819    66.738 46691.102     0.000    224.8    103.5      1.9      6.5    115.4     61.9
   19 0.500  6600  3192  1344     0     0  1240   608   18.0   22.4   22.4   18.0   18.0   22.4   22.2   0.00   0.00   0.00   0.00   0.00  20.1  14.3   0.4    75.795   773.882 19150.850   272.741147620.203     0.000    456.4    213.8      2.5     19.3    224.9    127.5
   20 0.250  8800  1928  1928     0     0     0     0    9.0    9.0    9.0    9.0    9.0    9.0    9.0   0.00   0.00   0.00   0.00   0.00   4.9   2.0   0.0     9.931     8.797   150.103    32.696 22936.795     0.000    110.4     50.8      0.9      3.2     56.7     30.4
   21 0.250  8800  3188  1340     0     0  1240   608    9.0   10.5   10.5    9.0    9.0   10.3   10.7   0.00   0.00   0.00   0.00   0.00   9.4   6.5   0.2    27.352   216.511  5355.722    94.124 55705.930     0.000    211.9     98.4      1.4      7.6    108.0     58.2
   22 1.500  6600  1880  1880     0     0     0     0   54.0   54.7   54.7   54.0   54.0   54.0   54.0   0.00   0.00   0.00   0.00   0.00  28.9   9.6   0.0    59.005    51.666   887.546   194.899136298.484     0.000    656.4    302.2      5.6     19.1    336.4    180.9
   23 1.500  6600  3020  1232     0     0  1200   588   54.0   73.3   73.2   54.0   54.0   73.0   74.3   0.00   0.00   0.00   0.00   0.00  64.1  46.5   1.6   225.998  2260.237 56267.438   808.715442055.094     0.000   1455.2    676.4      9.4     53.2    737.8    400.3
   24 0.250  8800  1872  1872     0     0     0     0    9.0    9.0    9.0    9.0    9.0    9.0    9.0   0.00   0.00   0.00   0.00   0.00   4.7   1.9   0.0     9.635     8.541   145.742    31.746 22250.131     0.000    107.0     49.3      0.9      3.1     54.9     29.5
   25 0.250  8800  3020  1244     0     0  1192   584    9.0   10.1   10.2    9.0    9.0   10.0    9.9   0.00   0.00   0.00   0.00   0.00   8.5   5.5   0.1    22.703   144.684  3593.374    77.121 47552.391     0.000    192.9     89.5      1.3      6.7     98.1     53.1
   26 0.500  6600  1844  1844     0     0     0     0   18.0   18.1   18.1   18.0   18.0   18.0   18.0   0.00   0.00   0.00   0.00   0.00   9.4   3.3   0.0    19.194    16.872   289.910    63.496 44335.406     0.000    213.1     98.1      1.8      6.2    109.3     58.7
   27 0.500  6600  3008  1260     0     0  1176   572   18.0   21.0   20.8   18.0   18.0   21.1   20.9   0.00   0.00   0.00   0.00   0.00  17.6  11.5   0.3    53.489   430.576 10608.185   185.370108722.188     0.000    399.4    185.5      2.8     14.2    202.2    110.2
   28 0.250  8800  1844  1844     0     0     0     0    9.0    9.0    9.0    9.0    9.0    9.0    9.0   0.00   0.00   0.00   0.00   0.00   4.6   1.8   0.0     9.510     8.431   143.886    31.344 21961.340     0.000    105.6     48.6      0.9      3.1     54.1     29.1
   29 0.250  8800  2996  1264     0     0  1156   576    9.0   10.2   10.1    9.0    9.0   10.0   10.5   0.00   0.00   0.00   0.00   0.00   8.5   5.5   0.1    23.089   154.945  3853.615    77.966 48072.039     0.000    193.8     89.8      1.3      6.7     99.5     52.9
   30 1.500  6600  1824  1824     0     0     0     0   54.0   54.7   54.7   54.0   54.0   54.0   54.0   0.00   0.00   0.00   0.00   0.00  27.9   8.5   0.0    56.917    49.935   856.393   188.088131462.656     0.000    632.3    291.1      5.4     18.4    323.8    174.4
   31 1.500  6600  2968  1288     0     0  1112   568   54.0   63.6   63.4   54.0   54.0   64.0   63.4   0.00   0.00   0.00   0.00   0.00  52.9  33.2   0.8   150.725  1115.332 27477.057   514.831310365.250     0.000   1202.1    558.9      8.2     43.2    608.4    332.1
   32 0.250  8800  2928  1264     0     0  1100   564    9.0   10.3   10.2    9.0    9.0   10.3   10.2   0.00   0.00   0.00   0.00   0.00   8.5   5.7   0.1    26.558   221.335  5458.735    92.024 53644.234     0.000    192.8     89.9      1.2      7.3     96.2     53.7
   33 0.500  6600  2928  1272     0     0  1104   552   18.0   20.2   20.5   18.0   18.0   20.0   20.1   0.00   0.00   0.00   0.00   0.00  16.5  10.2   0.2    46.037   312.519  7731.073   156.735 95754.813     0.000    375.3    174.1      2.5     13.2    192.2    102.5
   34 0.250  8800  2920  1272     0     0  1096   552    9.0    9.8   10.0    9.0    9.0    9.7    9.8   0.00   0.00   0.00   0.00   0.00   8.0   5.2   0.1    21.042   128.589  3167.694    70.110 44351.691     0.000    182.5     84.6      1.3      6.2     93.8     49.9
   35 1.500  6600  3024  1312     0     0  1148   564   54.0   63.2   64.1   54.0   54.0   61.9   63.8   0.00   0.00   0.00   0.00   0.00  51.8  32.3   0.4   124.714   618.904 15034.746   409.600268296.531     0.000   1176.1    544.9      8.2     39.9    602.0    322.2
   50 0.200  2000     0     0     0     0     0     0    8.5    8.5    8.5    8.5    8.5    8.5    8.5   0.00   0.00   0.00   0.00   0.00   0.0   0.0   0.0     0.000     0.000     0.000     0.000     0.000     0.000      0.0      0.0      0.0      0.0      0.0      0.0
   51 0.070  2000     0     0     0     0     0     0    3.0    3.0    3.0    3.0    3.0    3.0    3.0   0.00   0.00   0.00   0.00   0.00   0.0   0.0   0.0     0.000     0.000     0.000     0.000     0.000     0.000      0.0      0.0      0.0      0.0      0.0      0.0
   52 0.200  2000     0     0     0     0     0     0    8.5    8.5    8.5    8.5    8.5    8.5    8.5   0.00   0.00   0.00   0.00   0.00   0.0   0.0   0.0     0.000     0.000     0.000     0.000     0.000     0.000      0.0      0.0      0.0      0.0      0.0      0.0
   53 0.070  2000     0     0     0     0     0     0    3.0    3.0    3.0    3.0    3.0    3.0    3.0   0.00   0.00   0.00   0.00   0.00   0.0   0.0   0.0     0.000     0.000     0.000     0.000     0.000     0.000      0.0      0.0      0.0      0.0      0.0      0.0
   54 0.200  2000     0     0     0     0     0     0    8.5    8.5    8.5    8.5    8.5    8.5    8.5   0.00   0.00   0.00   0.00   0.00   0.0   0.0   0.0     0.000     0.000     0.000     0.000     0.000     0.000      0.0      0.0      0.0      0.0      0.0      0.0
   55 0.200  2000     0     0     0     0     0     0    8.5    8.5    8.5    8.5    8.5    8.5    8.5   0.00   0.00   0.00   0.00   0.00   0.0   0.0   0.0     0.000     0.000     0.000     0.000     0.000     0.000      0.0      0.0      0.0      0.0      0.0      0.0
   56 0.070  2000     0     0     0     0     0     0    3.0    3.0    3.0    3.0    3.0    3.0    3.0   0.00   0.00   0.00   0.00   0.00   0.0   0.0   0.0     0.000     0.000     0.000     0.000     0.000     0.000      0.0      0.0      0.0      0.0      0.0      0.0
   57 0.070  2000     0     0     0     0     0     0    3.0    3.0    3.0    3.0    3.0    3.0    3.0   0.00   0.00   0.00   0.00   0.00   0.0   0.0   0.0     0.000     0.000     0.000     0.000     0.000     0.000      0.0      0.0      0.0      0.0      0.0      0.0
   58 0.200  2000     0     0     0     0     0     0    8.5    8.5    8.5    8.5    8.5    8.5    8.5   0.00   0.00   0.00   0.00   0.00   0.0   0.0   0.0     0.000     0.000     0.000     0.000     0.000     0.000      0.0      0.0      0.0      0.0      0.0      0.0
   59 0.200  2000     0     0     0     0     0     0    8.5    8.5    8.5    8.5    8.5    8.5    8.5   0.00   0.00   0.00   0.00   0.00   0.0   0.0   0.0     0.000     0.000     0.000     0.000     0.000     0.000      0.0      0.0      0.0      0.0      0.0      0.0
   60 0.070  2000     0     0     0     0     0     0    3.0    3.0    3.0    3.0    3.0    3.0    3.0   0.00   0.00   0.00   0.00   0.00   0.0   0.0   0.0     0.000     0.000     0.000     0.000     0.000     0.000      0.0      0.0      0.0      0.0      0.0      0.0
   61 0.070  2000     0     0     0     0     0     0    3.0    3.0    3.0    3.0    3.0    3.0    3.0   0.00   0.00   0.00   0.00   0.00   0.0   0.0   0.0     0.000     0.000     0.000     0.000     0.000     0.000      0.0      0.0      0.0      0.0      0.0      0.0
   62 0.200  2000     0     0     0     0     0     0    8.5    8.5    8.5    8.5    8.5    8.5    8.5   0.00   0.00   0.00   0.00   0.00   0.0   0.0   0.0     0.000     0.000     0.000     0.000     0.000     0.000      0.0      0.0      0.0      0.0      0.0      0.0
   63 0.200  2000     0     0     0     0     0     0    8.5    8.5    8.5    8.5    8.5    8.5    8.5   0.00   0.00   0.00   0.00   0.00   0.0   0.0   0.0     0.000     0.000     0.000     0.000     0.000     0.000      0.0      0.0      0.0      0.0      0.0      0.0
   64 0.070  2000     0     0     0     0     0     0    3.0    3.0    3.0    3.0    3.0    3.0    3.0   0.00   0.00   0.00   0.00   0.00   0.0   0.0   0.0     0.000     0.000     0.000     0.000     0.000     0.000      0.0      0.0      0.0      0.0      0.0      0.0
   65 0.070  2000     0     0     0     0     0     0    3.0    3.0    3.0    3.0    3.0    3.0    3.0   0.00   0.00   0.00   0.00   0.00   0.0   0.0   0.0     0.000     0.000     0.000     0.000     0.000     0.000      0.0      0.0      0.0      0.0      0.0      0.0
   66 0.200  2000     0     0     0     0     0     0    8.5    8.5    8.5    8.5    8.5    8.5    8.5   0.00   0.00   0.00   0.00   0.00   0.0   0.0   0.0     0.000     0.000     0.000     0.000     0.000     0.000      0.0      0.0      0.0      0.0      0.0      0.0
   67 0.200  2000     0     0     0     0     0     0    8.5    8.5    8.5    8.5    8.5    8.5    8.5   0.00   0.00   0.00   0.00   0.00   0.0   0.0   0.0     0.000     0.000     0.000     0.000     0.000     0.000      0.0      0.0      0.0      0.0      0.0      0.0
   68 0.070  2000     0     0     0     0     0     0    3.0    3.0    3.0    3.0    3.0    3.0    3.0   0.00   0.00   0.00   0.00   0.00   0.0   0.0   0.0     0.000     0.000     0.000     0.000     0.000     0.000      0.0      0.0      0.0      0.0      0.0      0.0
   69 0.070  2000     0     0     0     0     0     0    3.0    3.0    3.0    3.0    3.0    3.0    3.0   0.00   0.00   0.00   0.00   0.00   0.0   0.0   0.0     0.000     0.000     0.000     0.000     0.000     0.000      0.0      0.0      0.0      0.0      0.0      0.0
   70 0.200  2000     0     0     0     0     0     0    8.5    8.5    8.5    8.5    8.5    8.5    8.5   0.00   0.00   0.00   0.00   0.00   0.0   0.0   0.0     0.000     0.000     0.000     0.000     0.000     0.000      0.0      0.0      0.0      0.0      0.0      0.0
   71 0.070  2000     0     0     0     0     0     0    3.0    3.0    3.0    3.0    3.0    3.0    3.0   0.00   0.00   0.00   0.00   0.00   0.0   0.0   0.0     0.000     0.000     0.000     0.000     0.000     0.000      0.0      0.0      0.0      0.0      0.0      0.0
   72 0.200  2000     0     0     0     0     0     0    8.5    8.5    8.5    8.5    8.5    8.5    8.5   0.00   0.00   0.00   0.00   0.00   0.0   0.0   0.0     0.000     0.000     0.000     0.000     0.000     0.000      0.0      0.0      0.0      0.0      0.0      0.0
   73 0.070  2000     0     0     0     0     0     0    3.0    3.0    3.0    3.0    3.0    3.0    3.0   0.00   0.00   0.00   0.00   0.00   0.0   0.0   0.0     0.000     0.000     0.000     0.000     0.000     0.000      0.0      0.0      0.0      0.0      0.0      0.0
   74 1.500  4000   112     0   112     0     0     0   67.5   68.4   67.5   68.4   67.5   67.5   67.5   0.00   0.00   0.00   0.00   0.00   2.2   0.0   0.1     3.420     3.115    50.652     7.504  7912.260     0.000     65.4     31.0      0.3      3.1     31.8     18.5
   75 0.100  6000   112     0   112     0     0     0    4.5   21.2    4.5   21.2    4.5    4.5    4.5   0.00   0.00   0.00   0.00   0.00   0.7   0.5   0.4     0.401     0.600     9.897     0.562   919.260     0.000     19.4      8.2      0.0      0.3     15.2      2.3
   76 0.100  4000   112     0   112     0     0     0    4.5    5.8    4.5    5.8    4.5    4.5    4.5   0.00   0.00   0.00   0.00   0.00   0.2   0.1   0.0     0.966    11.277   298.406     3.666  1822.395     0.000      5.5      2.5      0.0      0.2      3.0      1.3
   77 0.900  4000   116     0   116     0     0     0   40.5   40.8   40.5   40.8   40.5   40.5   40.5   0.00   0.00   0.00   0.00   0.00   1.3   0.3   0.0     2.201     4.590   100.131     5.322  5009.432     0.000     38.0     18.0      0.2      1.9     18.3     10.8
   78 0.900  4000   160     0   160     0     0     0   40.5   43.2   40.5   43.2   40.5   40.5   40.5   0.00   0.00   0.00   0.00   0.00   2.0   0.2   0.2     3.807    17.627   451.285    10.585  8248.077     0.000     57.1     26.9      0.2      2.7     28.0     15.8
   79 1.500  4000   508   272   120   116     0     0   67.5   69.6   69.4   69.9   69.9   67.5   67.5   0.00   0.00   0.00   0.00   0.00  10.0   1.2   0.2    15.171    15.589   274.130    33.330 35040.059     0.000    293.7    139.4      1.3     14.5    140.6     83.8
   80 0.100  6000   160     0   160     0     0     0    4.5   13.8    4.5   13.8    4.5    4.5    4.5   0.00   0.00   0.00   0.00   0.00   0.6   0.4   0.4     0.570     2.661    60.676     1.296  1243.806     0.000     18.0      8.0      0.0      0.5     11.2      3.6
   81 0.100  6000   492   260   116   116     0     0    4.5   22.6   25.1   18.6   21.3    4.5    4.5   0.00   0.00   0.00   0.00   0.00   3.2   2.6   0.5     1.961     2.409    32.902     2.967  4517.593     0.000     93.0     42.1      0.2      3.4     52.8     21.6
   82 0.100  4000   496   280   216     0     0     0    4.5    5.6    5.7    5.6    4.5    4.5    4.5   0.00   0.00   0.00   0.00   0.00   0.8   0.4   0.0     3.657    37.873  1008.991    14.182  7026.411     0.000     22.9     10.6      0.1      0.9     11.9      5.9
   83 0.100  4000   440   264   132    44     0     0    4.5    6.0    6.0    6.1    5.3    4.5    4.5   0.00   0.00   0.00   0.00   0.00   0.7   0.4   0.0     4.479    55.823  1479.910    17.511  8310.199     0.000     21.4      9.7      0.0      0.8     12.2      5.0
   84 0.900  4000   484   276   208     0     0     0   40.5   42.7   41.9   43.8   40.5   40.5   40.5   0.00   0.00   0.00   0.00   0.00   5.8   1.5   0.1     9.489    18.283   413.619    23.035 21614.461     0.000    168.1     80.2      0.7      8.8     78.0     48.9
   85 0.900  4000   436   268   124    44     0     0   40.5   41.6   41.7   41.7   41.1   40.5   40.5   0.00   0.00   0.00   0.00   0.00   5.1   1.1   0.0     8.426    13.471   294.535    20.098 19296.158     0.000    148.9     71.0      0.7      7.8     69.1     43.4
   86 0.900  4000   404   252   108    44     0     0   40.5   42.7   42.3   42.4   46.0   40.5   40.5   0.00   0.00   0.00   0.00   0.00   4.9   1.4   0.2     7.736    16.621   386.707    17.949 17517.939     0.000    143.2     68.0      0.6      7.2     67.8     41.0
   87 0.900  4000   424   252   124    48     0     0   40.5   42.1   42.2   41.9   41.7   40.5   40.5   0.00   0.00   0.00   0.00   0.00   5.0   1.2   0.2     7.238     6.551   104.642    15.363 16756.049     0.000    145.0     68.9      0.7      7.3     68.9     41.5
   88 0.100  6000   404   252   108    44     0     0    4.5   23.5   24.4   23.0   18.8    4.5    4.5   0.00   0.00   0.00   0.00   0.00   2.6   2.2   0.6     1.554     1.709    19.727     2.139  3587.191     0.000     76.9     33.9      0.1      2.2     50.6     14.1
   89 0.100  6000   428   260   124    44     0     0    4.5   14.2   14.3   13.5   15.5    4.5    4.5   0.00   0.00   0.00   0.00   0.00   1.7   1.3   0.4     1.382     3.862    84.456     2.781  3103.605     0.000     49.2     22.3      0.1      1.8     28.3     11.3
   90 0.100  4000   504   252   116   136     0     0    4.5    6.1    6.4    6.4    5.2    4.5    4.5   0.00   0.00   0.00   0.00   0.00   0.9   0.4   0.0     5.196    65.031  1726.533    20.243  9641.603     0.000     24.8     11.2      0.1      0.9     14.5      5.6
   91 0.100  4000   260   260     0     0     0     0    4.5    6.3    6.3    4.5    4.5    4.5    4.5   0.00   0.00   0.00   0.00   0.00   0.5   0.3   0.0     2.363    26.089   703.561     9.311  4485.068     0.000     13.3      6.0      0.0      0.4      7.9      2.9
   92 1.500  4000   496   240   124   132     0     0   67.5   69.2   69.5   68.9   69.1   67.5   67.5   0.00   0.00   0.00   0.00   0.00   9.6   2.5   0.0    15.495    20.634   426.000    35.694 35619.887     0.000    281.2    134.0      1.3     14.6    131.2     81.6
   93 0.900  4000   224   224     0     0     0     0   40.5   41.5   41.5   40.5   40.5   40.5   40.5   0.00   0.00   0.00   0.00   0.00   2.9   0.8   0.0     5.015    10.697   241.248    12.256 11397.097     0.000     86.0     41.1      0.4      4.6     39.5     25.2
   94 0.900  4000   236   236     0     0     0     0   40.5   41.7   41.7   40.5   40.5   40.5   40.5   0.00   0.00   0.00   0.00   0.00   2.6   0.7   0.1     3.851     3.303    50.936     8.200  8921.861     0.000     76.3     36.3      0.3      3.9     36.0     22.0
   95 0.100  6000   224   224     0     0     0     0    4.5   24.1   24.1    4.5    4.5    4.5    4.5   0.00   0.00   0.00   0.00   0.00   1.6   1.3   0.4     0.892     0.874     8.039     1.159  2065.250     0.000     45.6     19.2      0.0      0.7     36.5      4.9
   96 0.100  4000   232   232     0     0     0     0    4.5    5.8    5.8    4.5    4.5    4.5    4.5   0.00   0.00   0.00   0.00   0.00   0.4   0.2   0.0     1.834    21.083   563.901     6.906  3469.748     0.000     10.8      4.9      0.0      0.4      6.5      2.4
   97 1.500  4000   260   260     0     0     0     0   67.5   69.3   69.3   67.5   67.5   67.5   67.5   0.00   0.00   0.00   0.00   0.00   5.0   1.2   0.0     7.947    10.031   195.253    17.912 18299.652     0.000    146.3     69.6      0.7      7.4     69.0     42.1
   98 1.500  4000   112     0   112     0     0     0   67.5   68.5   67.5   68.5   67.5   67.5   67.5   0.00   0.00   0.00   0.00   0.00   2.1   0.1   0.2     3.220     3.079    52.664     7.116  7439.289     0.000     61.7     29.2      0.3      2.9     30.0     17.4
   99 0.100  6000   112     0   112     0     0     0    4.5   18.5    4.5   18.5    4.5    4.5    4.5   0.00   0.00   0.00   0.00   0.00   0.6   0.4   0.4     0.354     0.354     3.397     0.461   821.046     0.000     17.3      7.4      0.0      0.3     12.9      2.4
  100 0.100  4000   112     0   112     0     0     0    4.5    5.9    4.5    5.9    4.5    4.5    4.5   0.00   0.00   0.00   0.00   0.00   0.2   0.1   0.0     1.054    13.363   351.194     3.981  1959.192     0.000      5.4      2.5      0.0      0.2      3.1      1.3
  101 0.900  4000   120     0   120     0     0     0   40.5   43.3   40.5   43.3   40.5   40.5   40.5   0.00   0.00   0.00   0.00   0.00   1.4   0.1   0.3     2.517     9.008   222.610     6.534  5576.105     0.000     41.8     19.9      0.2      2.2     19.4     12.2
  102 0.900  4000     0     0     0     0     0     0   40.5   40.5   40.5   40.5   40.5   40.5   40.5   0.00   0.00   0.00   0.00   0.00   0.0   0.0   0.0     0.000     0.000     0.000     0.000     0.000     0.000      0.0      0.0      0.0      0.0      0.0      0.0
  103 1.500  4000   120     0   120     0     0     0   67.5   68.5   67.5   68.5   67.5   67.5   67.5   0.00   0.00   0.00   0.00   0.00   2.3   0.0   0.2     3.559     3.469    59.877     7.871  8225.776     0.000     68.1     32.2      0.3      3.3     33.1     19.2
  104 0.100  6000     0     0     0     0     0     0    4.5    4.5    4.5    4.5    4.5    4.5    4.5   0.00   0.00   0.00   0.00   0.00   0.0   0.0   0.0     0.000     0.000     0.000     0.000     0.000     0.000      0.0      0.0      0.0      0.0      0.0      0.0
  105 0.100  6000   124     0   124     0     0     0    4.5   14.9    4.5   14.9    4.5    4.5    4.5   0.00   0.00   0.00   0.00   0.00   0.5   0.3   0.4     0.432     1.525    35.824     0.901   958.012     0.000     15.0      6.5      0.0      0.4     10.5      2.5
  106 0.100  4000   100     0   100     0     0     0    4.5    5.3    4.5    5.3    4.5    4.5    4.5   0.00   0.00   0.00   0.00   0.00   0.1   0.1   0.0     0.735     8.700   223.481     2.764  1388.410     0.000      4.3      2.0      0.0      0.2      2.1      1.2
  107 0.100  4000    96     0    96     0     0     0    4.5    5.8    4.5    5.8    4.5    4.5    4.5   0.00   0.00   0.00   0.00   0.00   0.2   0.0   0.0     0.873    10.222   269.124     3.433  1645.988     0.000      4.6      2.1      0.0      0.2      2.4      1.2
  108 0.900  4000   104     0   104     0     0     0   40.5   40.8   40.5   40.8   40.5   40.5   40.5   0.00   0.00   0.00   0.00   0.00   1.1   0.2   0.0     1.873     2.662    55.826     4.426  4303.074     0.000     33.4     15.9      0.2      1.7     16.0      9.5
  109 0.900  4000    88     0    88     0     0     0   40.5   43.6   40.5   43.6   40.5   40.5   40.5   0.00   0.00   0.00   0.00   0.00   1.1   0.1   0.5     1.871     6.879   168.533     4.824  4146.143     0.000     31.4     15.0      0.1      1.6     14.6      9.2
  110 0.900  4000   100     0   100     0     0     0   40.5   41.6   40.5   41.6   40.5   40.5   40.5   0.00   0.00   0.00   0.00   0.00   1.2   0.2   0.2     1.760     1.702    28.541     3.847  4067.821     0.000     34.8     16.5      0.2      1.7     16.7      9.9
  111 0.900  4000     0     0     0     0     0     0   40.5   40.5   40.5   40.5   40.5   40.5   40.5   0.00   0.00   0.00   0.00   0.00   0.0   0.0   0.0     0.000     0.000     0.000     0.000     0.000     0.000      0.0      0.0      0.0      0.0      0.0      0.0
  112 0.100  6000   100     0   100     0     0     0    4.5    5.9    4.5    5.9    4.5    4.5    4.5   0.00   0.00   0.00   0.00   0.00   0.2   0.1   0.1     0.448     4.045   109.764     1.547   894.627     0.000      4.8      2.3      0.0      0.3      2.1      1.5
  113 0.100  6000     0     0     0     0     0     0    4.5    4.5    4.5    4.5    4.5    4.5    4.5   0.00   0.00   0.00   0.00   0.00   0.0   0.0   0.0     0.000     0.000     0.000     0.000     0.000     0.000      0.0      0.0      0.0      0.0      0.0      0.0
  114 0.100  4000   100     0   100     0     0     0    4.5    4.5    4.5    4.5    4.5    4.5    4.5   0.00   0.00   0.00   0.00   0.00   0.1   0.1   0.0     0.513     6.456   150.636     1.729   983.063     0.000      3.7      1.7      0.0      0.2      1.7      1.1
  115 0.100  4000    84     0    84     0     0     0    4.5    5.5    4.5    5.5    4.5    4.5    4.5   0.00   0.00   0.00   0.00   0.00   0.1   0.0   0.0     0.837    10.968   281.985     3.196  1548.248     0.000      4.0      1.9      0.0      0.2      2.0      1.1
  116 1.500  4000    88     0    88     0     0     0   67.5   68.0   67.5   68.0   67.5   67.5   67.5   0.00   0.00   0.00   0.00   0.00   1.8   0.3   0.0     2.749     2.317    36.653     6.064  6365.155     0.000     51.4     24.4      0.2      2.5     24.7     14.6
  117 0.900  4000    88     0    88     0     0     0   40.5   40.7   40.5   40.7   40.5   40.5   40.5   0.00   0.00   0.00   0.00   0.00   1.0   0.1   0.0     1.666     2.896    63.296     4.006  3809.059     0.000     29.1     13.8      0.1      1.4     14.0      8.2
  118 0.900  4000    92     0    92     0     0     0   40.5   41.6   40.5   41.6   40.5   40.5   40.5   0.00   0.00   0.00   0.00   0.00   1.1   0.1   0.2     1.568     1.424    21.781     3.309  3625.266     0.000     31.3     14.8      0.1      1.5     15.0      8.9
  119 0.100  6000    92     0    92     0     0     0    4.5   19.8    4.5   19.8    4.5    4.5    4.5   0.00   0.00   0.00   0.00   0.00   0.5   0.4   0.4     0.296     0.295     2.858     0.389   685.309     0.000     14.7      6.2      0.0      0.3     11.4      1.8
  120 0.100  4000    92     0    92     0     0     0    4.5    5.9    4.5    5.9    4.5    4.5    4.5   0.00   0.00   0.00   0.00   0.00   0.2   0.1   0.0     0.862    10.158   270.954     3.339  1621.497     0.000      4.5      2.0      0.0      0.2      2.6      1.0
  121 1.500  4000   104     0   104     0     0     0   67.5   68.2   67.5   68.2   67.5   67.5   67.5   0.00   0.00   0.00   0.00   0.00   1.9   0.4   0.0     3.138     4.726    95.881     7.288  7198.957     0.000     56.1     26.6      0.3      2.8     26.9     16.0
  122 0.900  4000   340   240   100     0     0     0   40.5   41.7   41.7   41.5   40.5   40.5   40.5   0.00   0.00   0.00   0.00   0.00   4.0   0.5   0.2     5.863     5.203    81.509    12.736 13574.062     0.000    116.0     55.0      0.5      5.6     55.9     32.9
  123 0.900  4000   500   240   132   128     0     0   40.5   41.9   42.0   42.0   41.6   40.5   40.5   0.00   0.00   0.00   0.00   0.00   5.9   0.7   0.2     8.745     8.195   138.526    19.320 20220.686     0.000    171.6     81.5      0.8      8.5     81.9     49.0
  124 0.100  4000   336   236   100     0     0     0    4.5   14.5   13.7   16.5    4.5    4.5    4.5   0.00   0.00   0.00   0.00   0.00   1.3   1.0   0.4     1.045     2.322    46.861     1.986  2366.673     0.000     39.4     17.8      0.1      1.4     23.2      8.7
  125 0.100  4000   540   268   136   136     0     0    4.5   17.3   20.0   19.0   10.0    4.5    4.5   0.00   0.00   0.00   0.00   0.00   2.4   1.9   0.4     1.917     3.351    66.058     4.124  4351.758     0.000     70.1     31.8      0.2      2.6     39.4     16.5
  126 0.100  4000   376   252   124     0     0     0    4.5    5.8    5.8    5.8    4.5    4.5    4.5   0.00   0.00   0.00   0.00   0.00   0.6   0.3   0.0     3.353    41.921  1090.180    12.851  6241.136     0.000     17.2      8.0      0.1      0.7      8.9      4.5
  127 0.100  4000   492   268   108   116     0     0    4.5    6.4    6.1    7.4    6.4    4.5    4.5   0.00   0.00   0.00   0.00   0.00   0.9   0.4   0.1     5.163    60.488  1642.293    20.684  9666.077     0.000     25.9     11.8      0.1      1.0     14.0      6.5
  128 0.400  4000   364   236   128     0     0     0   18.0   18.3   18.4   18.0   18.0   18.0   18.0   0.00   0.00   0.00   0.00   0.00   1.9   0.5   0.0     3.446    10.149   245.051     9.191  7728.885     0.000     54.2     25.8      0.2      2.8     25.5     15.6
  129 0.400  4000   492   264   108   120     0     0   18.0   19.0   18.7   19.4   19.3   18.0   18.0   0.00   0.00   0.00   0.00   0.00   2.6   0.5   0.1     5.075    22.471   563.775    14.208 11092.936     0.000     76.0     36.4      0.3      4.1     34.3     22.5
  130 0.300  4000   352   236   116     0     0     0   13.5   13.6   13.7   13.5   13.5   13.5   13.5   0.00   0.00   0.00   0.00   0.00   1.4   0.4   0.0     2.125     1.800    28.525     4.643  4923.166     0.000     40.2     19.1      0.2      2.0     19.2     11.5
  131 0.300  4000   256   256     0     0     0     0   13.5   13.8   13.8   13.5   13.5   13.5   13.5   0.00   0.00   0.00   0.00   0.00   1.0   0.3   0.0     1.535     1.273    20.270     3.331  3560.010     0.000     29.3     14.0      0.1      1.5     13.7      8.5
  132 0.100  4000   352   236   116     0     0     0    4.5    4.5    4.5    4.4    4.5    4.5    4.5   0.00   0.00   0.00   0.00   0.00   0.4   0.2   0.0     0.677     0.561     9.176     1.577  1570.783     0.000     12.5      5.9      0.1      0.6      6.0      3.6
  133 0.100  4000   256   256     0     0     0     0    4.5    4.5    4.5    4.5    4.5    4.5    4.5   0.00   0.00   0.00   0.00   0.00   0.3   0.1   0.0     0.497     0.412     6.647     1.113  1154.067     0.000      9.4      4.5      0.0      0.5      4.4      2.7
  134 0.200  4000   352   236   116     0     0     0    9.0    9.0    9.1    9.0    9.0    9.0    9.0   0.00   0.00   0.00   0.00   0.00   0.9   0.3   0.0     1.379     1.168    18.528     3.031  3195.556     0.000     26.1     12.4      0.1      1.3     12.5      7.4
  135 0.200  4000   264   264     0     0     0     0    9.0    9.1    9.1    9.0    9.0    9.0    9.0   0.00   0.00   0.00   0.00   0.00   0.7   0.2   0.0     1.022     0.850    13.544     2.229  2369.856     0.000     19.5      9.3      0.1      1.0      9.2      5.6
  136 0.100  4000   348   232   116     0     0     0    4.5    4.5    4.5    4.4    4.5    4.5    4.5   0.00   0.00   0.00   0.00   0.00   0.4   0.2   0.0     0.700     0.580     9.475     1.627  1623.553     0.000     13.0      6.1      0.1      0.6      6.2      3.7
  137 0.100  4000   268   268     0     0     0     0    4.5    4.5    4.5    4.5    4.5    4.5    4.5   0.00   0.00   0.00   0.00   0.00   0.3   0.1   0.0     0.524     0.438     7.133     1.191  1214.166     0.000      9.8      4.7      0.0      0.5      4.7      2.8
  138 0.300  4000   348   232   116     0     0     0   13.5   13.6   13.6   13.5   13.5   13.5   13.5   0.00   0.00   0.00   0.00   0.00   1.3   0.4   0.0     2.011     1.657    26.040     4.382  4660.456     0.000     38.1     18.1      0.2      1.9     18.3     10.9
  139 0.300  4000   292   292     0     0     0     0   13.5   13.8   13.8   13.5   13.5   13.5   13.5   0.00   0.00   0.00   0.00   0.00   1.1   0.2   0.0     1.620     1.318    20.718     3.483  3756.473     0.000     31.0     14.7      0.1      1.6     14.6      8.9
  140 0.400  4000   388   232   116    40     0     0   18.0   19.3   19.1   18.8   21.4   18.0   18.0   0.00   0.00   0.00   0.00   0.00   2.1   0.5   0.2     3.469    12.550   304.765     8.641  7659.668     0.000     61.2     28.9      0.3      3.0     29.7     17.2
  141 0.400  4000   308   308     0     0     0     0   18.0   19.2   19.2   18.0   18.0   18.0   18.0   0.00   0.00   0.00   0.00   0.00   1.6   0.4   0.2     2.203     2.435    41.771     4.521  5086.809     0.000     47.6     22.7      0.2      2.5     22.3     13.8
  142 0.100  4000   404   240   120    44     0     0    4.5   18.7   17.1   23.4   14.5    4.5    4.5   0.00   0.00   0.00   0.00   0.00   2.0   1.6   0.4     1.443     2.182    39.327     2.696  3297.268     0.000     58.4     25.8      0.1      1.7     37.9     11.0
  143 0.100  4000   304   304     0     0     0     0    4.5   16.7   16.7    4.5    4.5    4.5    4.5   0.00   0.00   0.00   0.00   0.00   1.4   1.1   0.5     1.136     3.206    69.432     2.313  2545.607     0.000     41.1     18.4      0.1      1.4     24.7      8.7
  144 0.100  4000   400   240   116    44     0     0    4.5    5.8    5.7    6.0    6.2    4.5    4.5   0.00   0.00   0.00   0.00   0.00   0.7   0.3   0.0     4.012    49.891  1318.959    15.726  7452.582     0.000     19.0      8.8      0.1      0.8      9.7      5.0
  145 0.100  4000   300   300     0     0     0     0    4.5    6.0    6.0    4.5    4.5    4.5    4.5   0.00   0.00   0.00   0.00   0.00   0.5   0.3   0.0     2.563    22.129   603.390    10.907  5025.283     0.000     15.2      7.0      0.0      0.6      7.9      4.0
  146 0.900  4000   388   220   124    44     0     0   40.5   41.3   41.5   41.1   41.0   40.5   40.5   0.00   0.00   0.00   0.00   0.00   4.5   1.0   0.0     7.493    12.756   284.711    18.019 17128.641     0.000    131.1     62.5      0.6      6.8     61.2     38.0
  147 0.900  4000   284   284     0     0     0     0   40.5   42.3   42.3   40.5   40.5   40.5   40.5   0.00   0.00   0.00   0.00   0.00   3.4   1.4   0.0     5.576     8.522   179.158    13.440 12802.661     0.000     98.1     47.0      0.4      5.4     44.1     29.2
  148 0.900  4000   296     0   296     0     0     0   40.5   41.8   40.5   41.8   40.5   40.5   40.5   0.00   0.00   0.00   0.00   0.00   3.5   0.4   0.2     5.265     5.595   100.531    11.775 12148.563     0.000    102.8     48.8      0.5      5.1     49.3     29.3
  149 0.900  4000   396   268   128     0     0     0   40.5   41.8   41.7   42.1   40.5   40.5   40.5   0.00   0.00   0.00   0.00   0.00   4.6   0.5   0.2     6.882     6.957   123.999    15.376 15892.804     0.000    133.8     63.5      0.6      6.6     64.1     38.1
  150 0.100  4000   292     0   292     0     0     0    4.5   11.3    4.5   11.3    4.5    4.5    4.5   0.00   0.00   0.00   0.00   0.00   0.9   0.6   0.3     0.962     3.890    95.065     2.382  2109.803     0.000     26.7     12.3      0.1      1.1     13.7      7.0
  151 0.100  4000   396   268   128     0     0     0    4.5   12.3   12.1   12.8    4.5    4.5    4.5   0.00   0.00   0.00   0.00   0.00   1.3   0.9   0.3     1.123     2.449    51.091     2.144  2548.044     0.000     39.5     18.0      0.1      1.5     22.0      9.5
  152 0.100  4000   104     0   104     0     0     0    4.5    5.3    4.5    5.3    4.5    4.5    4.5   0.00   0.00   0.00   0.00   0.00   0.2   0.1   0.0     0.860    10.855   281.261     3.244  1600.472     0.000      4.5      2.1      0.0      0.2      2.2      1.2
  153 0.100  4000     0     0     0     0     0     0    4.5    4.5    4.5    4.5    4.5    4.5    4.5   0.00   0.00   0.00   0.00   0.00   0.0   0.0   0.0     0.000     0.000     0.000     0.000     0.000     0.000      0.0      0.0      0.0      0.0      0.0      0.0
  154 0.400  4000    96     0    96     0     0     0   18.0   18.1   18.0   18.1   18.0   18.0   18.0   0.00   0.00   0.00   0.00   0.00   0.5   0.1   0.0     0.867     1.859    42.077     2.208  1970.843     0.000     14.4      6.9      0.1      0.7      6.9      4.1
  155 0.400  4000     0     0     0     0     0     0   18.0   18.0   18.0   18.0   18.0   18.0   18.0   0.00   0.00   0.00   0.00   0.00   0.0   0.0   0.0     0.000     0.000     0.000     0.000     0.000     0.000      0.0      0.0      0.0      0.0      0.0      0.0
  156 0.300  4000    96     0    96     0     0     0   13.5   13.6   13.5   13.6   13.5   13.5   13.5   0.00   0.00   0.00   0.00   0.00   0.4   0.0   0.0     0.559     0.475     7.468     1.216  1294.794     0.000     10.6      5.0      0.0      0.5      5.1      3.0
  157 0.300  4000     0     0     0     0     0     0   13.5   13.5   13.5   13.5   13.5   13.5   13.5   0.00   0.00   0.00   0.00   0.00   0.0   0.0   0.0     0.000     0.000     0.000     0.000     0.000     0.000      0.0      0.0      0.0      0.0      0.0      0.0
  158 0.100  4000    96     0    96     0     0     0    4.5    4.4    4.5    4.4    4.5    4.5    4.5   0.00   0.00   0.00   0.00   0.00   0.1   0.0   0.0     0.191     0.158     2.599     0.451   442.341     0.000      3.5      1.6      0.0      0.2      1.7      1.0
  159 0.100  4000     0     0     0     0     0     0    4.5    4.5    4.5    4.5    4.5    4.5    4.5   0.00   0.00   0.00   0.00   0.00   0.0   0.0   0.0     0.000     0.000     0.000     0.000     0.000     0.000      0.0      0.0      0.0      0.0      0.0      0.0
  160 0.200  4000    96     0    96     0     0     0    9.0    9.0    9.0    9.0    9.0    9.0    9.0   0.00   0.00   0.00   0.00   0.00   0.2   0.0   0.0     0.371     0.324     5.180     0.820   859.261     0.000      7.0      3.3      0.0      0.3      3.4      2.0
  161 0.200  4000     0     0     0     0     0     0    9.0    9.0    9.0    9.0    9.0    9.0    9.0   0.00   0.00   0.00   0.00   0.00   0.0   0.0   0.0     0.000     0.000     0.000     0.000     0.000     0.000      0.0      0.0      0.0      0.0      0.0      0.0
  162 0.100  4000    96     0    96     0     0     0    4.5    4.9    4.5    4.9    4.5    4.5    4.5   0.00   0.00   0.00   0.00   0.00   0.1   0.0   0.1     0.231     0.745    19.697     0.686   512.329     0.000      3.9      1.9      0.0      0.2      1.8      1.1
  163 0.100  4000     0     0     0     0     0     0    4.5    4.5    4.5    4.5    4.5    4.5    4.5   0.00   0.00   0.00   0.00   0.00   0.0   0.0   0.0     0.000     0.000     0.000     0.000     0.000     0.000      0.0      0.0      0.0      0.0      0.0      0.0
  164 0.300  4000   108     0   108     0     0     0   13.5   14.6   13.5   14.6   13.5   13.5   13.5   0.00   0.00   0.00   0.00   0.00   0.4   0.0   0.2     0.689     2.791    67.305     1.823  1513.939     0.000     12.0      5.8      0.1      0.6      5.5      3.6
  165 0.300  4000     0     0     0     0     0     0   13.5   13.5   13.5   13.5   13.5   13.5   13.5   0.00   0.00   0.00   0.00   0.00   0.0   0.0   0.0     0.000     0.000     0.000     0.000     0.000     0.000      0.0      0.0      0.0      0.0      0.0      0.0
  166 0.400  4000     0     0     0     0     0     0   18.0   18.0   18.0   18.0   18.0   18.0   18.0   0.00   0.00   0.00   0.00   0.00   0.0   0.0   0.0     0.000     0.000     0.000     0.000     0.000     0.000      0.0      0.0      0.0      0.0      0.0      0.0
  167 0.400  4000     0     0     0     0     0     0   18.0   18.0   18.0   18.0   18.0   18.0   18.0   0.00   0.00   0.00   0.00   0.00   0.0   0.0   0.0     0.000     0.000     0.000     0.000     0.000     0.000      0.0      0.0      0.0      0.0      0.0      0.0
  168 0.100  4000     0     0     0     0     0     0    4.5    4.5    4.5    4.5    4.5    4.5    4.5   0.00   0.00   0.00   0.00   0.00   0.0   0.0   0.0     0.000     0.000     0.000     0.000     0.000     0.000      0.0      0.0      0.0      0.0      0.0      0.0
  169 0.100  4000     0     0     0     0     0     0    4.5    4.5    4.5    4.5    4.5    4.5    4.5   0.00   0.00   0.00   0.00   0.00   0.0   0.0   0.0     0.000     0.000     0.000     0.000     0.000     0.000      0.0      0.0      0.0      0.0      0.0      0.0
  170 0.100  4000   228     0   184    44     0     0    4.5    5.7    4.5    5.8    5.7    4.5    4.5   0.00   0.00   0.00   0.00   0.00   0.4   0.2   0.0     1.998    22.983   607.263     7.788  3772.810     0.000     10.8      5.0      0.0      0.4      5.8      2.7
  171 0.100  4000     0     0     0     0     0     0    4.5    4.5    4.5    4.5    4.5    4.5    4.5   0.00   0.00   0.00   0.00   0.00   0.0   0.0   0.0     0.000     0.000     0.000     0.000     0.000     0.000      0.0      0.0      0.0      0.0      0.0      0.0
  172 0.900  4000   228     0   184    44     0     0   40.5   41.6   40.5   41.7   41.3   40.5   40.5   0.00   0.00   0.00   0.00   0.00   2.6   0.7   0.0     4.299     7.809   170.613    10.334  9813.236     0.000     75.0     35.7      0.3      3.9     35.0     21.8
  173 0.900  4000     0     0     0     0     0     0   40.5   40.5   40.5   40.5   40.5   40.5   40.5   0.00   0.00   0.00   0.00   0.00   0.0   0.0   0.0     0.000     0.000     0.000     0.000     0.000     0.000      0.0      0.0      0.0      0.0      0.0      0.0
  174 0.900  4000   100     0   100     0     0     0   40.5   41.7   40.5   41.7   40.5   40.5   40.5   0.00   0.00   0.00   0.00   0.00   1.1   0.0   0.2     1.654     1.518    23.181     3.539  3825.310     0.000     33.3     15.8      0.2      1.6     16.1      9.4
  175 0.900  4000     0     0     0     0     0     0   40.5   40.5   40.5   40.5   40.5   40.5   40.5   0.00   0.00   0.00   0.00   0.00   0.0   0.0   0.0     0.000     0.000     0.000     0.000     0.000     0.000      0.0      0.0      0.0      0.0      0.0      0.0
  176 0.100  4000   100     0   100     0     0     0    4.5   16.1    4.5   16.1    4.5    4.5    4.5   0.00   0.00   0.00   0.00   0.00   0.4   0.3   0.3     0.385     1.656    41.616     0.836   843.320     0.000     13.1      5.7      0.0      0.3      8.9      2.3
  177 0.100  4000     0     0     0     0     0     0    4.5    4.5    4.5    4.5    4.5    4.5    4.5   0.00   0.00   0.00   0.00   0.00   0.0   0.0   0.0     0.000     0.000     0.000     0.000     0.000     0.000      0.0      0.0      0.0      0.0      0.0      0.0
  178 0.100  4000    96     0    96     0     0     0    4.5    5.7    4.5    5.7    4.5    4.5    4.5   0.00   0.00   0.00   0.00   0.00   0.2   0.1   0.0     0.887    10.869   283.303     3.396  1656.679     0.000      4.5      2.1      0.0      0.2      2.4      1.2
  179 0.100  4000     0     0     0     0     0     0    4.5    4.5    4.5    4.5    4.5    4.5    4.5   0.00   0.00   0.00   0.00   0.00   0.0   0.0   0.0     0.000     0.000     0.000     0.000     0.000     0.000      0.0      0.0      0.0      0.0      0.0      0.0
  180 0.400  4000    96     0    96     0     0     0   18.0   18.2   18.0   18.2   18.0   18.0   18.0   0.00   0.00   0.00   0.00   0.00   0.5   0.1   0.0     0.893     2.574    59.711     2.353  2007.749     0.000     14.3      6.8      0.1      0.7      6.7      4.1
  181 0.400  4000     0     0     0     0     0     0   18.0   18.0   18.0   18.0   18.0   18.0   18.0   0.00   0.00   0.00   0.00   0.00   0.0   0.0   0.0     0.000     0.000     0.000     0.000     0.000     0.000      0.0      0.0      0.0      0.0      0.0      0.0
  182 0.300  4000   144     0   144     0     0     0   13.5   14.4   13.5   14.4   13.5   13.5   13.5   0.00   0.00   0.00   0.00   0.00   0.6   0.1   0.0     1.634    12.900   334.526     5.209  3343.178     0.000     17.1      8.1      0.1      0.8      8.5      4.7
  183 0.300  4000    52     0    52     0     0     0   13.5   16.1   13.5   16.1   13.5   13.5   13.5   0.00   0.00   0.00   0.00   0.00   0.2   0.0   0.0     1.122    13.021   343.636     4.160  2128.664     0.000      6.8      3.1      0.0      0.3      3.5      1.8
  184 0.100  4000   144     0   144     0     0     0    4.5    4.5    4.5    4.5    4.5    4.5    4.5   0.00   0.00   0.00   0.00   0.00   0.2   0.1   0.0     0.289     0.238     3.963     0.692   669.688     0.000      5.2      2.5      0.0      0.3      2.5      1.5
  185 0.100  4000    56     0    56     0     0     0    4.5    4.4    4.5    4.4    4.5    4.5    4.5   0.00   0.00   0.00   0.00   0.00   0.1   0.0   0.0     0.129     0.108     1.883     0.332   298.928     0.000      2.2      1.1      0.0      0.1      1.1      0.6
  186 0.200  4000   144     0   144     0     0     0    9.0    9.0    9.0    9.0    9.0    9.0    9.0   0.00   0.00   0.00   0.00   0.00   0.4   0.1   0.0     0.557     0.477     7.479     1.195  1288.944     0.000     10.6      5.1      0.0      0.5      5.1      3.0
  187 0.200  4000    56     0    56     0     0     0    9.0    9.0    9.0    9.0    9.0    9.0    9.0   0.00   0.00   0.00   0.00   0.00   0.1   0.0   0.0     0.209     0.185     2.864     0.432   483.101     0.000      4.1      1.9      0.0      0.2      2.0      1.2
  188 0.100  4000   144     0   144     0     0     0    4.5    4.4    4.5    4.4    4.5    4.5    4.5   0.00   0.00   0.00   0.00   0.00   0.2   0.1   0.0     0.288     0.233     3.945     0.714   669.286     0.000      5.1      2.4      0.0      0.2      2.5      1.5
  189 0.100  4000    56     0    56     0     0     0    4.5    4.4    4.5    4.4    4.5    4.5    4.5   0.00   0.00   0.00   0.00   0.00   0.1   0.0   0.0     0.114     0.093     1.716     0.323   264.174     0.000      1.9      0.9      0.0      0.1      0.9      0.5
  190 0.300  4000   148     0   148     0     0     0   13.5   13.7   13.5   13.7   13.5   13.5   13.5   0.00   0.00   0.00   0.00   0.00   0.5   0.1   0.1     0.820     0.726    11.431     1.825  1899.670     0.000     16.2      7.7      0.1      0.8      7.8      4.6
  191 0.300  4000    52     0    52     0     0     0   13.5   13.4   13.5   13.4   13.5   13.5   13.5   0.00   0.00   0.00   0.00   0.00   0.2   0.0   0.0     0.328     0.278     4.408     0.729   759.295     0.000      6.1      2.9      0.0      0.3      3.0      1.7
  192 0.400  4000   104     0   104     0     0     0   18.0   18.2   18.0   18.2   18.0   18.0   18.0   0.00   0.00   0.00   0.00   0.00   0.5   0.1   0.1     0.880     1.430    35.584     2.364  1998.941     0.000     15.1      7.1      0.1      0.7      7.2      4.3
  193 0.400  4000    48     0    48     0     0     0   18.0   18.8   18.0   18.8   18.0   18.0   18.0   0.00   0.00   0.00   0.00   0.00   0.2   0.0   0.2     0.334     0.324     4.769     0.672   772.769     0.000      7.2      3.4      0.0      0.4      3.4      2.1
  194 0.100  4000   104     0   104     0     0     0    4.5    6.1    4.5    6.1    4.5    4.5    4.5   0.00   0.00   0.00   0.00   0.00   0.2   0.1   0.0     0.220     0.195     3.010     0.499   510.985     0.000      5.1      2.3      0.0      0.2      3.1      1.1
  195 0.100  4000    48     0    48     0     0     0    4.5   19.8    4.5   19.8    4.5    4.5    4.5   0.00   0.00   0.00   0.00   0.00   0.3   0.2   0.4     0.216     1.286    29.038     0.437   466.142     0.000      7.8      3.3      0.0      0.1      6.3      0.8
  196 0.100  4000   104     0   104     0     0     0    4.5    4.5    4.5    4.5    4.5    4.5    4.5   0.00   0.00   0.00   0.00   0.00   0.1   0.1   0.0     0.265     0.992    24.571     0.748   585.718     0.000      3.9      1.8      0.0      0.2      1.9      1.1
  197 0.100  4000    48     0    48     0     0     0    4.5    5.7    4.5    5.7    4.5    4.5    4.5   0.00   0.00   0.00   0.00   0.00   0.1   0.0   0.0     0.424     5.191   135.356     1.625   795.492     0.000      2.2      1.0      0.0      0.1      1.2      0.6
  198 0.900  4000    92     0    92     0     0     0   40.5   40.7   40.5   40.7   40.5   40.5   40.5   0.00   0.00   0.00   0.00   0.00   1.1   0.2   0.0     1.729     1.702    29.057     3.818  3994.378     0.000     32.1     15.2      0.1      1.6     15.5      9.1
  199 0.900  4000    48     0    48     0     0     0   40.5   40.6   40.5   40.6   40.5   40.5   40.5   0.00   0.00   0.00   0.00   0.00   0.5   0.1   0.0     0.925     1.940    42.452     2.217  2102.992     0.000     15.9      7.5      0.1      0.8      7.7      4.5
  200 1.000  1600    52     0    52     0     0     0   60.0   70.7   60.0   70.7   60.0   60.0   60.0   0.00   0.00   0.00   0.00   0.00   1.1   0.1   1.0     1.191     1.336    23.787     1.733  2746.300     0.000     41.5     20.1      0.2      2.6     16.4     13.2
  201 1.000  1600     0     0     0     0     0     0   60.0   60.0   60.0   60.0   60.0   60.0   60.0   0.00   0.00   0.00   0.00   0.00   0.0   0.0   0.0     0.000     0.000     0.000     0.000     0.000     0.000      0.0      0.0      0.0      0.0      0.0      0.0
  202 1.000  1600     0     0     0     0     0     0   60.0   60.0   60.0   60.0   60.0   60.0   60.0   0.00   0.00   0.00   0.00   0.00   0.0   0.0   0.0     0.000     0.000     0.000     0.000     0.000     0.000      0.0      0.0      0.0      0.0      0.0      0.0
  203 1.000  1600    40     0     0    40     0     0   60.0   72.3   60.0   60.0   72.3   60.0   60.0   0.00   0.00   0.00   0.00   0.00   0.7   0.1   0.9     0.745     0.687     9.968     0.974  1724.991     0.000     27.6     13.1      0.1      1.5     12.5      8.0
  204 1.000  1600     0     0     0     0     0     0   60.0   60.0   60.0   60.0   60.0   60.0   60.0   0.00   0.00   0.00   0.00   0.00   0.0   0.0   0.0     0.000     0.000     0.000     0.000     0.000     0.000      0.0      0.0      0.0      0.0      0.0      0.0
  205 1.000  1600     0     0     0     0     0     0   60.0   60.0   60.0   60.0   60.0   60.0   60.0   0.00   0.00   0.00   0.00   0.00   0.0   0.0   0.0     0.000     0.000     0.000     0.000     0.000     0.000      0.0      0.0      0.0      0.0      0.0      0.0
  206 1.000  1600     0     0     0     0     0     0   60.0   60.0   60.0   60.0   60.0   60.0   60.0   0.00   0.00   0.00   0.00   0.00   0.0   0.0   0.0     0.000     0.000     0.000     0.000     0.000     0.000      0.0      0.0      0.0      0.0      0.0      0.0
  207 1.000  1600     0     0     0     0     0     0   60.0   60.0   60.0   60.0   60.0   60.0   60.0   0.00   0.00   0.00   0.00   0.00   0.0   0.0   0.0     0.000     0.000     0.000     0.000     0.000     0.000      0.0      0.0      0.0      0.0      0.0      0.0
  208 1.000  1600   216     0   100   116     0     0   60.0   61.7   60.0   61.9   61.5   60.0   60.0   0.00   0.00   0.00   0.00   0.00   3.9   0.1   0.1     4.542     3.987    61.149     6.211 10520.797     0.000    146.4     71.5      0.6      9.7     54.1     48.5
  209 1.000  1600   104     0   104     0     0     0   60.0   72.0   60.0   72.0   60.0   60.0   60.0   0.00   0.00   0.00   0.00   0.00   2.1   0.3   1.0     2.179     1.995    28.627     2.815  5049.903     0.000     80.7     39.2      0.3      5.2     31.1     26.1
  210 1.000  1600     0     0     0     0     0     0   60.0   60.0   60.0   60.0   60.0   60.0   60.0   0.00   0.00   0.00   0.00   0.00   0.0   0.0   0.0     0.000     0.000     0.000     0.000     0.000     0.000      0.0      0.0      0.0      0.0      0.0      0.0
  211 1.000  1600    48     0    48     0     0     0   60.0   60.0   60.0   60.0   60.0   60.0   60.0   0.00   0.00   0.00   0.00   0.00   0.9   0.0   0.1     1.018     0.911    14.305     1.425  2358.469     0.000     32.2     15.7      0.1      2.1     12.0     10.6
  212 1.000  1600    48     0    48     0     0     0   60.0   70.2   60.0   70.2   60.0   60.0   60.0   0.00   0.00   0.00   0.00   0.00   1.0   0.1   1.0     1.129     1.329    24.467     1.685  2599.002     0.000     39.0     18.9      0.2      2.4     15.6     12.3
  213 1.000  1600     0     0     0     0     0     0   60.0   60.0   60.0   60.0   60.0   60.0   60.0   0.00   0.00   0.00   0.00   0.00   0.0   0.0   0.0     0.000     0.000     0.000     0.000     0.000     0.000      0.0      0.0      0.0      0.0      0.0      0.0
  214 1.000  1600     0     0     0     0     0     0   60.0   60.0   60.0   60.0   60.0   60.0   60.0   0.00   0.00   0.00   0.00   0.00   0.0   0.0   0.0     0.000     0.000     0.000     0.000     0.000     0.000      0.0      0.0      0.0      0.0      0.0      0.0
  215 1.000  1600     0     0     0     0     0     0   60.0   60.0   60.0   60.0   60.0   60.0   60.0   0.00   0.00   0.00   0.00   0.00   0.0   0.0   0.0     0.000     0.000     0.000     0.000     0.000     0.000      0.0      0.0      0.0      0.0      0.0      0.0
  216 1.000  1600     0     0     0     0     0     0   60.0   60.0   60.0   60.0   60.0   60.0   60.0   0.00   0.00   0.00   0.00   0.00   0.0   0.0   0.0     0.000     0.000     0.000     0.000     0.000     0.000      0.0      0.0      0.0      0.0      0.0      0.0
  217 1.000  1600     0     0     0     0     0     0   60.0   60.0   60.0   60.0   60.0   60.0   60.0   0.00   0.00   0.00   0.00   0.00   0.0   0.0   0.0     0.000     0.000     0.000     0.000     0.000     0.000      0.0      0.0      0.0      0.0      0.0      0.0
  218 1.000  1600    52     0    52     0     0     0   60.0   73.8   60.0   73.8   60.0   60.0   60.0   0.00   0.00   0.00   0.00   0.00   1.0   0.1   1.0     1.383     4.299   122.759     3.231  3048.333     0.000     37.9     18.0      0.1      2.1     17.1     11.0
  219 1.000  1600     0     0     0     0     0     0   60.0   60.0   60.0   60.0   60.0   60.0   60.0   0.00   0.00   0.00   0.00   0.00   0.0   0.0   0.0     0.000     0.000     0.000     0.000     0.000     0.000      0.0      0.0      0.0      0.0      0.0      0.0
  220 1.000  1600    44     0    44     0     0     0   60.0   61.7   60.0   61.7   60.0   60.0   60.0   0.00   0.00   0.00   0.00   0.00   0.8   0.0   0.0     1.321     4.566   134.700     3.389  2885.705     0.000     28.8     13.9      0.1      1.7     11.8      8.9
  221 1.000  1600     0     0     0     0     0     0   60.0   60.0   60.0   60.0   60.0   60.0   60.0   0.00   0.00   0.00   0.00   0.00   0.0   0.0   0.0     0.000     0.000     0.000     0.000     0.000     0.000      0.0      0.0      0.0      0.0      0.0      0.0
  222 1.000  1600    68     0    68     0     0     0   60.0   72.4   60.0   72.4   60.0   60.0   60.0   0.00   0.00   0.00   0.00   0.00   1.3   0.2   0.9     1.744     5.459   156.651     4.109  3839.671     0.000     47.2     22.5      0.2      2.7     20.8     13.9
  223 1.000  1600    68     0    68     0     0     0   60.0   61.9   60.0   61.9   60.0   60.0   60.0   0.00   0.00   0.00   0.00   0.00   1.2   0.0   0.0     1.970     6.427   188.499     4.925  4318.820     0.000     44.2     21.3      0.2      2.7     17.8     13.9
   3600      5
   10 1.500  6600  2004  2004     0     0     0     0   54.0   55.1   55.1   54.0   54.0   54.0   54.0   0.00   0.00   0.00   0.00   0.00  30.6  13.4   0.0    63.711    66.795  1339.578   213.780146667.500     0.000    694.9    320.7      5.5     21.4    357.6    190.4
   11 0.250  8800  2004  2004     0     0     0     0    9.0    9.0    9.0    9.0    9.0    9.0    9.0   0.00   0.00   0.00   0.00   0.00   5.0   2.4   0.0    10.282     9.109   155.338    33.817 23749.623     0.000    114.4     52.7      1.0      3.3     58.8     31.4
   12 0.500  6600  1956  1956     0     0     0     0   18.0   18.1   18.1   18.0   18.0   18.0   18.0   0.00   0.00   0.00   0.00   0.00  10.0   4.1   0.0    20.436    17.983   308.196    67.469 47205.535     0.000    227.1    104.6      1.9      6.6    116.6     62.5
   13 0.250  8800  1928  1928     0     0     0     0    9.0    9.0    9.0    9.0    9.0    9.0    9.0   0.00   0.00   0.00   0.00   0.00   4.9   2.2   0.0     9.954     8.822   150.496    32.793 22988.283     0.000    110.5     50.9      0.9      3.2     56.7     30.4
   14 1.500  6600  1964  1964     0     0     0     0   54.0   54.7   54.7   54.0   54.0   54.0   54.0   0.00   0.00   0.00   0.00   0.00  29.5  10.6   0.0    60.193    52.809   905.746   198.894139034.719     0.000    668.8    308.0      5.7     19.4    342.9    184.2
   15 1.500  6600  3228  1408     0     0  1168   652   54.0   70.7   70.8   54.0   54.0   70.0   71.7   0.00   0.00   0.00   0.00   0.00  64.6  47.9   1.3   210.846  1870.388 47277.352   754.288420983.656     0.000   1468.4    690.4      7.8     64.7    713.8    415.0
   16 0.250  8800  1960  1960     0     0     0     0    9.0    9.0    9.0    9.0    9.0    9.0    9.0   0.00   0.00   0.00   0.00   0.00   4.9   2.0   0.0    10.084     8.932   152.485    33.250 23288.031     0.000    111.9     51.5      0.9      3.3     57.4     30.8
   17 0.250  8800  3200  1400     0     0  1156   644    9.0   11.5   11.6    9.0    9.0   11.6   11.3   0.00   0.00   0.00   0.00   0.00  10.4   7.7   0.2    36.021   363.524  9017.604   127.372 70482.000     0.000    235.1    109.8      1.4      9.3    116.9     65.5
   18 0.500  6600  1976  1976     0     0     0     0   18.0   18.1   18.1   18.0   18.0   18.0   18.0   0.00   0.00   0.00   0.00   0.00  10.0   3.7   0.0    20.382    17.931   307.569    67.371 47075.805     0.000    226.3    104.2      1.9      6.6    116.1     62.3
   19 0.500  6600  3216  1416     0     0  1160   640   18.0   24.7   24.6   18.0   18.0   25.2   24.2   0.00   0.00   0.00   0.00   0.00  22.0  16.6   0.5    78.902   800.025 20039.227   284.339153925.172     0.000    499.6    232.7      2.9     19.5    250.5    137.9
   20 0.250  8800  1976  1976     0     0     0     0    9.0    9.0    9.0    9.0    9.0    9.0    9.0   0.00   0.00   0.00   0.00   0.00   5.0   2.0   0.0    10.156     8.993   153.558    33.494 23453.875     0.000    112.7     51.9      1.0      3.3     57.8     31.0
   21 0.250  8800  3216  1416     0     0  1152   648    9.0   11.3   11.2    9.0    9.0   11.5   11.0   0.00   0.00   0.00   0.00   0.00  10.1   7.5   0.2    37.340   389.225  9695.041   133.244 72529.297     0.000    229.4    107.2      1.4      9.1    114.5     63.9
   22 1.500  6600  1972  1972     0     0     0     0   54.0   54.7   54.7   54.0   54.0   54.0   54.0   0.00   0.00   0.00   0.00   0.00  30.0   9.4   0.0    61.249    53.662   921.972   202.507141474.266     0.000    680.7    313.4      5.8     19.8    348.8    187.6
   23 1.500  6600  3328  1464     0     0  1204   660   54.0   68.0   67.8   54.0   54.0   67.9   68.6   0.00   0.00   0.00   0.00   0.00  60.9  43.4   1.1   190.375  1664.240 41199.539   663.553382075.125     0.000   1381.6    642.6      8.5     52.0    697.8    380.0
   24 0.250  8800  1980  1980     0     0     0     0    9.0    9.0    9.0    9.0    9.0    9.0    9.0   0.00   0.00   0.00   0.00   0.00   5.0   1.9   0.0    10.170     8.997   153.868    33.585 23487.615     0.000    112.8     51.9      1.0      3.3     57.8     31.1
   25 0.250  8800  3324  1448     0     0  1204   672    9.0   14.6   14.6    9.0    9.0   14.6   14.4   0.00   0.00   0.00   0.00   0.00  13.5  11.5   0.5    54.355   637.752 16077.636   200.119102842.836     0.000    306.2    144.2      1.4     14.2    145.7     87.4
   26 0.500  6600  1996  1996     0     0     0     0   18.0   18.1   18.1   18.0   18.0   18.0   18.0   0.00   0.00   0.00   0.00   0.00  10.0   3.3   0.0    20.493    18.024   309.280    67.775 47332.484     0.000    227.5    104.7      1.9      6.6    116.6     62.7
   27 0.500  6600  3308  1428     0     0  1208   672   18.0   31.3   31.5   18.0   18.0   31.4   30.4   0.00   0.00   0.00   0.00   0.00  28.9  25.0   1.0   120.397  1430.817 36040.324   445.549226775.062     0.000    656.8    309.8      3.0     30.9    310.6    188.5
   28 0.250  8800  2000  2000     0     0     0     0    9.0    9.0    9.0    9.0    9.0    9.0    9.0   0.00   0.00   0.00   0.00   0.00   5.0   1.9   0.0    10.267     9.086   155.321    33.901 23711.062     0.000    113.9     52.4      1.0      3.3     58.4     31.4
   29 0.250  8800  3296  1428     0     0  1212   656    9.0   12.7   12.8    9.0    9.0   12.6   12.5   0.00   0.00   0.00   0.00   0.00  11.7   9.5   0.3    51.941   623.870 15582.473   190.649 97766.164     0.000    266.6    125.7      1.4     12.3    126.4     76.6
   30 1.500  6600  1996  1996     0     0     0     0   54.0   54.7   54.7   54.0   54.0   54.0   54.0   0.00   0.00   0.00   0.00   0.00  30.4   8.7   0.0    62.130    54.508   935.162   205.351143497.016     0.000    690.1    317.8      5.9     20.0    353.6    190.3
   31 1.500  6600  3172  1356     0     0  1172   644   54.0   75.0   74.7   54.0   54.0   75.7   74.6   0.00   0.00   0.00   0.00   0.00  68.8  52.7   1.8   252.064  2629.865 65512.453   908.489489089.938     0.000   1562.6    731.2      8.8     64.7    771.7    436.3
   32 0.250  8800  3208  1376     0     0  1188   644    9.0   10.6   10.7    9.0    9.0   10.7   10.5   0.00   0.00   0.00   0.00   0.00   9.4   6.7   0.2    31.318   283.683  7071.762   110.104 62444.547     0.000    214.4     99.7      1.4      7.8    108.5     59.2
   33 0.500  6600  3216  1384     0     0  1180   652   18.0   19.6   19.7   18.0   18.0   19.5   19.4   0.00   0.00   0.00   0.00   0.00  17.5  11.0   0.1    44.525   235.690  5769.021   149.971 95096.547     0.000    396.8    184.0      2.7     13.7    202.7    108.9
   34 0.250  8800  3220  1384     0     0  1180   656    9.0   10.2   10.2    9.0    9.0   10.4   10.0   0.00   0.00   0.00   0.00   0.00   9.2   6.3   0.1    24.587   167.884  4189.555    82.420 51163.824     0.000    209.4     97.1      1.4      7.3    107.0     57.4
   35 1.500  6600  3192  1372     0     0  1168   652   54.0   62.0   62.0   54.0   54.0   62.0   62.2   0.00   0.00   0.00   0.00   0.00  55.3  35.8   0.6   150.757  1025.890 25006.266   506.219313976.844     0.000   1255.8    583.8      8.4     45.6    634.7    346.9
   50 0.200  2000     0     0     0     0     0     0    8.5    8.5    8.5    8.5    8.5    8.5    8.5   0.00   0.00   0.00   0.00   0.00   0.0   0.0   0.0     0.000     0.000     0.000     0.000     0.000     0.000      0.0      0.0      0.0      0.0      0.0      0.0
   51 0.070  2000     0     0     0     0     0     0    3.0    3.0    3.0    3.0    3.0    3.0    3.0   0.00   0.00   0.00   0.00   0.00   0.0   0.0   0.0     0.000     0.000     0.000     0.000     0.000     0.000      0.0      0.0      0.0      0.0      0.0      0.0
   52 0.200  2000     0     0     0     0     0     0    8.5    8.5    8.5    8.5    8.5    8.5    8.5   0.00   0.00   0.00   0.00   0.00   0.0   0.0   0.0     0.000     0.000     0.000     0.000     0.000     0.000      0.0      0.0      0.0      0.0      0.0      0.0
   53 0.070  2000     0     0     0     0     0     0    3.0    3.0    3.0    3.0    3.0    3.0    3.0   0.00   0.00   0.00   0.00   0.00   0.0   0.0   0.0     0.000     0.000     0.000     0.000     0.000     0.000      0.0      0.0      0.0      0.0      0.0      0.0
   54 0.200  2000     0     0     0     0     0     0    8.5    8.5    8.5    8.5    8.5    8.5    8.5   0.00   0.00   0.00   0.00   0.00   0.0   0.0   0.0     0.000     0.000     0.000     0.000     0.000     0.000      0.0      0.0      0.0      0.0      0.0      0.0
   55 0.200  2000     0     0     0     0     0     0    8.5    8.5    8.5    8.5    8.5    8.5    8.5   0.00   0.00   0.00   0.00   0.00   0.0   0.0   0.0     0.000     0.000     0.000     0.000     0.000     0.000      0.0      0.0      0.0      0.0      0.0      0.0
   56 0.070  2000     0     0     0     0     0     0    3.0    3.0    3.0    3.0    3.0    3.0    3.0   0.00   0.00   0.00   0.00   0.00   0.0   0.0   0.0     0.000     0.000     0.000     0.000     0.000     0.000      0.0      0.0      0.0      0.0      0.0      0.0
   57 0.070  2000     0     0     0     0     0     0    3.0    3.0    3.0    3.0    3.0    3.0    3.0   0.00   0.00   0.00   0.00   0.00   0.0   0.0   0.0     0.000     0.000     0.000     0.000     0.000     0.000      0.0      0.0      0.0      0.0      0.0      0.0
   58 0.200  2000     0     0     0     0     0     0    8.5    8.5    8.5    8.5    8.5    8.5    8.5   0.00   0.00   0.00   0.00   0.00   0.0   0.0   0.0     0.000     0.000     0.000     0.000     0.000     0.000      0.0      0.0      0.0      0.0      0.0      0.0
   59 0.200  2000     0     0     0     0     0     0    8.5    8.5    8.5    8.5    8.5    8.5    8.5   0.00   0.00   0.00   0.00   0.00   0.0   0.0   0.0     0.000     0.000     0.000     0.000     0.000     0.000      0.0      0.0      0.0      0.0      0.0      0.0
   60 0.070  2000     0     0     0     0     0     0    3.0    3.0    3.0    3.0    3.0    3.0    3.0   0.00   0.00   0.00   0.00   0.00   0.0   0.0   0.0     0.000     0.000     0.000     0.000     0.000     0.000      0.0      0.0      0.0      0.0      0.0      0.0
   61 0.070  2000     0     0     0     0     0     0    3.0    3.0    3.0    3.0    3.0    3.0    3.0   0.00   0.00   0.00   0.00   0.00   0.0   0.0   0.0     0.000     0.000     0.000     0.000     0.000     0.000      0.0      0.0      0.0      0.0      0.0      0.0
   62 0.200  2000     0     0     0     0     0     0    8.5    8.5    8.5    8.5    8.5    8.5    8.5   0.00   0.00   0.00   0.00   0.00   0.0   0.0   0.0     0.000     0.000     0.000     0.000     0.000     0.000      0.0      0.0      0.0      0.0      0.0      0.0
   63 0.200  2000     0     0     0     0     0     0    8.5    8.5    8.5    8.5    8.5    8.5    8.5   0.00   0.00   0.00   0.00   0.00   0.0   0.0   0.0     0.000     0.000     0.000     0.000     0.000     0.000      0.0      0.0      0.0      0.0      0.0      0.0
   64 0.070  2000     0     0     0     0     0     0    3.0    3.0    3.0    3.0    3.0    3.0    3.0   0.00   0.00   0.00   0.00   0.00   0.0   0.0   0.0     0.000     0.000     0.000     0.000     0.000     0.000      0.0      0.0      0.0      0.0      0.0      0.0
   65 0.070  2000     0     0     0     0     0     0    3.0    3.0    3.0    3.0    3.0    3.0    3.0   0.00   0.00   0.00   0.00   0.00   0.0   0.0   0.0     0.000     0.000     0.000     0.000     0.000     0.000      0.0      0.0      0.0      0.0      0.0      0.0
   66 0.200  2000     0     0     0     0     0     0    8.5    8.5    8.5    8.5    8.5    8.5    8.5   0.00   0.00   0.00   0.00   0.00   0.0   0.0   0.0     0.000     0.000     0.000     0.000     0.000     0.000      0.0      0.0      0.0      0.0      0.0      0.0
   67 0.200  2000     0     0     0     0     0     0    8.5    8.5    8.5    8.5    8.5    8.5    8.5   0.00   0.00   0.00   0.00   0.00   0.0   0.0   0.0     0.000     0.000     0.000     0.000     0.000     0.000      0.0      0.0      0.0      0.0      0.0      0.0
   68 0.070  2000     0     0     0     0     0     0    3.0    3.0    3.0    3.0    3.0    3.0    3.0   0.00   0.00   0.00   0.00   0.00   0.0   0.0   0.0     0.000     0.000     0.000     0.000     0.000     0.000      0.0      0.0      0.0      0.0      0.0      0.0
   69 0.070  2000     0     0     0     0     0     0    3.0    3.0    3.0    3.0    3.0    3.0    3.0   0.00   0.00   0.00   0.00   0.00   0.0   0.0   0.0     0.000     0.000     0.000     0.000     0.000     0.000      0.0      0.0      0.0      0.0      0.0      0.0
   70 0.200  2000     0     0     0     0     0     0    8.5    8.5    8.5    8.5    8.5    8.5    8.5   0.00   0.00   0.00   0.00   0.00   0.0   0.0   0.0     0.000     0.000     0.000     0.000     0.000     0.000      0.0      0.0      0.0      0.0      0.0      0.0
   71 0.070  2000     0     0     0     0     0     0    3.0    3.0    3.0    3.0    3.0    3.0    3.0   0.00   0.00   0.00   0.00   0.00   0.0   0.0   0.0     0.000     0.000     0.000     0.000     0.000     0.000      0.0      0.0      0.0      0.0      0.0      0.0
   72 0.200  2000     0     0     0     0     0     0    8.5    8.5    8.5    8.5    8.5    8.5    8.5   0.00   0.00   0.00   0.00   0.00   0.0   0.0   0.0     0.000     0.000     0.000     0.000     0.000     0.000      0.0      0.0      0.0      0.0      0.0      0.0
   73 0.070  2000     0     0     0     0     0     0    3.0    3.0    3.0    3.0    3.0    3.0    3.0   0.00   0.00   0.00   0.00   0.00   0.0   0.0   0.0     0.000     0.000     0.000     0.000     0.000     0.000      0.0      0.0      0.0      0.0      0.0      0.0
   74 1.500  4000    12     0    12     0     0     0   67.5   68.2   67.5   68.2   67.5   67.5   67.5   0.00   0.00   0.00   0.00   0.00   0.1   0.0   0.1     0.152     0.138     2.118     0.322   350.407     0.000      3.0      1.4      0.0      0.1      1.5      0.8
   75 0.100  6000    16     0    16     0     0     0    4.5   26.9    4.5   26.9    4.5    4.5    4.5   0.00   0.00   0.00   0.00   0.00   0.1   0.1   0.5     0.057     0.058     0.473     0.065   131.937     0.000      3.2      1.3      0.0      0.0      2.7      0.3
   76 0.100  4000    16     0    16     0     0     0    4.5    6.3    4.5    6.3    4.5    4.5    4.5   0.00   0.00   0.00   0.00   0.00   0.0   0.0   0.0     0.196     2.672    69.145     0.750   357.742     0.000      0.8      0.4      0.0      0.0      0.5      0.2
   77 0.900  4000    16     0    16     0     0     0   40.5   40.5   40.5   40.5   40.5   40.5   40.5   0.00   0.00   0.00   0.00   0.00   0.2   0.0   0.0     0.313     0.732    16.477     0.782   709.875     0.000      5.3      2.5      0.0      0.3      2.6      1.5
   78 0.900  4000    44     0    44     0     0     0   40.5   42.3   40.5   42.3   40.5   40.5   40.5   0.00   0.00   0.00   0.00   0.00   0.4   0.1   0.1     0.792     2.703    64.933     2.062  1753.836     0.000     13.0      6.1      0.1      0.6      6.3      3.7
   79 1.500  4000    48    28     8    12     0     0   67.5   69.8   69.7   72.2   68.4   67.5   67.5   0.00   0.00   0.00   0.00   0.00   0.4   0.0   0.1     0.607     0.667    12.354     1.303  1399.607     0.000     12.1      5.8      0.1      0.6      5.7      3.5
   80 0.100  6000    44     0    44     0     0     0    4.5    9.1    4.5    9.1    4.5    4.5    4.5   0.00   0.00   0.00   0.00   0.00   0.1   0.1   0.2     0.104     0.107     1.607     0.217   239.570     0.000      3.2      1.4      0.0      0.1      2.0      0.7
   81 0.100  6000    64    40    12    12     0     0    4.5   22.2   26.1   24.0    7.8    4.5    4.5   0.00   0.00   0.00   0.00   0.00   0.3   0.3   0.5     0.192     0.198     2.120     0.291   444.404     0.000      9.0      4.1      0.0      0.4      5.1      2.1
   82 0.100  4000    60    12    48     0     0     0    4.5    5.7    5.8    5.7    4.5    4.5    4.5   0.00   0.00   0.00   0.00   0.00   0.1   0.0   0.1     0.365     4.267   111.849     1.342   693.305     0.000      2.3      1.1      0.0      0.1      1.3      0.6
   83 0.100  4000    52    40     8     4     0     0    4.5    6.6    7.1    5.7    4.5    4.5    4.5   0.00   0.00   0.00   0.00   0.00   0.1   0.1   0.0     0.555     6.139   167.966     2.252  1049.690     0.000      2.8      1.2      0.0      0.1      1.8      0.5
   84 0.900  4000    84    24    60     0     0     0   40.5   44.1   41.7   45.1   40.5   40.5   40.5   0.00   0.00   0.00   0.00   0.00   1.0   0.3   0.3     1.517     2.617    58.149     3.632  3463.995     0.000     27.8     13.3      0.1      1.5     12.7      8.2
   85 0.900  4000    68    44    20     4     0     0   40.5   42.2   43.0   40.9   40.7   40.5   40.5   0.00   0.00   0.00   0.00   0.00   0.7   0.2   0.0     1.166     1.725    36.776     2.778  2678.145     0.000     20.7      9.9      0.1      1.1      9.3      6.2
   86 0.900  4000    92    52    36     4     0     0   40.5   43.1   42.6   43.2   47.4   40.5   40.5   0.00   0.00   0.00   0.00   0.00   0.9   0.4   0.2     1.336     2.093    46.893     2.977  3055.026     0.000     25.8     12.3      0.1      1.3     12.2      7.4
   87 0.900  4000    88    64    20     4     0     0   40.5   42.3   42.2   42.3   42.4   40.5   40.5   0.00   0.00   0.00   0.00   0.00   1.0   0.3   0.2     1.411     1.276    20.988     3.046  3265.742     0.000     28.3     13.5      0.1      1.4     13.4      8.1
   88 0.100  6000    92    52    36     4     0     0    4.5   15.5   14.8   16.6   15.3    4.5    4.5   0.00   0.00   0.00   0.00   0.00   0.4   0.3   0.5     0.286     0.325     4.427     0.524   657.883     0.000     11.5      5.1      0.0      0.3      7.5      2.1
   89 0.100  6000    92    64    20     8     0     0    4.5   16.7   16.7   14.8   20.8    4.5    4.5   0.00   0.00   0.00   0.00   0.00   0.4   0.3   0.5     0.312     0.611    12.530     0.578   709.475     0.000     12.3      5.5      0.0      0.4      7.5      2.6
   90 0.100  4000   104    52    36    16     0     0    4.5    6.1    6.1    5.7    6.8    4.5    4.5   0.00   0.00   0.00   0.00   0.00   0.2   0.1   0.0     1.067    13.019   345.405     4.211  1986.061     0.000      5.1      2.3      0.0      0.2      2.9      1.2
   91 0.100  4000    64    64     0     0     0     0    4.5    6.0    6.0    4.5    4.5    4.5    4.5   0.00   0.00   0.00   0.00   0.00   0.1   0.1   0.0     0.556     6.240   169.423     2.149  1053.017     0.000      3.1      1.4      0.0      0.1      2.0      0.6
   92 1.500  4000   160    80    52    28     0     0   67.5   69.6   70.2   69.0   68.8   67.5   67.5   0.00   0.00   0.00   0.00   0.00   2.5   0.7   0.0     3.982     4.874    98.824     9.066  9170.846     0.000     73.0     34.8      0.3      3.8     33.8     21.3
   93 0.900  4000   112   112     0     0     0     0   40.5   42.5   42.5   40.5   40.5   40.5   40.5   0.00   0.00   0.00   0.00   0.00   0.9   0.4   0.0     1.506     1.915    38.117     3.461  3469.664     0.000     27.5     13.2      0.1      1.5     12.6      8.1
   94 0.900  4000   112   112     0     0     0     0   40.5   42.5   42.5   40.5   40.5   40.5   40.5   0.00   0.00   0.00   0.00   0.00   1.3   0.6   0.2     1.900     1.620    24.758     3.933  4404.610     0.000     38.6     18.4      0.2      2.0     17.9     11.2
   95 0.100  6000   132   132     0     0     0     0    4.5   32.0   32.0    4.5    4.5    4.5    4.5   0.00   0.00   0.00   0.00   0.00   1.1   1.0   0.5     0.608     0.595     5.050     0.753  1406.560     0.000     32.4     13.5      0.0      0.5     26.9      3.0
   96 0.100  4000   132   132     0     0     0     0    4.5    6.9    6.9    4.5    4.5    4.5    4.5   0.00   0.00   0.00   0.00   0.00   0.3   0.2   0.1     1.363    14.566   399.585     5.502  2590.204     0.000      7.5      3.3      0.0      0.2      5.1      1.3
   97 1.500  4000   140   140     0     0     0     0   67.5   70.4   70.4   67.5   67.5   67.5   67.5   0.00   0.00   0.00   0.00   0.00   2.6   1.0   0.0     4.254     6.932   144.665     9.761  9742.903     0.000     77.0     36.7      0.3      3.9     36.2     22.3
   98 1.500  4000     4     0     4     0     0     0   67.5   67.6   67.5   67.6   67.5   67.5   67.5   0.00   0.00   0.00   0.00   0.00   0.1   0.0   0.0     0.083     0.067     1.049     0.186   192.953     0.000      1.6      0.7      0.0      0.1      0.8      0.4
   99 0.100  6000     8     0     8     0     0     0    4.5   21.1    4.5   21.1    4.5    4.5    4.5   0.00   0.00   0.00   0.00   0.00   0.0   0.0   0.0     0.017     0.015     0.134     0.024    40.344     0.000      0.8      0.3      0.0      0.0      0.8      0.0
  100 0.100  4000     8     0     8     0     0     0    4.5    5.8    4.5    5.8    4.5    4.5    4.5   0.00   0.00   0.00   0.00   0.00   0.0   0.0   0.0     0.068     0.829    21.775     0.252   128.100     0.000      0.4      0.2      0.0      0.0      0.2      0.1
  101 0.900  4000    12     0    12     0     0     0   40.5   41.6   40.5   41.6   40.5   40.5   40.5   0.00   0.00   0.00   0.00   0.00   0.1   0.0   0.3     0.169     0.528    12.267     0.417   378.268     0.000      3.0      1.4      0.0      0.1      1.4      0.9
  102 0.900  4000     0     0     0     0     0     0   40.5   40.5   40.5   40.5   40.5   40.5   40.5   0.00   0.00   0.00   0.00   0.00   0.0   0.0   0.0     0.000     0.000     0.000     0.000     0.000     0.000      0.0      0.0      0.0      0.0      0.0      0.0
  103 1.500  4000    16     0    16     0     0     0   67.5   68.5   67.5   68.5   67.5   67.5   67.5   0.00   0.00   0.00   0.00   0.00   0.1   0.0   0.2     0.223     0.368     7.771     0.502   511.124     0.000      4.3      2.0      0.0      0.2      2.1      1.2
  104 0.100  6000     0     0     0     0     0     0    4.5    4.5    4.5    4.5    4.5    4.5    4.5   0.00   0.00   0.00   0.00   0.00   0.0   0.0   0.0     0.000     0.000     0.000     0.000     0.000     0.000      0.0      0.0      0.0      0.0      0.0      0.0
  105 0.100  6000    16     0    16     0     0     0    4.5   12.5    4.5   12.5    4.5    4.5    4.5   0.00   0.00   0.00   0.00   0.00   0.1   0.0   0.3     0.057     0.122     3.151     0.159   126.816     0.000      1.7      0.7      0.0      0.0      1.2      0.3
  106 0.100  4000     8     0     8     0     0     0    4.5    5.2    4.5    5.2    4.5    4.5    4.5   0.00   0.00   0.00   0.00   0.00   0.0   0.0   0.0     0.067     0.868    22.534     0.250   124.104     0.000      0.4      0.2      0.0      0.0      0.2      0.1
  107 0.100  4000     8     0     8     0     0     0    4.5    6.0    4.5    6.0    4.5    4.5    4.5   0.00   0.00   0.00   0.00   0.00   0.0   0.0   0.0     0.062     0.823    21.680     0.239   112.692     0.000      0.3      0.1      0.0      0.0      0.1      0.1
  108 0.900  4000     8     0     8     0     0     0   40.5   40.5   40.5   40.5   40.5   40.5   40.5   0.00   0.00   0.00   0.00   0.00   0.1   0.0   0.0     0.152     0.285     6.712     0.367   347.025     0.000      2.6      1.2      0.0      0.1      1.3      0.7
  109 0.900  4000    16     0    16     0     0     0   40.5   44.5   40.5   44.5   40.5   40.5   40.5   0.00   0.00   0.00   0.00   0.00   0.2   0.0   0.6     0.328     0.931    22.316     0.830   734.596     0.000      5.8      2.8      0.0      0.3      2.7      1.7
  110 0.900  4000    16     0    16     0     0     0   40.5   41.3   40.5   41.3   40.5   40.5   40.5   0.00   0.00   0.00   0.00   0.00   0.1   0.0   0.2     0.206     0.191     2.977     0.455   476.329     0.000      4.1      1.9      0.0      0.2      2.0      1.2
  111 0.900  4000     0     0     0     0     0     0   40.5   40.5   40.5   40.5   40.5   40.5   40.5   0.00   0.00   0.00   0.00   0.00   0.0   0.0   0.0     0.000     0.000     0.000     0.000     0.000     0.000      0.0      0.0      0.0      0.0      0.0      0.0
  112 0.100  6000    16     0    16     0     0     0    4.5    6.0    4.5    6.0    4.5    4.5    4.5   0.00   0.00   0.00   0.00   0.00   0.0   0.0   0.1     0.062     0.565    15.725     0.207   124.820     0.000      0.7      0.4      0.0      0.0      0.3      0.2
  113 0.100  6000     0     0     0     0     0     0    4.5    4.5    4.5    4.5    4.5    4.5    4.5   0.00   0.00   0.00   0.00   0.00   0.0   0.0   0.0     0.000     0.000     0.000     0.000     0.000     0.000      0.0      0.0      0.0      0.0      0.0      0.0
  114 0.100  4000    16     0    16     0     0     0    4.5    4.5    4.5    4.5    4.5    4.5    4.5   0.00   0.00   0.00   0.00   0.00   0.0   0.0   0.0     0.094     1.263    28.374     0.316   176.733     0.000      0.6      0.3      0.0      0.0      0.3      0.2
  115 0.100  4000    16     0    16     0     0     0    4.5    5.7    4.5    5.7    4.5    4.5    4.5   0.00   0.00   0.00   0.00   0.00   0.0   0.0   0.0     0.114     1.143    31.272     0.464   218.300     0.000      0.6      0.3      0.0      0.0      0.3      0.2
  116 1.500  4000    32     0    32     0     0     0   67.5   67.8   67.5   67.8   67.5   67.5   67.5   0.00   0.00   0.00   0.00   0.00   0.5   0.0   0.0     0.742     0.632     9.973     1.632  1717.198     0.000     13.9      6.6      0.1      0.7      6.8      3.9
  117 0.900  4000    16     0    16     0     0     0   40.5   41.1   40.5   41.1   40.5   40.5   40.5   0.00   0.00   0.00   0.00   0.00   0.2   0.0   0.0     0.309     0.486    10.163     0.747   707.046     0.000      5.4      2.6      0.0      0.3      2.5      1.6
  118 0.900  4000    28     0    28     0     0     0   40.5   41.8   40.5   41.8   40.5   40.5   40.5   0.00   0.00   0.00   0.00   0.00   0.2   0.0   0.2     0.344     0.316     4.750     0.708   796.570     0.000      7.1      3.4      0.0      0.4      3.4      2.1
  119 0.100  6000    28     0    28     0     0     0    4.5   22.8    4.5   22.8    4.5    4.5    4.5   0.00   0.00   0.00   0.00   0.00   0.2   0.1   0.6     0.090     0.096     0.779     0.090   208.948     0.000      5.1      2.2      0.0      0.1      4.1      0.6
  120 0.100  4000    28     0    28     0     0     0    4.5    6.4    4.5    6.4    4.5    4.5    4.5   0.00   0.00   0.00   0.00   0.00   0.1   0.0   0.0     0.363     5.092   132.640     1.400   658.260     0.000      1.5      0.7      0.0      0.1      0.8      0.4
  121 1.500  4000    28     0    28     0     0     0   67.5   67.9   67.5   67.9   67.5   67.5   67.5   0.00   0.00   0.00   0.00   0.00   0.5   0.2   0.0     0.904     1.882    41.223     2.176  2056.420     0.000     15.5      7.4      0.1      0.8      7.4      4.4
  122 0.900  4000    16    12     4     0     0     0   40.5   41.5   41.2   42.4   40.5   40.5   40.5   0.00   0.00   0.00   0.00   0.00   0.1   0.0   0.2     0.148     0.132     1.996     0.315   342.882     0.000      3.1      1.4      0.0      0.2      1.5      0.9
  123 0.900  4000    32    12     4    16     0     0   40.5   42.4   42.9   42.6   41.9   40.5   40.5   0.00   0.00   0.00   0.00   0.00   0.2   0.0   0.3     0.271     0.255     3.665     0.535   627.943     0.000      6.1      2.9      0.0      0.3      2.9      1.8
  124 0.100  4000    20    16     4     0     0     0    4.5   19.1   16.6   28.7    4.5    4.5    4.5   0.00   0.00   0.00   0.00   0.00   0.1   0.1   0.5     0.064     0.063     0.578     0.081   147.297     0.000      3.1      1.3      0.0      0.1      2.1      0.5
  125 0.100  4000    32    12     4    16     0     0    4.5   22.2   26.6   32.0   16.5    4.5    4.5   0.00   0.00   0.00   0.00   0.00   0.2   0.2   0.7     0.109     0.118     1.109     0.126   253.416     0.000      5.7      2.5      0.0      0.2      3.8      1.0
  126 0.100  4000    32    16    16     0     0     0    4.5    5.4    5.6    5.2    4.5    4.5    4.5   0.00   0.00   0.00   0.00   0.00   0.0   0.0   0.0     0.259     3.349    86.088     0.951   482.892     0.000      1.4      0.7      0.0      0.1      0.7      0.4
  127 0.100  4000    60    12    36    12     0     0    4.5    6.5    6.2    6.9    5.6    4.5    4.5   0.00   0.00   0.00   0.00   0.00   0.1   0.1   0.1     0.621     7.451   205.162     2.469  1162.314     0.000      3.2      1.5      0.0      0.1      1.7      0.9
  128 0.400  4000    48    32    16     0     0     0   18.0   18.2   18.3   18.1   18.0   18.0   18.0   0.00   0.00   0.00   0.00   0.00   0.2   0.1   0.0     0.414     0.924    21.639     1.043   939.960     0.000      6.9      3.3      0.0      0.3      3.3      2.0
  129 0.400  4000    64    16    36    12     0     0   18.0   19.5   18.5   20.0   19.1   18.0   18.0   0.00   0.00   0.00   0.00   0.00   0.3   0.0   0.1     0.673     2.748    70.337     1.991  1470.082     0.000     10.1      4.8      0.0      0.5      4.5      3.0
  130 0.300  4000    60    32    28     0     0     0   13.5   13.6   13.6   13.5   13.5   13.5   13.5   0.00   0.00   0.00   0.00   0.00   0.2   0.1   0.0     0.303     0.256     4.063     0.667   702.129     0.000      5.7      2.7      0.0      0.3      2.7      1.6
  131 0.300  4000    24    24     0     0     0     0   13.5   13.6   13.6   13.5   13.5   13.5   13.5   0.00   0.00   0.00   0.00   0.00   0.1   0.0   0.0     0.122     0.103     1.645     0.271   281.605     0.000      2.3      1.1      0.0      0.1      1.1      0.6
  132 0.100  4000    60    32    28     0     0     0    4.5    4.4    4.4    4.4    4.5    4.5    4.5   0.00   0.00   0.00   0.00   0.00   0.1   0.0   0.0     0.119     0.098     1.575     0.271   275.508     0.000      2.2      1.0      0.0      0.1      1.1      0.6
  133 0.100  4000    24    24     0     0     0     0    4.5    4.4    4.4    4.5    4.5    4.5    4.5   0.00   0.00   0.00   0.00   0.00   0.0   0.0   0.0     0.044     0.037     0.602     0.105   103.042     0.000      0.8      0.4      0.0      0.0      0.4      0.2
  134 0.200  4000    60    32    28     0     0     0    9.0    9.0    9.0    9.0    9.0    9.0    9.0   0.00   0.00   0.00   0.00   0.00   0.2   0.1   0.0     0.236     0.201     3.209     0.524   547.348     0.000      4.4      2.1      0.0      0.2      2.1      1.3
  135 0.200  4000    24    24     0     0     0     0    9.0    9.0    9.0    9.0    9.0    9.0    9.0   0.00   0.00   0.00   0.00   0.00   0.1   0.0   0.0     0.093     0.079     1.257     0.206   215.937     0.000      1.8      0.8      0.0      0.1      0.9      0.5
  136 0.100  4000    64    36    28     0     0     0    4.5    4.4    4.4    4.4    4.5    4.5    4.5   0.00   0.00   0.00   0.00   0.00   0.1   0.0   0.0     0.124     0.104     1.713     0.294   287.795     0.000      2.3      1.1      0.0      0.1      1.1      0.6
  137 0.100  4000    24    24     0     0     0     0    4.5    4.4    4.4    4.5    4.5    4.5    4.5   0.00   0.00   0.00   0.00   0.00   0.0   0.0   0.0     0.051     0.040     0.637     0.115   117.213     0.000      0.9      0.4      0.0      0.0      0.5      0.3
  138 0.300  4000    64    36    28     0     0     0   13.5   13.6   13.5   13.7   13.5   13.5   13.5   0.00   0.00   0.00   0.00   0.00   0.2   0.1   0.0     0.370     0.313     4.908     0.803   856.138     0.000      7.0      3.3      0.0      0.3      3.4      2.0
  139 0.300  4000    24    24     0     0     0     0   13.5   13.5   13.5   13.5   13.5   13.5   13.5   0.00   0.00   0.00   0.00   0.00   0.1   0.0   0.0     0.139     0.117     1.850     0.308   322.021     0.000      2.6      1.2      0.0      0.1      1.3      0.7
  140 0.400  4000    76    44    28     4     0     0   18.0   19.2   18.8   19.5   22.1   18.0   18.0   0.00   0.00   0.00   0.00   0.00   0.4   0.1   0.2     0.628     1.601    37.235     1.558  1410.865     0.000     11.7      5.6      0.1      0.6      5.5      3.3
  141 0.400  4000    24    24     0     0     0     0   18.0   18.2   18.2   18.0   18.0   18.0   18.0   0.00   0.00   0.00   0.00   0.00   0.1   0.0   0.1     0.195     0.236     5.110     0.482   447.072     0.000      3.5      1.7      0.0      0.2      1.7      1.0
  142 0.100  4000    80    44    32     4     0     0    4.5   15.7   18.7   12.8    5.1    4.5    4.5   0.00   0.00   0.00   0.00   0.00   0.3   0.3   0.4     0.268     0.910    19.152     0.511   598.808     0.000     10.0      4.4      0.0      0.3      6.4      1.9
  143 0.100  4000    28    28     0     0     0     0    4.5   17.6   17.6    4.5    4.5    4.5    4.5   0.00   0.00   0.00   0.00   0.00   0.1   0.1   0.4     0.086     0.084     0.844     0.129   199.268     0.000      3.9      1.6      0.0      0.1      3.3      0.3
  144 0.100  4000    60    44    12     4     0     0    4.5    5.9    5.7    6.6    6.9    4.5    4.5   0.00   0.00   0.00   0.00   0.00   0.1   0.0   0.0     0.582     7.098   187.658     2.261  1086.803     0.000      2.9      1.3      0.0      0.1      1.6      0.7
  145 0.100  4000    32    32     0     0     0     0    4.5    5.7    5.7    4.5    4.5    4.5    4.5   0.00   0.00   0.00   0.00   0.00   0.0   0.0   0.0     0.220     2.688    70.563     0.810   413.789     0.000      1.3      0.6      0.0      0.1      0.7      0.3
  146 0.900  4000    92    72    12     8     0     0   40.5   41.8   41.9   40.8   42.7   40.5   40.5   0.00   0.00   0.00   0.00   0.00   0.9   0.4   0.0     1.528     2.661    58.649     3.597  3493.887     0.000     27.0     12.9      0.1      1.4     12.6      7.8
  147 0.900  4000    48    48     0     0     0     0   40.5   41.3   41.3   40.5   40.5   40.5   40.5   0.00   0.00   0.00   0.00   0.00   0.5   0.2   0.0     0.897     1.440    29.784     2.099  2054.535     0.000     15.9      7.5      0.1      0.8      7.6      4.5
  148 0.900  4000    16     0    16     0     0     0   40.5   42.2   40.5   42.2   40.5   40.5   40.5   0.00   0.00   0.00   0.00   0.00   0.1   0.0   0.2     0.143     0.126     1.897     0.300   331.204     0.000      3.0      1.4      0.0      0.2      1.4      0.9
  149 0.900  4000    12     8     4     0     0     0   40.5   41.6   41.4   42.1   40.5   40.5   40.5   0.00   0.00   0.00   0.00   0.00   0.1   0.0   0.2     0.123     0.112     1.664     0.258   285.146     0.000      2.6      1.2      0.0      0.1      1.2      0.7
  150 0.100  4000    20     0    20     0     0     0    4.5   26.7    4.5   26.7    4.5    4.5    4.5   0.00   0.00   0.00   0.00   0.00   0.1   0.1   0.6     0.079     0.081     0.656     0.090   183.920     0.000      4.3      1.8      0.0      0.1      3.3      0.5
  151 0.100  4000    12     8     4     0     0     0    4.5   16.3   11.8   25.3    4.5    4.5    4.5   0.00   0.00   0.00   0.00   0.00   0.1   0.0   0.4     0.032     0.031     0.280     0.035    73.521     0.000      1.6      0.7      0.0      0.0      1.1      0.2
  152 0.100  4000     4     0     4     0     0     0    4.5    6.9    4.5    6.9    4.5    4.5    4.5   0.00   0.00   0.00   0.00   0.00   0.0   0.0   0.0     0.060     0.821    21.656     0.234   108.524     0.000      0.2      0.1      0.0      0.0      0.1      0.1
  153 0.100  4000     0     0     0     0     0     0    4.5    4.5    4.5    4.5    4.5    4.5    4.5   0.00   0.00   0.00   0.00   0.00   0.0   0.0   0.0     0.000     0.000     0.000     0.000     0.000     0.000      0.0      0.0      0.0      0.0      0.0      0.0
  154 0.400  4000    12     0    12     0     0     0   18.0   17.9   18.0   17.9   18.0   18.0   18.0   0.00   0.00   0.00   0.00   0.00   0.1   0.0   0.0     0.095     0.294     6.945     0.241   212.866     0.000      1.5      0.7      0.0      0.1      0.7      0.4
  155 0.400  4000     0     0     0     0     0     0   18.0   18.0   18.0   18.0   18.0   18.0   18.0   0.00   0.00   0.00   0.00   0.00   0.0   0.0   0.0     0.000     0.000     0.000     0.000     0.000     0.000      0.0      0.0      0.0      0.0      0.0      0.0
  156 0.300  4000    12     0    12     0     0     0   13.5   13.5   13.5   13.5   13.5   13.5   13.5   0.00   0.00   0.00   0.00   0.00   0.0   0.0   0.0     0.072     0.063     0.991     0.156   166.299     0.000      1.4      0.6      0.0      0.1      0.7      0.4
  157 0.300  4000     0     0     0     0     0     0   13.5   13.5   13.5   13.5   13.5   13.5   13.5   0.00   0.00   0.00   0.00   0.00   0.0   0.0   0.0     0.000     0.000     0.000     0.000     0.000     0.000      0.0      0.0      0.0      0.0      0.0      0.0
  158 0.100  4000    12     0    12     0     0     0    4.5    4.4    4.5    4.4    4.5    4.5    4.5   0.00   0.00   0.00   0.00   0.00   0.0   0.0   0.0     0.022     0.018     0.302     0.053    50.606     0.000      0.4      0.2      0.0      0.0      0.2      0.1
  159 0.100  4000     0     0     0     0     0     0    4.5    4.5    4.5    4.5    4.5    4.5    4.5   0.00   0.00   0.00   0.00   0.00   0.0   0.0   0.0     0.000     0.000     0.000     0.000     0.000     0.000      0.0      0.0      0.0      0.0      0.0      0.0
  160 0.200  4000    12     0    12     0     0     0    9.0    9.0    9.0    9.0    9.0    9.0    9.0   0.00   0.00   0.00   0.00   0.00   0.0   0.0   0.0     0.047     0.042     0.654     0.100   109.168     0.000      0.9      0.4      0.0      0.0      0.4      0.3
  161 0.200  4000     0     0     0     0     0     0    9.0    9.0    9.0    9.0    9.0    9.0    9.0   0.00   0.00   0.00   0.00   0.00   0.0   0.0   0.0     0.000     0.000     0.000     0.000     0.000     0.000      0.0      0.0      0.0      0.0      0.0      0.0
  162 0.100  4000    12     0    12     0     0     0    4.5    5.3    4.5    5.3    4.5    4.5    4.5   0.00   0.00   0.00   0.00   0.00   0.0   0.0   0.2     0.031     0.053     1.244     0.101    69.753     0.000      0.5      0.2      0.0      0.0      0.2      0.1
  163 0.100  4000     0     0     0     0     0     0    4.5    4.5    4.5    4.5    4.5    4.5    4.5   0.00   0.00   0.00   0.00   0.00   0.0   0.0   0.0     0.000     0.000     0.000     0.000     0.000     0.000      0.0      0.0      0.0      0.0      0.0      0.0
  164 0.300  4000    16     0    16     0     0     0   13.5   14.3   13.5   14.3   13.5   13.5   13.5   0.00   0.00   0.00   0.00   0.00   0.1   0.0   0.2     0.110     0.830    20.846     0.340   227.518     0.000      1.4      0.7      0.0      0.1      0.6      0.4
  165 0.300  4000     0     0     0     0     0     0   13.5   13.5   13.5   13.5   13.5   13.5   13.5   0.00   0.00   0.00   0.00   0.00   0.0   0.0   0.0     0.000     0.000     0.000     0.000     0.000     0.000      0.0      0.0      0.0      0.0      0.0      0.0
  166 0.400  4000     0     0     0     0     0     0   18.0   18.0   18.0   18.0   18.0   18.0   18.0   0.00   0.00   0.00   0.00   0.00   0.0   0.0   0.0     0.000     0.000     0.000     0.000     0.000     0.000      0.0      0.0      0.0      0.0      0.0      0.0
  167 0.400  4000     0     0     0     0     0     0   18.0   18.0   18.0   18.0   18.0   18.0   18.0   0.00   0.00   0.00   0.00   0.00   0.0   0.0   0.0     0.000     0.000     0.000     0.000     0.000     0.000      0.0      0.0      0.0      0.0      0.0      0.0
  168 0.100  4000     0     0     0     0     0     0    4.5    4.5    4.5    4.5    4.5    4.5    4.5   0.00   0.00   0.00   0.00   0.00   0.0   0.0   0.0     0.000     0.000     0.000     0.000     0.000     0.000      0.0      0.0      0.0      0.0      0.0      0.0
  169 0.100  4000     0     0     0     0     0     0    4.5    4.5    4.5    4.5    4.5    4.5    4.5   0.00   0.00   0.00   0.00   0.00   0.0   0.0   0.0     0.000     0.000     0.000     0.000     0.000     0.000      0.0      0.0      0.0      0.0      0.0      0.0
  170 0.100  4000    40     0    32     8     0     0    4.5    6.1    4.5    6.0    6.5    4.5    4.5   0.00   0.00   0.00   0.00   0.00   0.1   0.0   0.0     0.482     6.249   163.833     1.928   887.408     0.000      2.0      0.9      0.0      0.1      1.0      0.5
  171 0.100  4000     0     0     0     0     0     0    4.5    4.5    4.5    4.5    4.5    4.5    4.5   0.00   0.00   0.00   0.00   0.00   0.0   0.0   0.0     0.000     0.000     0.000     0.000     0.000     0.000      0.0      0.0      0.0      0.0      0.0      0.0
  172 0.900  4000    60     0    48    12     0     0   40.5   41.4   40.5   41.6   40.8   40.5   40.5   0.00   0.00   0.00   0.00   0.00   0.6   0.2   0.0     0.991     1.294    26.132     2.333  2280.163     0.000     17.8      8.5      0.1      0.9      8.3      5.2
  173 0.900  4000     0     0     0     0     0     0   40.5   40.5   40.5   40.5   40.5   40.5   40.5   0.00   0.00   0.00   0.00   0.00   0.0   0.0   0.0     0.000     0.000     0.000     0.000     0.000     0.000      0.0      0.0      0.0      0.0      0.0      0.0
  174 0.900  4000     4     0     4     0     0     0   40.5   42.0   40.5   42.0   40.5   40.5   40.5   0.00   0.00   0.00   0.00   0.00   0.0   0.0   0.3     0.030     0.031     0.440     0.059    69.647     0.000      0.7      0.3      0.0      0.0      0.3      0.2
  175 0.900  4000     0     0     0     0     0     0   40.5   40.5   40.5   40.5   40.5   40.5   40.5   0.00   0.00   0.00   0.00   0.00   0.0   0.0   0.0     0.000     0.000     0.000     0.000     0.000     0.000      0.0      0.0      0.0      0.0      0.0      0.0
  176 0.100  4000     4     0     4     0     0     0    4.5   32.6    4.5   32.6    4.5    4.5    4.5   0.00   0.00   0.00   0.00   0.00   0.0   0.0   0.7     0.017     0.017     0.109     0.013    38.618     0.000      1.0      0.4      0.0      0.0      0.9      0.1
  177 0.100  4000     0     0     0     0     0     0    4.5    4.5    4.5    4.5    4.5    4.5    4.5   0.00   0.00   0.00   0.00   0.00   0.0   0.0   0.0     0.000     0.000     0.000     0.000     0.000     0.000      0.0      0.0      0.0      0.0      0.0      0.0
  178 0.100  4000     8     0     8     0     0     0    4.5    5.7    4.5    5.7    4.5    4.5    4.5   0.00   0.00   0.00   0.00   0.00   0.0   0.0   0.0     0.062     0.823    21.677     0.238   112.527     0.000      0.3      0.1      0.0      0.0      0.1      0.1
  179 0.100  4000     0     0     0     0     0     0    4.5    4.5    4.5    4.5    4.5    4.5    4.5   0.00   0.00   0.00   0.00   0.00   0.0   0.0   0.0     0.000     0.000     0.000     0.000     0.000     0.000      0.0      0.0      0.0      0.0      0.0      0.0
  180 0.400  4000     8     0     8     0     0     0   18.0   18.0   18.0   18.0   18.0   18.0   18.0   0.00   0.00   0.00   0.00   0.00   0.0   0.0   0.0     0.076     0.288     6.802     0.198   168.444     0.000      1.2      0.6      0.0      0.1      0.6      0.3
  181 0.400  4000     0     0     0     0     0     0   18.0   18.0   18.0   18.0   18.0   18.0   18.0   0.00   0.00   0.00   0.00   0.00   0.0   0.0   0.0     0.000     0.000     0.000     0.000     0.000     0.000      0.0      0.0      0.0      0.0      0.0      0.0
  182 0.300  4000    20     0    20     0     0     0   13.5   14.9   13.5   14.9   13.5   13.5   13.5   0.00   0.00   0.00   0.00   0.00   0.1   0.0   0.0     0.309     3.131    82.238     1.076   605.699     0.000      2.4      1.1      0.0      0.1      1.2      0.6
  183 0.300  4000     8     0     8     0     0     0   13.5   16.1   13.5   16.1   13.5   13.5   13.5   0.00   0.00   0.00   0.00   0.00   0.0   0.0   0.0     0.173     2.025    53.576     0.639   328.022     0.000      1.0      0.5      0.0      0.0      0.5      0.3
  184 0.100  4000    20     0    20     0     0     0    4.5    4.4    4.5    4.4    4.5    4.5    4.5   0.00   0.00   0.00   0.00   0.00   0.0   0.0   0.0     0.044     0.037     0.618     0.107   101.294     0.000      0.8      0.4      0.0      0.0      0.4      0.2
  185 0.100  4000     8     0     8     0     0     0    4.5    4.4    4.5    4.4    4.5    4.5    4.5   0.00   0.00   0.00   0.00   0.00   0.0   0.0   0.0     0.019     0.016     0.283     0.049    43.620     0.000      0.3      0.2      0.0      0.0      0.2      0.1
  186 0.200  4000    20     0    20     0     0     0    9.0    9.0    9.0    9.0    9.0    9.0    9.0   0.00   0.00   0.00   0.00   0.00   0.1   0.0   0.0     0.079     0.069     1.094     0.171   181.907     0.000      1.5      0.7      0.0      0.1      0.7      0.4
  187 0.200  4000     8     0     8     0     0     0    9.0    9.0    9.0    9.0    9.0    9.0    9.0   0.00   0.00   0.00   0.00   0.00   0.0   0.0   0.0     0.030     0.027     0.411     0.061    68.899     0.000      0.6      0.3      0.0      0.0      0.3      0.2
  188 0.100  4000    20     0    20     0     0     0    4.5    4.4    4.5    4.4    4.5    4.5    4.5   0.00   0.00   0.00   0.00   0.00   0.0   0.0   0.0     0.037     0.031     0.524     0.093    85.334     0.000      0.6      0.3      0.0      0.0      0.3      0.2
  189 0.100  4000     8     0     8     0     0     0    4.5    4.4    4.5    4.4    4.5    4.5    4.5   0.00   0.00   0.00   0.00   0.00   0.0   0.0   0.0     0.016     0.013     0.250     0.047    37.777     0.000      0.3      0.1      0.0      0.0      0.1      0.1
  190 0.300  4000    20     0    20     0     0     0   13.5   13.8   13.5   13.8   13.5   13.5   13.5   0.00   0.00   0.00   0.00   0.00   0.1   0.0   0.1     0.111     0.103     1.535     0.236   257.912     0.000      2.3      1.1      0.0      0.1      1.1      0.7
  191 0.300  4000    12     0    12     0     0     0   13.5   13.4   13.5   13.4   13.5   13.5   13.5   0.00   0.00   0.00   0.00   0.00   0.0   0.0   0.0     0.061     0.052     0.819     0.135   141.118     0.000      1.1      0.5      0.0      0.1      0.6      0.3
  192 0.400  4000     8     0     8     0     0     0   18.0   18.1   18.0   18.1   18.0   18.0   18.0   0.00   0.00   0.00   0.00   0.00   0.0   0.0   0.1     0.067     0.085     1.962     0.178   153.019     0.000      1.2      0.6      0.0      0.1      0.6      0.3
  193 0.400  4000    20     0    20     0     0     0   18.0   19.1   18.0   19.1   18.0   18.0   18.0   0.00   0.00   0.00   0.00   0.00   0.1   0.0   0.2     0.117     0.118     1.679     0.225   271.446     0.000      2.7      1.3      0.0      0.1      1.3      0.8
  194 0.100  4000     8     0     8     0     0     0    4.5    4.5    4.5    4.5    4.5    4.5    4.5   0.00   0.00   0.00   0.00   0.00   0.0   0.0   0.0     0.016     0.013     0.207     0.035    36.196     0.000      0.3      0.1      0.0      0.0      0.1      0.1
  195 0.100  4000    20     0    20     0     0     0    4.5   30.0    4.5   30.0    4.5    4.5    4.5   0.00   0.00   0.00   0.00   0.00   0.2   0.1   0.6     0.085     0.084     0.648     0.088   197.140     0.000      4.8      2.0      0.0      0.1      3.8      0.6
  196 0.100  4000     8     0     8     0     0     0    4.5    4.5    4.5    4.5    4.5    4.5    4.5   0.00   0.00   0.00   0.00   0.00   0.0   0.0   0.0     0.017     0.014     0.264     0.048    40.512     0.000      0.3      0.1      0.0      0.0      0.1      0.1
  197 0.100  4000    20     0    20     0     0     0    4.5    6.4    4.5    6.4    4.5    4.5    4.5   0.00   0.00   0.00   0.00   0.00   0.0   0.0   0.0     0.234     2.812    75.436     0.941   436.262     0.000      1.0      0.5      0.0      0.0      0.6      0.2
  198 0.900  4000    20     0    20     0     0     0   40.5   40.7   40.5   40.7   40.5   40.5   40.5   0.00   0.00   0.00   0.00   0.00   0.2   0.0   0.0     0.261     0.225     3.540     0.571   602.782     0.000      4.9      2.3      0.0      0.2      2.4      1.4
  199 0.900  4000    20     0    20     0     0     0   40.5   41.0   40.5   41.0   40.5   40.5   40.5   0.00   0.00   0.00   0.00   0.00   0.2   0.1   0.0     0.407     1.031    23.285     1.022   919.934     0.000      6.7      3.2      0.0      0.3      3.2      1.9
  200 1.000  1600     8     0     8     0     0     0   60.0   70.2   60.0   70.2   60.0   60.0   60.0   0.00   0.00   0.00   0.00   0.00   0.1   0.0   0.8     0.046     0.045     0.567     0.054   107.507     0.000      2.1      1.0      0.0      0.1      1.0      0.6
  201 1.000  1600     0     0     0     0     0     0   60.0   60.0   60.0   60.0   60.0   60.0   60.0   0.00   0.00   0.00   0.00   0.00   0.0   0.0   0.0     0.000     0.000     0.000     0.000     0.000     0.000      0.0      0.0      0.0      0.0      0.0      0.0
  202 1.000  1600     0     0     0     0     0     0   60.0   60.0   60.0   60.0   60.0   60.0   60.0   0.00   0.00   0.00   0.00   0.00   0.0   0.0   0.0     0.000     0.000     0.000     0.000     0.000     0.000      0.0      0.0      0.0      0.0      0.0      0.0
  203 1.000  1600     4     0     0     4     0     0   60.0   69.6   60.0   60.0   69.6   60.0   60.0   0.00   0.00   0.00   0.00   0.00   0.0   0.0   0.9     0.028     0.027     0.347     0.032    64.078     0.000      1.3      0.6      0.0      0.1      0.7      0.3
  204 1.000  1600     0     0     0     0     0     0   60.0   60.0   60.0   60.0   60.0   60.0   60.0   0.00   0.00   0.00   0.00   0.00   0.0   0.0   0.0     0.000     0.000     0.000     0.000     0.000     0.000      0.0      0.0      0.0      0.0      0.0      0.0
  205 1.000  1600     0     0     0     0     0     0   60.0   60.0   60.0   60.0   60.0   60.0   60.0   0.00   0.00   0.00   0.00   0.00   0.0   0.0   0.0     0.000     0.000     0.000     0.000     0.000     0.000      0.0      0.0      0.0      0.0      0.0      0.0
  206 1.000  1600     0     0     0     0     0     0   60.0   60.0   60.0   60.0   60.0   60.0   60.0   0.00   0.00   0.00   0.00   0.00   0.0   0.0   0.0     0.000     0.000     0.000     0.000     0.000     0.000      0.0      0.0      0.0      0.0      0.0      0.0
  207 1.000  1600     0     0     0     0     0     0   60.0   60.0   60.0   60.0   60.0   60.0   60.0   0.00   0.00   0.00   0.00   0.00   0.0   0.0   0.0     0.000     0.000     0.000     0.000     0.000     0.000      0.0      0.0      0.0      0.0      0.0      0.0
  208 1.000  1600    80     0    52    28     0     0   60.0   62.0   60.0   61.9   62.1   60.0   60.0   0.00   0.00   0.00   0.00   0.00   1.1   0.0   0.1     1.264     1.104    16.928     1.732  2927.149     0.000     40.6     19.9      0.2      2.7     15.0     13.5
  209 1.000  1600    20     0    20     0     0     0   60.0   70.2   60.0   70.2   60.0   60.0   60.0   0.00   0.00   0.00   0.00   0.00   0.3   0.0   0.9     0.325     0.301     4.332     0.420   752.814     0.000     12.1      5.9      0.0      0.8      4.8      3.9
  210 1.000  1600     0     0     0     0     0     0   60.0   60.0   60.0   60.0   60.0   60.0   60.0   0.00   0.00   0.00   0.00   0.00   0.0   0.0   0.0     0.000     0.000     0.000     0.000     0.000     0.000      0.0      0.0      0.0      0.0      0.0      0.0
  211 1.000  1600    16     0    16     0     0     0   60.0   60.2   60.0   60.2   60.0   60.0   60.0   0.00   0.00   0.00   0.00   0.00   0.2   0.0   0.0     0.255     0.227     3.558     0.355   590.028     0.000      8.1      3.9      0.0      0.5      3.0      2.7
  212 1.000  1600    12     0    12     0     0     0   60.0   70.4   60.0   70.4   60.0   60.0   60.0   0.00   0.00   0.00   0.00   0.00   0.1   0.0   0.7     0.064     0.062     0.776     0.073   147.598     0.000      3.0      1.4      0.0      0.2      1.3      0.9
  213 1.000  1600     0     0     0     0     0     0   60.0   60.0   60.0   60.0   60.0   60.0   60.0   0.00   0.00   0.00   0.00   0.00   0.0   0.0   0.0     0.000     0.000     0.000     0.000     0.000     0.000      0.0      0.0      0.0      0.0      0.0      0.0
  214 1.000  1600     0     0     0     0     0     0   60.0   60.0   60.0   60.0   60.0   60.0   60.0   0.00   0.00   0.00   0.00   0.00   0.0   0.0   0.0     0.000     0.000     0.000     0.000     0.000     0.000      0.0      0.0      0.0      0.0      0.0      0.0
  215 1.000  1600     0     0     0     0     0     0   60.0   60.0   60.0   60.0   60.0   60.0   60.0   0.00   0.00   0.00   0.00   0.00   0.0   0.0   0.0     0.000     0.000     0.000     0.000     0.000     0.000      0.0      0.0      0.0      0.0      0.0      0.0
  216 1.000  1600     0     0     0     0     0     0   60.0   60.0   60.0   60.0   60.0   60.0   60.0   0.00   0.00   0.00   0.00   0.00   0.0   0.0   0.0     0.000     0.000     0.000     0.000     0.000     0.000      0.0      0.0      0.0      0.0      0.0      0.0
  217 1.000  1600     0     0     0     0     0     0   60.0   60.0   60.0   60.0   60.0   60.0   60.0   0.00   0.00   0.00   0.00   0.00   0.0   0.0   0.0     0.000     0.000     0.000     0.000     0.000     0.000      0.0      0.0      0.0      0.0      0.0      0.0
  218 1.000  1600     4     0     4     0     0     0   60.0   72.1   60.0   72.1   60.0   60.0   60.0   0.00   0.00   0.00   0.00   0.00   0.1   0.0   1.0     0.116     0.395    11.456     0.285   255.067     0.000      3.0      1.4      0.0      0.2      1.4      0.8
  219 1.000  1600     0     0     0     0     0     0   60.0   60.0   60.0   60.0   60.0   60.0   60.0   0.00   0.00   0.00   0.00   0.00   0.0   0.0   0.0     0.000     0.000     0.000     0.000     0.000     0.000      0.0      0.0      0.0      0.0      0.0      0.0
  220 1.000  1600    12     0    12     0     0     0   60.0   62.0   60.0   62.0   60.0   60.0   60.0   0.00   0.00   0.00   0.00   0.00   0.2   0.0   0.0     0.303     0.801    22.598     0.675   673.724     0.000      7.5      3.6      0.0      0.5      2.9      2.4
  221 1.000  1600     0     0     0     0     0     0   60.0   60.0   60.0   60.0   60.0   60.0   60.0   0.00   0.00   0.00   0.00   0.00   0.0   0.0   0.0     0.000     0.000     0.000     0.000     0.000     0.000      0.0      0.0      0.0      0.0      0.0      0.0
  222 1.000  1600     8     0     8     0     0     0   60.0   72.5   60.0   72.5   60.0   60.0   60.0   0.00   0.00   0.00   0.00   0.00   0.2   0.0   0.9     0.232     0.743    21.551     0.563   508.756     0.000      6.1      2.9      0.0      0.3      2.7      1.8
  223 1.000  1600     8     0     8     0     0     0   60.0   62.0   60.0   62.0   60.0   60.0   60.0   0.00   0.00   0.00   0.00   0.00   0.1   0.0   0.0     0.232     0.741    21.747     0.579   508.884     0.000      5.2      2.5      0.0      0.3      2.1      1.6
   4500      6
   10 1.500  6600   116   116     0     0     0     0   54.0   54.9   54.9   54.0   54.0   54.0   54.0   0.00   0.00   0.00   0.00   0.00   0.9   0.5   0.0     1.941     1.702    29.619     6.479  4485.792     0.000     21.5      9.9      0.2      0.7     11.3      5.8
   11 0.250  8800   144   144     0     0     0     0    9.0    9.0    9.0    9.0    9.0    9.0    9.0   0.00   0.00   0.00   0.00   0.00   0.3   0.2   0.0     0.688     0.610    10.414     2.268  1589.644     0.000      7.6      3.5      0.1      0.2      3.9      2.1
   12 0.500  6600   220   220     0     0     0     0   18.0   18.3   18.3   18.0   18.0   18.0   18.0   0.00   0.00   0.00   0.00   0.00   0.9   0.5   0.0     1.904     1.671    28.565     6.246  4398.131     0.000     21.3      9.8      0.2      0.6     11.0      5.8
   13 0.250  8800   248   248     0     0     0     0    9.0    9.1    9.1    9.0    9.0    9.0    9.0   0.00   0.00   0.00   0.00   0.00   0.6   0.3   0.0     1.211     1.068    18.206     3.953  2797.966     0.000     13.6      6.3      0.1      0.4      7.0      3.7
   14 1.500  6600   340   340     0     0     0     0   54.0   54.9   54.9   54.0   54.0   54.0   54.0   0.00   0.00   0.00   0.00   0.00   4.6   2.1   0.0     9.402     8.212   140.688    30.835 21721.920     0.000    105.2     48.5      0.9      3.1     54.2     28.9
   15 1.500  6600   324   160     0     0   124    40   54.0   91.3   91.3   54.0   54.0   91.1   92.3   0.00   0.00   0.00   0.00   0.00   4.4   3.8   1.7    19.401   241.388  6103.194    72.152 36160.879     0.000     99.4     46.8      0.3      4.7     46.8     28.4
   16 0.250  8800   356   356     0     0     0     0    9.0    9.0    9.0    9.0    9.0    9.0    9.0   0.00   0.00   0.00   0.00   0.00   0.9   0.4   0.0     1.781     1.577    26.879     5.843  4113.897     0.000     19.9      9.1      0.2      0.6     10.2      5.5
   17 0.250  8800   376   184     0     0   140    52    9.0   13.5   13.6    9.0    9.0   13.7   12.8   0.00   0.00   0.00   0.00   0.00   1.3   1.1   0.4     6.491    84.412  2086.564    23.948 12023.954     0.000     30.1     14.2      0.1      1.5     14.4      8.5
   18 0.500  6600   392   392     0     0     0     0   18.0   18.2   18.2   18.0   18.0   18.0   18.0   0.00   0.00   0.00   0.00   0.00   1.9   0.8   0.0     3.858     3.396    58.124    12.704  8910.494     0.000     42.9     19.8      0.4      1.3     22.1     11.8
   19 0.500  6600   448   216     0     0   168    64   18.0   21.5   21.4   18.0   18.0   21.9   20.8   0.00   0.00   0.00   0.00   0.00   2.5   1.7   0.2     9.604    97.741  2403.431    34.609 18731.795     0.000     56.2     26.3      0.2      2.5     27.3     15.8
   20 0.250  8800   416   416     0     0     0     0    9.0    9.0    9.0    9.0    9.0    9.0    9.0   0.00   0.00   0.00   0.00   0.00   1.0   0.5   0.0     2.083     1.846    31.451     6.839  4810.256     0.000     23.2     10.7      0.2      0.7     11.9      6.4
   21 0.250  8800   488   228     0     0   188    72    9.0   10.2    9.8    9.0    9.0   10.6   10.4   0.00   0.00   0.00   0.00   0.00   1.3   0.9   0.1     3.569    22.606   569.700    12.139  7487.932     0.000     30.7     14.2      0.2      1.0     15.8      8.4
   22 1.500  6600   536   536     0     0     0     0   54.0   54.8   54.8   54.0   54.0   54.0   54.0   0.00   0.00   0.00   0.00   0.00   7.3   3.0   0.0    14.847    12.999   223.014    48.938 34295.754     0.000    165.4     76.2      1.4      4.8     84.8     45.5
   23 1.500  6600   692   344     0     0   240   108   54.0   60.3   60.3   54.0   54.0   60.0   60.9   0.00   0.00   0.00   0.00   0.00  10.1   6.3   0.4    26.308   160.548  3923.388    88.177 55462.098     0.000    228.5    105.9      1.6      7.9    117.1     62.5
   24 0.250  8800   548   548     0     0     0     0    9.0    9.0    9.0    9.0    9.0    9.0    9.0   0.00   0.00   0.00   0.00   0.00   1.4   0.6   0.0     2.786     2.467    42.120     9.179  6435.233     0.000     31.0     14.3      0.3      0.9     15.9      8.5
   25 0.250  8800   736   364     0     0   256   116    9.0   11.2   11.0    9.0    9.0   11.8   10.3   0.00   0.00   0.00   0.00   0.00   2.2   1.6   0.2     7.431    69.075  1714.061    25.997 14747.420     0.000     51.1     23.9      0.3      2.0     25.3     14.3
   26 0.500  6600   580   580     0     0     0     0   18.0   18.1   18.1   18.0   18.0   18.0   18.0   0.00   0.00   0.00   0.00   0.00   2.9   1.2   0.0     5.823     5.119    87.831    19.232 13449.952     0.000     64.7     29.8      0.5      1.9     33.2     17.8
   27 0.500  6600   824   404     0     0   280   140   18.0   20.2   20.2   18.0   18.0   19.9   20.6   0.00   0.00   0.00   0.00   0.00   4.3   2.6   0.1    11.351    67.584  1651.671    38.346 23960.258     0.000     97.7     45.3      0.7      3.3     50.3     26.6
   28 0.250  8800   600   600     0     0     0     0    9.0    9.0    9.0    9.0    9.0    9.0    9.0   0.00   0.00   0.00   0.00   0.00   1.5   0.7   0.0     3.028     2.682    45.793     9.982  6992.186     0.000     33.6     15.5      0.3      1.0     17.2      9.3
   29 0.250  8800   868   408     0     0   300   160    9.0   10.6   10.5    9.0    9.0   10.4   11.3   0.00   0.00   0.00   0.00   0.00   2.4   1.7   0.1     7.716    67.194  1640.938    26.394 15504.585     0.000     55.5     25.8      0.3      2.1     28.2     15.2
   30 1.500  6600   716   716     0     0     0     0   54.0   54.7   54.7   54.0   54.0   54.0   54.0   0.00   0.00   0.00   0.00   0.00  10.0   3.6   0.0    20.383    17.904   306.726    67.304 47076.457     0.000    226.5    104.3      1.9      6.6    116.0     62.4
   31 1.500  6600  1212   580     0     0   416   216   54.0   84.4   83.4   54.0   54.0   84.9   85.9   0.00   0.00   0.00   0.00   0.00  23.8  19.4   2.2    94.543  1093.171 27320.957   344.517179552.797     0.000    541.2    250.4      3.6     18.5    280.8    146.1
   32 0.250  8800  1244   596     0     0   424   224    9.0   15.6   15.9    9.0    9.0   15.0   16.1   0.00   0.00   0.00   0.00   0.00   5.4   4.7   0.5    23.366   284.376  7148.955    86.897 43779.586     0.000    122.4     56.4      0.4      4.8     64.3     31.7
   33 0.500  6600  1316   616     0     0   460   240   18.0   28.5   28.5   18.0   18.0   29.2   27.3   0.00   0.00   0.00   0.00   0.00  10.2   8.4   0.7    40.589   453.902 11383.424   149.393 77499.672     0.000    232.1    108.8      1.0     10.6    112.8     64.7
   34 0.250  8800  1348   624     0     0   480   244    9.0   11.3   11.2    9.0    9.0   11.5   10.9   0.00   0.00   0.00   0.00   0.00   4.2   3.1   0.2    13.852   123.609  3049.276    49.431 27675.848     0.000     95.2     44.3      0.6      3.6     47.9     26.2
   35 1.500  6600  1580   732     0     0   556   292   54.0   63.0   63.0   54.0   54.0   63.1   63.0   0.00   0.00   0.00   0.00   0.00  25.7  16.7   0.6    73.218   528.581 13008.284   250.850151255.875     0.000    583.1    270.7      4.1     20.6    292.4    162.3
   50 0.200  2000     0     0     0     0     0     0    8.5    8.5    8.5    8.5    8.5    8.5    8.5   0.00   0.00   0.00   0.00   0.00   0.0   0.0   0.0     0.000     0.000     0.000     0.000     0.000     0.000      0.0      0.0      0.0      0.0      0.0      0.0
   51 0.070  2000     0     0     0     0     0     0    3.0    3.0    3.0    3.0    3.0    3.0    3.0   0.00   0.00   0.00   0.00   0.00   0.0   0.0   0.0     0.000     0.000     0.000     0.000     0.000     0.000      0.0      0.0      0.0      0.0      0.0      0.0
   52 0.200  2000     0     0     0     0     0     0    8.5    8.5    8.5    8.5    8.5    8.5    8.5   0.00   0.00   0.00   0.00   0.00   0.0   0.0   0.0     0.000     0.000     0.000     0.000     0.000     0.000      0.0      0.0      0.0      0.0      0.0      0.0
   53 0.070  2000     0     0     0     0     0     0    3.0    3.0    3.0    3.0    3.0    3.0    3.0   0.00   0.00   0.00   0.00   0.00   0.0   0.0   0.0     0.000     0.000     0.000     0.000     0.000     0.000      0.0      0.0      0.0      0.0      0.0      0.0
   54 0.200  2000     0     0     0     0     0     0    8.5    8.5    8.5    8.5    8.5    8.5    8.5   0.00   0.00   0.00   0.00   0.00   0.0   0.0   0.0     0.000     0.000     0.000     0.000     0.000     0.000      0.0      0.0      0.0      0.0      0.0      0.0
   55 0.200  2000     0     0     0     0     0     0    8.5    8.5    8.5    8.5    8.5    8.5    8.5   0.00   0.00   0.00   0.00   0.00   0.0   0.0   0.0     0.000     0.000     0.000     0.000     0.000     0.000      0.0      0.0      0.0      0.0      0.0      0.0
   56 0.070  2000     0     0     0     0     0     0    3.0    3.0    3.0    3.0    3.0    3.0    3.0   0.00   0.00   0.00   0.00   0.00   0.0   0.0   0.0     0.000     0.000     0.000     0.000     0.000     0.000      0.0      0.0      0.0      0.0      0.0      0.0
   57 0.070  2000     0     0     0     0     0     0    3.0    3.0    3.0    3.0    3.0    3.0    3.0   0.00   0.00   0.00   0.00   0.00   0.0   0.0   0.0     0.000     0.000     0.000     0.000     0.000     0.000      0.0      0.0      0.0      0.0      0.0      0.0
   58 0.200  2000     0     0     0     0     0     0    8.5    8.5    8.5    8.5    8.5    8.5    8.5   0.00   0.00   0.00   0.00   0.00   0.0   0.0   0.0     0.000     0.000     0.000     0.000     0.000     0.000      0.0      0.0      0.0      0.0      0.0      0.0
   59 0.200  2000     0     0     0     0     0     0    8.5    8.5    8.5    8.5    8.5    8.5    8.5   0.00   0.00   0.00   0.00   0.00   0.0   0.0   0.0     0.000     0.000     0.000     0.000     0.000     0.000      0.0      0.0      0.0      0.0      0.0      0.0
   60 0.070  2000     0     0     0     0     0     0    3.0    3.0    3.0    3.0    3.0    3.0    3.0   0.00   0.00   0.00   0.00   0.00   0.0   0.0   0.0     0.000     0.000     0.000     0.000     0.000     0.000      0.0      0.0      0.0      0.0      0.0      0.0
   61 0.070  2000     0     0     0     0     0     0    3.0    3.0    3.0    3.0    3.0    3.0    3.0   0.00   0.00   0.00   0.00   0.00   0.0   0.0   0.0     0.000     0.000     0.000     0.000     0.000     0.000      0.0      0.0      0.0      0.0      0.0      0.0
   62 0.200  2000     0     0     0     0     0     0    8.5    8.5    8.5    8.5    8.5    8.5    8.5   0.00   0.00   0.00   0.00   0.00   0.0   0.0   0.0     0.000     0.000     0.000     0.000     0.000     0.000      0.0      0.0      0.0      0.0      0.0      0.0
   63 0.200  2000     0     0     0     0     0     0    8.5    8.5    8.5    8.5    8.5    8.5    8.5   0.00   0.00   0.00   0.00   0.00   0.0   0.0   0.0     0.000     0.000     0.000     0.000     0.000     0.000      0.0      0.0      0.0      0.0      0.0      0.0
   64 0.070  2000     0     0     0     0     0     0    3.0    3.0    3.0    3.0    3.0    3.0    3.0   0.00   0.00   0.00   0.00   0.00   0.0   0.0   0.0     0.000     0.000     0.000     0.000     0.000     0.000      0.0      0.0      0.0      0.0      0.0      0.0
   65 0.070  2000     0     0     0     0     0     0    3.0    3.0    3.0    3.0    3.0    3.0    3.0   0.00   0.00   0.00   0.00   0.00   0.0   0.0   0.0     0.000     0.000     0.000     0.000     0.000     0.000      0.0      0.0      0.0      0.0      0.0      0.0
   66 0.200  2000     0     0     0     0     0     0    8.5    8.5    8.5    8.5    8.5    8.5    8.5   0.00   0.00   0.00   0.00   0.00   0.0   0.0   0.0     0.000     0.000     0.000     0.000     0.000     0.000      0.0      0.0      0.0      0.0      0.0      0.0
   67 0.200  2000     0     0     0     0     0     0    8.5    8.5    8.5    8.5    8.5    8.5    8.5   0.00   0.00   0.00   0.00   0.00   0.0   0.0   0.0     0.000     0.000     0.000     0.000     0.000     0.000      0.0      0.0      0.0      0.0      0.0      0.0
   68 0.070  2000     0     0     0     0     0     0    3.0    3.0    3.0    3.0    3.0    3.0    3.0   0.00   0.00   0.00   0.00   0.00   0.0   0.0   0.0     0.000     0.000     0.000     0.000     0.000     0.000      0.0      0.0      0.0      0.0      0.0      0.0
   69 0.070  2000     0     0     0     0     0     0    3.0    3.0    3.0    3.0    3.0    3.0    3.0   0.00   0.00   0.00   0.00   0.00   0.0   0.0   0.0     0.000     0.000     0.000     0.000     0.000     0.000      0.0      0.0      0.0      0.0      0.0      0.0
   70 0.200  2000     0     0     0     0     0     0    8.5    8.5    8.5    8.5    8.5    8.5    8.5   0.00   0.00   0.00   0.00   0.00   0.0   0.0   0.0     0.000     0.000     0.000     0.000     0.000     0.000      0.0      0.0      0.0      0.0      0.0      0.0
   71 0.070  2000     0     0     0     0     0     0    3.0    3.0    3.0    3.0    3.0    3.0    3.0   0.00   0.00   0.00   0.00   0.00   0.0   0.0   0.0     0.000     0.000     0.000     0.000     0.000     0.000      0.0      0.0      0.0      0.0      0.0      0.0
   72 0.200  2000     0     0     0     0     0     0    8.5    8.5    8.5    8.5    8.5    8.5    8.5   0.00   0.00   0.00   0.00   0.00   0.0   0.0   0.0     0.000     0.000     0.000     0.000     0.000     0.000      0.0      0.0      0.0      0.0      0.0      0.0
   73 0.070  2000     0     0     0     0     0     0    3.0    3.0    3.0    3.0    3.0    3.0    3.0   0.00   0.00   0.00   0.00   0.00   0.0   0.0   0.0     0.000     0.000     0.000     0.000     0.000     0.000      0.0      0.0      0.0      0.0      0.0      0.0
   74 1.500  4000     0     0     0     0     0     0   67.5   67.5   67.5   67.5   67.5   67.5   67.5   0.00   0.00   0.00   0.00   0.00   0.0   0.0   0.0     0.000     0.000     0.000     0.000     0.000     0.000      0.0      0.0      0.0      0.0      0.0      0.0
   75 0.100  6000     0     0     0     0     0     0    4.5    4.5    4.5    4.5    4.5    4.5    4.5   0.00   0.00   0.00   0.00   0.00   0.0   0.0   0.0     0.000     0.000     0.000     0.000     0.000     0.000      0.0      0.0      0.0      0.0      0.0      0.0
   76 0.100  4000     0     0     0     0     0     0    4.5    4.5    4.5    4.5    4.5    4.5    4.5   0.00   0.00   0.00   0.00   0.00   0.0   0.0   0.0     0.000     0.000     0.000     0.000     0.000     0.000      0.0      0.0      0.0      0.0      0.0      0.0
   77 0.900  4000     0     0     0     0     0     0   40.5   40.5   40.5   40.5   40.5   40.5   40.5   0.00   0.00   0.00   0.00   0.00   0.0   0.0   0.0     0.000     0.000     0.000     0.000     0.000     0.000      0.0      0.0      0.0      0.0      0.0      0.0
   78 0.900  4000     0     0     0     0     0     0   40.5   40.5   40.5   40.5   40.5   40.5   40.5   0.00   0.00   0.00   0.00   0.00   0.0   0.0   0.0     0.000     0.000     0.000     0.000     0.000     0.000      0.0      0.0      0.0      0.0      0.0      0.0
   79 1.500  4000     0     0     0     0     0     0   67.5   67.5   67.5   67.5   67.5   67.5   67.5   0.00   0.00   0.00   0.00   0.00   0.0   0.0   0.0     0.000     0.000     0.000     0.000     0.000     0.000      0.0      0.0      0.0      0.0      0.0      0.0
   80 0.100  6000     0     0     0     0     0     0    4.5    4.5    4.5    4.5    4.5    4.5    4.5   0.00   0.00   0.00   0.00   0.00   0.0   0.0   0.0     0.000     0.000     0.000     0.000     0.000     0.000      0.0      0.0      0.0      0.0      0.0      0.0
   81 0.100  6000     0     0     0     0     0     0    4.5    4.5    4.5    4.5    4.5    4.5    4.5   0.00   0.00   0.00   0.00   0.00   0.0   0.0   0.0     0.000     0.000     0.000     0.000     0.000     0.000      0.0      0.0      0.0      0.0      0.0      0.0
   82 0.100  4000     0     0     0     0     0     0    4.5    4.5    4.5    4.5    4.5    4.5    4.5   0.00   0.00   0.00   0.00   0.00   0.0   0.0   0.0     0.000     0.000     0.000     0.000     0.000     0.000      0.0      0.0      0.0      0.0      0.0      0.0
   83 0.100  4000     0     0     0     0     0     0    4.5    4.5    4.5    4.5    4.5    4.5    4.5   0.00   0.00   0.00   0.00   0.00   0.0   0.0   0.0     0.000     0.000     0.000     0.000     0.000     0.000      0.0      0.0      0.0      0.0      0.0      0.0
   84 0.900  4000     0     0     0     0     0     0   40.5   40.5   40.5   40.5   40.5   40.5   40.5   0.00   0.00   0.00   0.00   0.00   0.0   0.0   0.0     0.000     0.000     0.000     0.000     0.000     0.000      0.0      0.0      0.0      0.0      0.0      0.0
   85 0.900  4000     0     0     0     0     0     0   40.5   40.5   40.5   40.5   40.5   40.5   40.5   0.00   0.00   0.00   0.00   0.00   0.0   0.0   0.0     0.000     0.000     0.000     0.000     0.000     0.000      0.0      0.0      0.0      0.0      0.0      0.0
   86 0.900  4000     0     0     0     0     0     0   40.5   40.5   40.5   40.5   40.5   40.5   40.5   0.00   0.00   0.00   0.00   0.00   0.0   0.0   0.0     0.000     0.000     0.000     0.000     0.000     0.000      0.0      0.0      0.0      0.0      0.0      0.0
   87 0.900  4000     0     0     0     0     0     0   40.5   40.5   40.5   40.5   40.5   40.5   40.5   0.00   0.00   0.00   0.00   0.00   0.0   0.0   0.0     0.000     0.000     0.000     0.000     0.000     0.000      0.0      0.0      0.0      0.0      0.0      0.0
   88 0.100  6000     0     0     0     0     0     0    4.5    4.5    4.5    4.5    4.5    4.5    4.5   0.00   0.00   0.00   0.00   0.00   0.0   0.0   0.0     0.000     0.000     0.000     0.000     0.000     0.000      0.0      0.0      0.0      0.0      0.0      0.0
   89 0.100  6000     0     0     0     0     0     0    4.5    4.5    4.5    4.5    4.5    4.5    4.5   0.00   0.00   0.00   0.00   0.00   0.0   0.0   0.0     0.000     0.000     0.000     0.000     0.000     0.000      0.0      0.0      0.0      0.0      0.0      0.0
   90 0.100  4000     0     0     0     0     0     0    4.5    4.5    4.5    4.5    4.5    4.5    4.5   0.00   0.00   0.00   0.00   0.00   0.0   0.0   0.0     0.000     0.000     0.000     0.000     0.000     0.000      0.0      0.0      0.0      0.0      0.0      0.0
   91 0.100  4000     0     0     0     0     0     0    4.5    4.5    4.5    4.5    4.5    4.5    4.5   0.00   0.00   0.00   0.00   0.00   0.0   0.0   0.0     0.000     0.000     0.000     0.000     0.000     0.000      0.0      0.0      0.0      0.0      0.0      0.0
   92 1.500  4000     0     0     0     0     0     0   67.5   67.5   67.5   67.5   67.5   67.5   67.5   0.00   0.00   0.00   0.00   0.00   0.0   0.0   0.0     0.000     0.000     0.000     0.000     0.000     0.000      0.0      0.0      0.0      0.0      0.0      0.0
   93 0.900  4000     0     0     0     0     0     0   40.5   40.5   40.5   40.5   40.5   40.5   40.5   0.00   0.00   0.00   0.00   0.00   0.0   0.0   0.0     0.000     0.000     0.000     0.000     0.000     0.000      0.0      0.0      0.0      0.0      0.0      0.0
   94 0.900  4000     0     0     0     0     0     0   40.5   40.5   40.5   40.5   40.5   40.5   40.5   0.00   0.00   0.00   0.00   0.00   0.0   0.0   0.0     0.000     0.000     0.000     0.000     0.000     0.000      0.0      0.0      0.0      0.0      0.0      0.0
   95 0.100  6000     0     0     0     0     0     0    4.5    4.5    4.5    4.5    4.5    4.5    4.5   0.00   0.00   0.00   0.00   0.00   0.0   0.0   0.0     0.000     0.000     0.000     0.000     0.000     0.000      0.0      0.0      0.0      0.0      0.0      0.0
   96 0.100  4000     0     0     0     0     0     0    4.5    4.5    4.5    4.5    4.5    4.5    4.5   0.00   0.00   0.00   0.00   0.00   0.0   0.0   0.0     0.000     0.000     0.000     0.000     0.000     0.000      0.0      0.0      0.0      0.0      0.0      0.0
   97 1.500  4000     0     0     0     0     0     0   67.5   67.5   67.5   67.5   67.5   67.5   67.5   0.00   0.00   0.00   0.00   0.00   0.0   0.0   0.0     0.000     0.000     0.000     0.000     0.000     0.000      0.0      0.0      0.0      0.0      0.0      0.0
   98 1.500  4000     0     0     0     0     0     0   67.5   67.5   67.5   67.5   67.5   67.5   67.5   0.00   0.00   0.00   0.00   0.00   0.0   0.0   0.0     0.000     0.000     0.000     0.000     0.000     0.000      0.0      0.0      0.0      0.0      0.0      0.0
   99 0.100  6000     0     0     0     0     0     0    4.5    4.5    4.5    4.5    4.5    4.5    4.5   0.00   0.00   0.00   0.00   0.00   0.0   0.0   0.0     0.000     0.000     0.000     0.000     0.000     0.000      0.0      0.0      0.0      0.0      0.0      0.0
  100 0.100  4000     0     0     0     0     0     0    4.5    4.5    4.5    4.5    4.5    4.5    4.5   0.00   0.00   0.00   0.00   0.00   0.0   0.0   0.0     0.000     0.000     0.000     0.000     0.000     0.000      0.0      0.0      0.0      0.0      0.0      0.0
  101 0.900  4000     0     0     0     0     0     0   40.5   40.5   40.5   40.5   40.5   40.5   40.5   0.00   0.00   0.00   0.00   0.00   0.0   0.0   0.0     0.000     0.000     0.000     0.000     0.000     0.000      0.0      0.0      0.0      0.0      0.0      0.0
  102 0.900  4000     0     0     0     0     0     0   40.5   40.5   40.5   40.5   40.5   40.5   40.5   0.00   0.00   0.00   0.00   0.00   0.0   0.0   0.0     0.000     0.000     0.000     0.000     0.000     0.000      0.0      0.0      0.0      0.0      0.0      0.0
  103 1.500  4000     0     0     0     0     0     0   67.5   67.5   67.5   67.5   67.5   67.5   67.5   0.00   0.00   0.00   0.00   0.00   0.0   0.0   0.0     0.000     0.000     0.000     0.000     0.000     0.000      0.0      0.0      0.0      0.0      0.0      0.0
  104 0.100  6000     0     0     0     0     0     0    4.5    4.5    4.5    4.5    4.5    4.5    4.5   0.00   0.00   0.00   0.00   0.00   0.0   0.0   0.0     0.000     0.000     0.000     0.000     0.000     0.000      0.0      0.0      0.0      0.0      0.0      0.0
  105 0.100  6000     0     0     0     0     0     0    4.5    4.5    4.5    4.5    4.5    4.5    4.5   0.00   0.00   0.00   0.00   0.00   0.0   0.0   0.0     0.000     0.000     0.000     0.000     0.000     0.000      0.0      0.0      0.0      0.0      0.0      0.0
  106 0.100  4000     0     0     0     0     0     0    4.5    4.5    4.5    4.5    4.5    4.5    4.5   0.00   0.00   0.00   0.00   0.00   0.0   0.0   0.0     0.000     0.000     0.000     0.000     0.000     0.000      0.0      0.0      0.0      0.0      0.0      0.0
  107 0.100  4000     0     0     0     0     0     0    4.5    4.5    4.5    4.5    4.5    4.5    4.5   0.00   0.00   0.00   0.00   0.00   0.0   0.0   0.0     0.000     0.000     0.000     0.000     0.000     0.000      0.0      0.0      0.0      0.0      0.0      0.0
  108 0.900  4000     0     0     0     0     0     0   40.5   40.5   40.5   40.5   40.5   40.5   40.5   0.00   0.00   0.00   0.00   0.00   0.0   0.0   0.0     0.000     0.000     0.000     0.000     0.000     0.000      0.0      0.0      0.0      0.0      0.0      0.0
  109 0.900  4000     0     0     0     0     0     0   40.5   40.5   40.5   40.5   40.5   40.5   40.5   0.00   0.00   0.00   0.00   0.00   0.0   0.0   0.0     0.000     0.000     0.000     0.000     0.000     0.000      0.0      0.0      0.0      0.0      0.0      0.0
  110 0.900  4000     0     0     0     0     0     0   40.5   40.5   40.5   40.5   40.5   40.5   40.5   0.00   0.00   0.00   0.00   0.00   0.0   0.0   0.0     0.000     0.000     0.000     0.000     0.000     0.000      0.0      0.0      0.0      0.0      0.0      0.0
  111 0.900  4000     0     0     0     0     0     0   40.5   40.5   40.5   40.5   40.5   40.5   40.5   0.00   0.00   0.00   0.00   0.00   0.0   0.0   0.0     0.000     0.000     0.000     0.000     0.000     0.000      0.0      0.0      0.0      0.0      0.0      0.0
  112 0.100  6000     0     0     0     0     0     0    4.5    4.5    4.5    4.5    4.5    4.5    4.5   0.00   0.00   0.00   0.00   0.00   0.0   0.0   0.0     0.000     0.000     0.000     0.000     0.000     0.000      0.0      0.0      0.0      0.0      0.0      0.0
  113 0.100  6000     0     0     0     0     0     0    4.5    4.5    4.5    4.5    4.5    4.5    4.5   0.00   0.00   0.00   0.00   0.00   0.0   0.0   0.0     0.000     0.000     0.000     0.000     0.000     0.000      0.0      0.0      0.0      0.0      0.0      0.0
  114 0.100  4000     0     0     0     0     0     0    4.5    4.5    4.5    4.5    4.5    4.5    4.5   0.00   0.00   0.00   0.00   0.00   0.0   0.0   0.0     0.000     0.000     0.000     0.000     0.000     0.000      0.0      0.0      0.0      0.0      0.0      0.0
  115 0.100  4000     0     0     0     0     0     0    4.5    4.5    4.5    4.5    4.5    4.5    4.5   0.00   0.00   0.00   0.00   0.00   0.0   0.0   0.0     0.000     0.000     0.000     0.000     0.000     0.000      0.0      0.0      0.0      0.0      0.0      0.0
  116 1.500  4000     0     0     0     0     0     0   67.5   67.5   67.5   67.5   67.5   67.5   67.5   0.00   0.00   0.00   0.00   0.00   0.0   0.0   0.0     0.000     0.000     0.000     0.000     0.000     0.000      0.0      0.0      0.0      0.0      0.0      0.0
  117 0.900  4000     0     0     0     0     0     0   40.5   40.5   40.5   40.5   40.5   40.5   40.5   0.00   0.00   0.00   0.00   0.00   0.0   0.0   0.0     0.000     0.000     0.000     0.000     0.000     0.000      0.0      0.0      0.0      0.0      0.0      0.0
  118 0.900  4000     0     0     0     0     0     0   40.5   40.5   40.5   40.5   40.5   40.5   40.5   0.00   0.00   0.00   0.00   0.00   0.0   0.0   0.0     0.000     0.000     0.000     0.000     0.000     0.000      0.0      0.0      0.0      0.0      0.0      0.0
  119 0.100  6000     0     0     0     0     0     0    4.5    4.5    4.5    4.5    4.5    4.5    4.5   0.00   0.00   0.00   0.00   0.00   0.0   0.0   0.0     0.000     0.000     0.000     0.000     0.000     0.000      0.0      0.0      0.0      0.0      0.0      0.0
  120 0.100  4000     0     0     0     0     0     0    4.5    4.5    4.5    4.5    4.5    4.5    4.5   0.00   0.00   0.00   0.00   0.00   0.0   0.0   0.0     0.000     0.000     0.000     0.000     0.000     0.000      0.0      0.0      0.0      0.0      0.0      0.0
  121 1.500  4000     0     0     0     0     0     0   67.5   67.5   67.5   67.5   67.5   67.5   67.5   0.00   0.00   0.00   0.00   0.00   0.0   0.0   0.0     0.000     0.000     0.000     0.000     0.000     0.000      0.0      0.0      0.0      0.0      0.0      0.0
  122 0.900  4000     0     0     0     0     0     0   40.5   40.5   40.5   40.5   40.5   40.5   40.5   0.00   0.00   0.00   0.00   0.00   0.0   0.0   0.0     0.000     0.000     0.000     0.000     0.000     0.000      0.0      0.0      0.0      0.0      0.0      0.0
  123 0.900  4000     0     0     0     0     0     0   40.5   40.5   40.5   40.5   40.5   40.5   40.5   0.00   0.00   0.00   0.00   0.00   0.0   0.0   0.0     0.000     0.000     0.000     0.000     0.000     0.000      0.0      0.0      0.0      0.0      0.0      0.0
  124 0.100  4000     0     0     0     0     0     0    4.5    4.5    4.5    4.5    4.5    4.5    4.5   0.00   0.00   0.00   0.00   0.00   0.0   0.0   0.0     0.000     0.000     0.000     0.000     0.000     0.000      0.0      0.0      0.0      0.0      0.0      0.0
  125 0.100  4000     0     0     0     0     0     0    4.5    4.5    4.5    4.5    4.5    4.5    4.5   0.00   0.00   0.00   0.00   0.00   0.0   0.0   0.0     0.000     0.000     0.000     0.000     0.000     0.000      0.0      0.0      0.0      0.0      0.0      0.0
  126 0.100  4000     0     0     0     0     0     0    4.5    4.5    4.5    4.5    4.5    4.5    4.5   0.00   0.00   0.00   0.00   0.00   0.0   0.0   0.0     0.000     0.000     0.000     0.000     0.000     0.000      0.0      0.0      0.0      0.0      0.0      0.0
  127 0.100  4000     0     0     0     0     0     0    4.5    4.5    4.5    4.5    4.5    4.5    4.5   0.00   0.00   0.00   0.00   0.00   0.0   0.0   0.0     0.000     0.000     0.000     0.000     0.000     0.000      0.0      0.0      0.0      0.0      0.0      0.0
  128 0.400  4000     0     0     0     0     0     0   18.0   18.0   18.0   18.0   18.0   18.0   18.0   0.00   0.00   0.00   0.00   0.00   0.0   0.0   0.0     0.000     0.000     0.000     0.000     0.000     0.000      0.0      0.0      0.0      0.0      0.0      0.0
  129 0.400  4000     0     0     0     0     0     0   18.0   18.0   18.0   18.0   18.0   18.0   18.0   0.00   0.00   0.00   0.00   0.00   0.0   0.0   0.0     0.000     0.000     0.000     0.000     0.000     0.000      0.0      0.0      0.0      0.0      0.0      0.0
  130 0.300  4000     0     0     0     0     0     0   13.5   13.5   13.5   13.5   13.5   13.5   13.5   0.00   0.00   0.00   0.00   0.00   0.0   0.0   0.0     0.000     0.000     0.000     0.000     0.000     0.000      0.0      0.0      0.0      0.0      0.0      0.0
  131 0.300  4000     0     0     0     0     0     0   13.5   13.5   13.5   13.5   13.5   13.5   13.5   0.00   0.00   0.00   0.00   0.00   0.0   0.0   0.0     0.000     0.000     0.000     0.000     0.000     0.000      0.0      0.0      0.0      0.0      0.0      0.0
  132 0.100  4000     0     0     0     0     0     0    4.5    4.5    4.5    4.5    4.5    4.5    4.5   0.00   0.00   0.00   0.00   0.00   0.0   0.0   0.0     0.000     0.000     0.000     0.000     0.000     0.000      0.0      0.0      0.0      0.0      0.0      0.0
  133 0.100  4000     0     0     0     0     0     0    4.5    4.5    4.5    4.5    4.5    4.5    4.5   0.00   0.00   0.00   0.00   0.00   0.0   0.0   0.0     0.000     0.000     0.000     0.000     0.000     0.000      0.0      0.0      0.0      0.0      0.0      0.0
  134 0.200  4000     0     0     0     0     0     0    9.0    9.0    9.0    9.0    9.0    9.0    9.0   0.00   0.00   0.00   0.00   0.00   0.0   0.0   0.0     0.000     0.000     0.000     0.000     0.000     0.000      0.0      0.0      0.0      0.0      0.0      0.0
  135 0.200  4000     0     0     0     0     0     0    9.0    9.0    9.0    9.0    9.0    9.0    9.0   0.00   0.00   0.00   0.00   0.00   0.0   0.0   0.0     0.000     0.000     0.000     0.000     0.000     0.000      0.0      0.0      0.0      0.0      0.0      0.0
  136 0.100  4000     0     0     0     0     0     0    4.5    4.5    4.5    4.5    4.5    4.5    4.5   0.00   0.00   0.00   0.00   0.00   0.0   0.0   0.0     0.000     0.000     0.000     0.000     0.000     0.000      0.0      0.0      0.0      0.0      0.0      0.0
  137 0.100  4000     0     0     0     0     0     0    4.5    4.5    4.5    4.5    4.5    4.5    4.5   0.00   0.00   0.00   0.00   0.00   0.0   0.0   0.0     0.000     0.000     0.000     0.000     0.000     0.000      0.0      0.0      0.0      0.0      0.0      0.0
  138 0.300  4000     0     0     0     0     0     0   13.5   13.5   13.5   13.5   13.5   13.5   13.5   0.00   0.00   0.00   0.00   0.00   0.0   0.0   0.0     0.000     0.000     0.000     0.000     0.000     0.000      0.0      0.0      0.0      0.0      0.0      0.0
  139 0.300  4000     0     0     0     0     0     0   13.5   13.5   13.5   13.5   13.5   13.5   13.5   0.00   0.00   0.00   0.00   0.00   0.0   0.0   0.0     0.000     0.000     0.000     0.000     0.000     0.000      0.0      0.0      0.0      0.0      0.0      0.0
  140 0.400  4000     0     0     0     0     0     0   18.0   18.0   18.0   18.0   18.0   18.0   18.0   0.00   0.00   0.00   0.00   0.00   0.0   0.0   0.0     0.000     0.000     0.000     0.000     0.000     0.000      0.0      0.0      0.0      0.0      0.0      0.0
  141 0.400  4000     0     0     0     0     0     0   18.0   18.0   18.0   18.0   18.0   18.0   18.0   0.00   0.00   0.00   0.00   0.00   0.0   0.0   0.0     0.000     0.000     0.000     0.000     0.000     0.000      0.0      0.0      0.0      0.0      0.0      0.0
  142 0.100  4000     0     0     0     0     0     0    4.5    4.5    4.5    4.5    4.5    4.5    4.5   0.00   0.00   0.00   0.00   0.00   0.0   0.0   0.0     0.000     0.000     0.000     0.000     0.000     0.000      0.0      0.0      0.0      0.0      0.0      0.0
  143 0.100  4000     0     0     0     0     0     0    4.5    4.5    4.5    4.5    4.5    4.5    4.5   0.00   0.00   0.00   0.00   0.00   0.0   0.0   0.0     0.000     0.000     0.000     0.000     0.000     0.000      0.0      0.0      0.0      0.0      0.0      0.0
  144 0.100  4000     0     0     0     0     0     0    4.5    4.5    4.5    4.5    4.5    4.5    4.5   0.00   0.00   0.00   0.00   0.00   0.0   0.0   0.0     0.000     0.000     0.000     0.000     0.000     0.000      0.0      0.0      0.0      0.0      0.0      0.0
  145 0.100  4000     0     0     0     0     0     0    4.5    4.5    4.5    4.5    4.5    4.5    4.5   0.00   0.00   0.00   0.00   0.00   0.0   0.0   0.0     0.000     0.000     0.000     0.000     0.000     0.000      0.0      0.0      0.0      0.0      0.0      0.0
  146 0.900  4000     0     0     0     0     0     0   40.5   40.5   40.5   40.5   40.5   40.5   40.5   0.00   0.00   0.00   0.00   0.00   0.0   0.0   0.0     0.000     0.000     0.000     0.000     0.000     0.000      0.0      0.0      0.0      0.0      0.0      0.0
  147 0.900  4000     0     0     0     0     0     0   40.5   40.5   40.5   40.5   40.5   40.5   40.5   0.00   0.00   0.00   0.00   0.00   0.0   0.0   0.0     0.000     0.000     0.000     0.000     0.000     0.000      0.0      0.0      0.0      0.0      0.0      0.0
  148 0.900  4000     0     0     0     0     0     0   40.5   40.5   40.5   40.5   40.5   40.5   40.5   0.00   0.00   0.00   0.00   0.00   0.0   0.0   0.0     0.000     0.000     0.000     0.000     0.000     0.000      0.0      0.0      0.0      0.0      0.0      0.0
  149 0.900  4000     0     0     0     0     0     0   40.5   40.5   40.5   40.5   40.5   40.5   40.5   0.00   0.00   0.00   0.00   0.00   0.0   0.0   0.0     0.000     0.000     0.000     0.000     0.000     0.000      0.0      0.0      0.0      0.0      0.0      0.0
  150 0.100  4000     0     0     0     0     0     0    4.5    4.5    4.5    4.5    4.5    4.5    4.5   0.00   0.00   0.00   0.00   0.00   0.0   0.0   0.0     0.000     0.000     0.000     0.000     0.000     0.000      0.0      0.0      0.0      0.0      0.0      0.0
  151 0.100  4000     0     0     0     0     0     0    4.5    4.5    4.5    4.5    4.5    4.5    4.5   0.00   0.00   0.00   0.00   0.00   0.0   0.0   0.0     0.000     0.000     0.000     0.000     0.000     0.000      0.0      0.0      0.0      0.0      0.0      0.0
  152 0.100  4000     0     0     0     0     0     0    4.5    4.5    4.5    4.5    4.5    4.5    4.5   0.00   0.00   0.00   0.00   0.00   0.0   0.0   0.0     0.000     0.000     0.000     0.000     0.000     0.000      0.0      0.0      0.0      0.0      0.0      0.0
  153 0.100  4000     0     0     0     0     0     0    4.5    4.5    4.5    4.5    4.5    4.5    4.5   0.00   0.00   0.00   0.00   0.00   0.0   0.0   0.0     0.000     0.000     0.000     0.000     0.000     0.000      0.0      0.0      0.0      0.0      0.0      0.0
  154 0.400  4000     0     0     0     0     0     0   18.0   18.0   18.0   18.0   18.0   18.0   18.0   0.00   0.00   0.00   0.00   0.00   0.0   0.0   0.0     0.000     0.000     0.000     0.000     0.000     0.000      0.0      0.0      0.0      0.0      0.0      0.0
  155 0.400  4000     0     0     0     0     0     0   18.0   18.0   18.0   18.0   18.0   18.0   18.0   0.00   0.00   0.00   0.00   0.00   0.0   0.0   0.0     0.000     0.000     0.000     0.000     0.000     0.000      0.0      0.0      0.0      0.0      0.0      0.0
  156 0.300  4000     0     0     0     0     0     0   13.5   13.5   13.5   13.5   13.5   13.5   13.5   0.00   0.00   0.00   0.00   0.00   0.0   0.0   0.0     0.000     0.000     0.000     0.000     0.000     0.000      0.0      0.0      0.0      0.0      0.0      0.0
  157 0.300  4000     0     0     0     0     0     0   13.5   13.5   13.5   13.5   13.5   13.5   13.5   0.00   0.00   0.00   0.00   0.00   0.0   0.0   0.0     0.000     0.000     0.000     0.000     0.000     0.000      0.0      0.0      0.0      0.0      0.0      0.0
  158 0.100  4000     0     0     0     0     0     0    4.5    4.5    4.5    4.5    4.5    4.5    4.5   0.00   0.00   0.00   0.00   0.00   0.0   0.0   0.0     0.000     0.000     0.000     0.000     0.000     0.000      0.0      0.0      0.0      0.0      0.0      0.0
  159 0.100  4000     0     0     0     0     0     0    4.5    4.5    4.5    4.5    4.5    4.5    4.5   0.00   0.00   0.00   0.00   0.00   0.0   0.0   0.0     0.000     0.000     0.000     0.000     0.000     0.000      0.0      0.0      0.0      0.0      0.0      0.0
  160 0.200  4000     0     0     0     0     0     0    9.0    9.0    9.0    9.0    9.0    9.0    9.0   0.00   0.00   0.00   0.00   0.00   0.0   0.0   0.0     0.000     0.000     0.000     0.000     0.000     0.000      0.0      0.0      0.0      0.0      0.0      0.0
  161 0.200  4000     0     0     0     0     0     0    9.0    9.0    9.0    9.0    9.0    9.0    9.0   0.00   0.00   0.00   0.00   0.00   0.0   0.0   0.0     0.000     0.000     0.000     0.000     0.000     0.000      0.0      0.0      0.0      0.0      0.0      0.0
  162 0.100  4000     0     0     0     0     0     0    4.5    4.5    4.5    4.5    4.5    4.5    4.5   0.00   0.00   0.00   0.00   0.00   0.0   0.0   0.0     0.000     0.000     0.000     0.000     0.000     0.000      0.0      0.0      0.0      0.0      0.0      0.0
  163 0.100  4000     0     0     0     0     0     0    4.5    4.5    4.5    4.5    4.5    4.5    4.5   0.00   0.00   0.00   0.00   0.00   0.0   0.0   0.0     0.000     0.000     0.000     0.000     0.000     0.000      0.0      0.0      0.0      0.0      0.0      0.0
  164 0.300  4000     0     0     0     0     0     0   13.5   13.5   13.5   13.5   13.5   13.5   13.5   0.00   0.00   0.00   0.00   0.00   0.0   0.0   0.0     0.000     0.000     0.000     0.000     0.000     0.000      0.0      0.0      0.0      0.0      0.0      0.0
  165 0.300  4000     0     0     0     0     0     0   13.5   13.5   13.5   13.5   13.5   13.5   13.5   0.00   0.00   0.00   0.00   0.00   0.0   0.0   0.0     0.000     0.000     0.000     0.000     0.000     0.000      0.0      0.0      0.0      0.0      0.0      0.0
  166 0.400  4000     0     0     0     0     0     0   18.0   18.0   18.0   18.0   18.0   18.0   18.0   0.00   0.00   0.00   0.00   0.00   0.0   0.0   0.0     0.000     0.000     0.000     0.000     0.000     0.000      0.0      0.0      0.0      0.0      0.0      0.0
  167 0.400  4000     0     0     0     0     0     0   18.0   18.0   18.0   18.0   18.0   18.0   18.0   0.00   0.00   0.00   0.00   0.00   0.0   0.0   0.0     0.000     0.000     0.000     0.000     0.000     0.000      0.0      0.0      0.0      0.0      0.0      0.0
  168 0.100  4000     0     0     0     0     0     0    4.5    4.5    4.5    4.5    4.5    4.5    4.5   0.00   0.00   0.00   0.00   0.00   0.0   0.0   0.0     0.000     0.000     0.000     0.000     0.000     0.000      0.0      0.0      0.0      0.0      0.0      0.0
  169 0.100  4000     0     0     0     0     0     0    4.5    4.5    4.5    4.5    4.5    4.5    4.5   0.00   0.00   0.00   0.00   0.00   0.0   0.0   0.0     0.000     0.000     0.000     0.000     0.000     0.000      0.0      0.0      0.0      0.0      0.0      0.0
  170 0.100  4000     0     0     0     0     0     0    4.5    4.5    4.5    4.5    4.5    4.5    4.5   0.00   0.00   0.00   0.00   0.00   0.0   0.0   0.0     0.000     0.000     0.000     0.000     0.000     0.000      0.0      0.0      0.0      0.0      0.0      0.0
  171 0.100  4000     0     0     0     0     0     0    4.5    4.5    4.5    4.5    4.5    4.5    4.5   0.00   0.00   0.00   0.00   0.00   0.0   0.0   0.0     0.000     0.000     0.000     0.000     0.000     0.000      0.0      0.0      0.0      0.0      0.0      0.0
  172 0.900  4000     0     0     0     0     0     0   40.5   40.5   40.5   40.5   40.5   40.5   40.5   0.00   0.00   0.00   0.00   0.00   0.0   0.0   0.0     0.000     0.000     0.000     0.000     0.000     0.000      0.0      0.0      0.0      0.0      0.0      0.0
  173 0.900  4000     0     0     0     0     0     0   40.5   40.5   40.5   40.5   40.5   40.5   40.5   0.00   0.00   0.00   0.00   0.00   0.0   0.0   0.0     0.000     0.000     0.000     0.000     0.000     0.000      0.0      0.0      0.0      0.0      0.0      0.0
  174 0.900  4000     0     0     0     0     0     0   40.5   40.5   40.5   40.5   40.5   40.5   40.5   0.00   0.00   0.00   0.00   0.00   0.0   0.0   0.0     0.000     0.000     0.000     0.000     0.000     0.000      0.0      0.0      0.0      0.0      0.0      0.0
  175 0.900  4000     0     0     0     0     0     0   40.5   40.5   40.5   40.5   40.5   40.5   40.5   0.00   0.00   0.00   0.00   0.00   0.0   0.0   0.0     0.000     0.000     0.000     0.000     0.000     0.000      0.0      0.0      0.0      0.0      0.0      0.0
  176 0.100  4000     0     0     0     0     0     0    4.5    4.5    4.5    4.5    4.5    4.5    4.5   0.00   0.00   0.00   0.00   0.00   0.0   0.0   0.0     0.000     0.000     0.000     0.000     0.000     0.000      0.0      0.0      0.0      0.0      0.0      0.0
  177 0.100  4000     0     0     0     0     0     0    4.5    4.5    4.5    4.5    4.5    4.5    4.5   0.00   0.00   0.00   0.00   0.00   0.0   0.0   0.0     0.000     0.000     0.000     0.000     0.000     0.000      0.0      0.0      0.0      0.0      0.0      0.0
  178 0.100  4000     0     0     0     0     0     0    4.5    4.5    4.5    4.5    4.5    4.5    4.5   0.00   0.00   0.00   0.00   0.00   0.0   0.0   0.0     0.000     0.000     0.000     0.000     0.000     0.000      0.0      0.0      0.0      0.0      0.0      0.0
  179 0.100  4000     0     0     0     0     0     0    4.5    4.5    4.5    4.5    4.5    4.5    4.5   0.00   0.00   0.00   0.00   0.00   0.0   0.0   0.0     0.000     0.000     0.000     0.000     0.000     0.000      0.0      0.0      0.0      0.0      0.0      0.0
  180 0.400  4000     0     0     0     0     0     0   18.0   18.0   18.0   18.0   18.0   18.0   18.0   0.00   0.00   0.00   0.00   0.00   0.0   0.0   0.0     0.000     0.000     0.000     0.000     0.000     0.000      0.0      0.0      0.0      0.0      0.0      0.0
  181 0.400  4000     0     0     0     0     0     0   18.0   18.0   18.0   18.0   18.0   18.0   18.0   0.00   0.00   0.00   0.00   0.00   0.0   0.0   0.0     0.000     0.000     0.000     0.000     0.000     0.000      0.0      0.0      0.0      0.0      0.0      0.0
  182 0.300  4000     0     0     0     0     0     0   13.5   13.5   13.5   13.5   13.5   13.5   13.5   0.00   0.00   0.00   0.00   0.00   0.0   0.0   0.0     0.000     0.000     0.000     0.000     0.000     0.000      0.0      0.0      0.0      0.0      0.0      0.0
  183 0.300  4000     0     0     0     0     0     0   13.5   13.5   13.5   13.5   13.5   13.5   13.5   0.00   0.00   0.00   0.00   0.00   0.0   0.0   0.0     0.000     0.000     0.000     0.000     0.000     0.000      0.0      0.0      0.0      0.0      0.0      0.0
  184 0.100  4000     0     0     0     0     0     0    4.5    4.5    4.5    4.5    4.5    4.5    4.5   0.00   0.00   0.00   0.00   0.00   0.0   0.0   0.0     0.000     0.000     0.000     0.000     0.000     0.000      0.0      0.0      0.0      0.0      0.0      0.0
  185 0.100  4000     0     0     0     0     0     0    4.5    4.5    4.5    4.5    4.5    4.5    4.5   0.00   0.00   0.00   0.00   0.00   0.0   0.0   0.0     0.000     0.000     0.000     0.000     0.000     0.000      0.0      0.0      0.0      0.0      0.0      0.0
  186 0.200  4000     0     0     0     0     0     0    9.0    9.0    9.0    9.0    9.0    9.0    9.0   0.00   0.00   0.00   0.00   0.00   0.0   0.0   0.0     0.000     0.000     0.000     0.000     0.000     0.000      0.0      0.0      0.0      0.0      0.0      0.0
  187 0.200  4000     0     0     0     0     0     0    9.0    9.0    9.0    9.0    9.0    9.0    9.0   0.00   0.00   0.00   0.00   0.00   0.0   0.0   0.0     0.000     0.000     0.000     0.000     0.000     0.000      0.0      0.0      0.0      0.0      0.0      0.0
  188 0.100  4000     0     0     0     0     0     0    4.5    4.5    4.5    4.5    4.5    4.5    4.5   0.00   0.00   0.00   0.00   0.00   0.0   0.0   0.0     0.000     0.000     0.000     0.000     0.000     0.000      0.0      0.0      0.0      0.0      0.0      0.0
  189 0.100  4000     0     0     0     0     0     0    4.5    4.5    4.5    4.5    4.5    4.5    4.5   0.00   0.00   0.00   0.00   0.00   0.0   0.0   0.0     0.000     0.000     0.000     0.000     0.000     0.000      0.0      0.0      0.0      0.0      0.0      0.0
  190 0.300  4000     0     0     0     0     0     0   13.5   13.5   13.5   13.5   13.5   13.5   13.5   0.00   0.00   0.00   0.00   0.00   0.0   0.0   0.0     0.000     0.000     0.000     0.000     0.000     0.000      0.0      0.0      0.0      0.0      0.0      0.0
  191 0.300  4000     0     0     0     0     0     0   13.5   13.5   13.5   13.5   13.5   13.5   13.5   0.00   0.00   0.00   0.00   0.00   0.0   0.0   0.0     0.000     0.000     0.000     0.000     0.000     0.000      0.0      0.0      0.0      0.0      0.0      0.0
  192 0.400  4000     0     0     0     0     0     0   18.0   18.0   18.0   18.0   18.0   18.0   18.0   0.00   0.00   0.00   0.00   0.00   0.0   0.0   0.0     0.000     0.000     0.000     0.000     0.000     0.000      0.0      0.0      0.0      0.0      0.0      0.0
  193 0.400  4000     0     0     0     0     0     0   18.0   18.0   18.0   18.0   18.0   18.0   18.0   0.00   0.00   0.00   0.00   0.00   0.0   0.0   0.0     0.000     0.000     0.000     0.000     0.000     0.000      0.0      0.0      0.0      0.0      0.0      0.0
  194 0.100  4000     0     0     0     0     0     0    4.5    4.5    4.5    4.5    4.5    4.5    4.5   0.00   0.00   0.00   0.00   0.00   0.0   0.0   0.0     0.000     0.000     0.000     0.000     0.000     0.000      0.0      0.0      0.0      0.0      0.0      0.0
  195 0.100  4000     0     0     0     0     0     0    4.5    4.5    4.5    4.5    4.5    4.5    4.5   0.00   0.00   0.00   0.00   0.00   0.0   0.0   0.0     0.000     0.000     0.000     0.000     0.000     0.000      0.0      0.0      0.0      0.0      0.0      0.0
  196 0.100  4000     0     0     0     0     0     0    4.5    4.5    4.5    4.5    4.5    4.5    4.5   0.00   0.00   0.00   0.00   0.00   0.0   0.0   0.0     0.000     0.000     0.000     0.000     0.000     0.000      0.0      0.0      0.0      0.0      0.0      0.0
  197 0.100  4000     0     0     0     0     0     0    4.5    4.5    4.5    4.5    4.5    4.5    4.5   0.00   0.00   0.00   0.00   0.00   0.0   0.0   0.0     0.000     0.000     0.000     0.000     0.000     0.000      0.0      0.0      0.0      0.0      0.0      0.0
  198 0.900  4000     0     0     0     0     0     0   40.5   40.5   40.5   40.5   40.5   40.5   40.5   0.00   0.00   0.00   0.00   0.00   0.0   0.0   0.0     0.000     0.000     0.000     0.000     0.000     0.000      0.0      0.0      0.0      0.0      0.0      0.0
  199 0.900  4000     0     0     0     0     0     0   40.5   40.5   40.5   40.5   40.5   40.5   40.5   0.00   0.00   0.00   0.00   0.00   0.0   0.0   0.0     0.000     0.000     0.000     0.000     0.000     0.000      0.0      0.0      0.0      0.0      0.0      0.0
  200 1.000  1600     0     0     0     0     0     0   60.0   60.0   60.0   60.0   60.0   60.0   60.0   0.00   0.00   0.00   0.00   0.00   0.0   0.0   0.0     0.000     0.000     0.000     0.000     0.000     0.000      0.0      0.0      0.0      0.0      0.0      0.0
  201 1.000  1600     0     0     0     0     0     0   60.0   60.0   60.0   60.0   60.0   60.0   60.0   0.00   0.00   0.00   0.00   0.00   0.0   0.0   0.0     0.000     0.000     0.000     0.000     0.000     0.000      0.0      0.0      0.0      0.0      0.0      0.0
  202 1.000  1600     0     0     0     0     0     0   60.0   60.0   60.0   60.0   60.0   60.0   60.0   0.00   0.00   0.00   0.00   0.00   0.0   0.0   0.0     0.000     0.000     0.000     0.000     0.000     0.000      0.0      0.0      0.0      0.0      0.0      0.0
  203 1.000  1600     0     0     0     0     0     0   60.0   60.0   60.0   60.0   60.0   60.0   60.0   0.00   0.00   0.00   0.00   0.00   0.0   0.0   0.0     0.000     0.000     0.000     0.000     0.000     0.000      0.0      0.0      0.0      0.0      0.0      0.0
  204 1.000  1600     0     0     0     0     0     0   60.0   60.0   60.0   60.0   60.0   60.0   60.0   0.00   0.00   0.00   0.00   0.00   0.0   0.0   0.0     0.000     0.000     0.000     0.000     0.000     0.000      0.0      0.0      0.0      0.0      0.0      0.0
  205 1.000  1600     0     0     0     0     0     0   60.0   60.0   60.0   60.0   60.0   60.0   60.0   0.00   0.00   0.00   0.00   0.00   0.0   0.0   0.0     0.000     0.000     0.000     0.000     0.000     0.000      0.0      0.0      0.0      0.0      0.0      0.0
  206 1.000  1600     0     0     0     0     0     0   60.0   60.0   60.0   60.0   60.0   60.0   60.0   0.00   0.00   0.00   0.00   0.00   0.0   0.0   0.0     0.000     0.000     0.000     0.000     0.000     0.000      0.0      0.0      0.0      0.0      0.0      0.0
  207 1.000  1600     0     0     0     0     0     0   60.0   60.0   60.0   60.0   60.0   60.0   60.0   0.00   0.00   0.00   0.00   0.00   0.0   0.0   0.0     0.000     0.000     0.000     0.000     0.000     0.000      0.0      0.0      0.0      0.0      0.0      0.0
  208 1.000  1600     0     0     0     0     0     0   60.0   60.0   60.0   60.0   60.0   60.0   60.0   0.00   0.00   0.00   0.00   0.00   0.0   0.0   0.0     0.000     0.000     0.000     0.000     0.000     0.000      0.0      0.0      0.0      0.0      0.0      0.0
  209 1.000  1600     0     0     0     0     0     0   60.0   60.0   60.0   60.0   60.0   60.0   60.0   0.00   0.00   0.00   0.00   0.00   0.0   0.0   0.0     0.000     0.000     0.000     0.000     0.000     0.000      0.0      0.0      0.0      0.0      0.0      0.0
  210 1.000  1600     0     0     0     0     0     0   60.0   60.0   60.0   60.0   60.0   60.0   60.0   0.00   0.00   0.00   0.00   0.00   0.0   0.0   0.0     0.000     0.000     0.000     0.000     0.000     0.000      0.0      0.0      0.0      0.0      0.0      0.0
  211 1.000  1600     0     0     0     0     0     0   60.0   60.0   60.0   60.0   60.0   60.0   60.0   0.00   0.00   0.00   0.00   0.00   0.0   0.0   0.0     0.000     0.000     0.000     0.000     0.000     0.000      0.0      0.0      0.0      0.0      0.0      0.0
  212 1.000  1600     0     0     0     0     0     0   60.0   60.0   60.0   60.0   60.0   60.0   60.0   0.00   0.00   0.00   0.00   0.00   0.0   0.0   0.0     0.000     0.000     0.000     0.000     0.000     0.000      0.0      0.0      0.0      0.0      0.0      0.0
  213 1.000  1600     0     0     0     0     0     0   60.0   60.0   60.0   60.0   60.0   60.0   60.0   0.00   0.00   0.00   0.00   0.00   0.0   0.0   0.0     0.000     0.000     0.000     0.000     0.000     0.000      0.0      0.0      0.0      0.0      0.0      0.0
  214 1.000  1600     0     0     0     0     0     0   60.0   60.0   60.0   60.0   60.0   60.0   60.0   0.00   0.00   0.00   0.00   0.00   0.0   0.0   0.0     0.000     0.000     0.000     0.000     0.000     0.000      0.0      0.0      0.0      0.0      0.0      0.0
  215 1.000  1600     0     0     0     0     0     0   60.0   60.0   60.0   60.0   60.0   60.0   60.0   0.00   0.00   0.00   0.00   0.00   0.0   0.0   0.0     0.000     0.000     0.000     0.000     0.000     0.000      0.0      0.0      0.0      0.0      0.0      0.0
  216 1.000  1600     0     0     0     0     0     0   60.0   60.0   60.0   60.0   60.0   60.0   60.0   0.00   0.00   0.00   0.00   0.00   0.0   0.0   0.0     0.000     0.000     0.000     0.000     0.000     0.000      0.0      0.0      0.0      0.0      0.0      0.0
  217 1.000  1600     0     0     0     0     0     0   60.0   60.0   60.0   60.0   60.0   60.0   60.0   0.00   0.00   0.00   0.00   0.00   0.0   0.0   0.0     0.000     0.000     0.000     0.000     0.000     0.000      0.0      0.0      0.0      0.0      0.0      0.0
  218 1.000  1600     0     0     0     0     0     0   60.0   60.0   60.0   60.0   60.0   60.0   60.0   0.00   0.00   0.00   0.00   0.00   0.0   0.0   0.0     0.000     0.000     0.000     0.000     0.000     0.000      0.0      0.0      0.0      0.0      0.0      0.0
  219 1.000  1600     0     0     0     0     0     0   60.0   60.0   60.0   60.0   60.0   60.0   60.0   0.00   0.00   0.00   0.00   0.00   0.0   0.0   0.0     0.000     0.000     0.000     0.000     0.000     0.000      0.0      0.0      0.0      0.0      0.0      0.0
  220 1.000  1600     0     0     0     0     0     0   60.0   60.0   60.0   60.0   60.0   60.0   60.0   0.00   0.00   0.00   0.00   0.00   0.0   0.0   0.0     0.000     0.000     0.000     0.000     0.000     0.000      0.0      0.0      0.0      0.0      0.0      0.0
  221 1.000  1600     0     0     0     0     0     0   60.0   60.0   60.0   60.0   60.0   60.0   60.0   0.00   0.00   0.00   0.00   0.00   0.0   0.0   0.0     0.000     0.000     0.000     0.000     0.000     0.000      0.0      0.0      0.0      0.0      0.0      0.0
  222 1.000  1600     0     0     0     0     0     0   60.0   60.0   60.0   60.0   60.0   60.0   60.0   0.00   0.00   0.00   0.00   0.00   0.0   0.0   0.0     0.000     0.000     0.000     0.000     0.000     0.000      0.0      0.0      0.0      0.0      0.0      0.0
  223 1.000  1600     0     0     0     0     0     0   60.0   60.0   60.0   60.0   60.0   60.0   60.0   0.00   0.00   0.00   0.00   0.00   0.0   0.0   0.0     0.000     0.000     0.000     0.000     0.000     0.000      0.0      0.0      0.0      0.0      0.0      0.0
   5400      7
   10 1.500  6600     0     0     0     0     0     0   54.0   54.0   54.0   54.0   54.0   54.0   54.0   0.00   0.00   0.00   0.00   0.00   0.0   0.0   0.0     0.000     0.000     0.000     0.000     0.000     0.000      0.0      0.0      0.0      0.0      0.0      0.0
   11 0.250  8800     0     0     0     0     0     0    9.0    9.0    9.0    9.0    9.0    9.0    9.0   0.00   0.00   0.00   0.00   0.00   0.0   0.0   0.0     0.000     0.000     0.000     0.000     0.000     0.000      0.0      0.0      0.0      0.0      0.0      0.0
   12 0.500  6600     0     0     0     0     0     0   18.0   18.0   18.0   18.0   18.0   18.0   18.0   0.00   0.00   0.00   0.00   0.00   0.0   0.0   0.0     0.000     0.000     0.000     0.000     0.000     0.000      0.0      0.0      0.0      0.0      0.0      0.0
   13 0.250  8800     0     0     0     0     0     0    9.0    9.0    9.0    9.0    9.0    9.0    9.0   0.00   0.00   0.00   0.00   0.00   0.0   0.0   0.0     0.000     0.000     0.000     0.000     0.000     0.000      0.0      0.0      0.0      0.0      0.0      0.0
   14 1.500  6600     0     0     0     0     0     0   54.0   54.0   54.0   54.0   54.0   54.0   54.0   0.00   0.00   0.00   0.00   0.00   0.0   0.0   0.0     0.000     0.000     0.000     0.000     0.000     0.000      0.0      0.0      0.0      0.0      0.0      0.0
   15 1.500  6600     0     0     0     0     0     0   54.0   54.0   54.0   54.0   54.0   54.0   54.0   0.00   0.00   0.00   0.00   0.00   0.0   0.0   0.0     0.000     0.000     0.000     0.000     0.000     0.000      0.0      0.0      0.0      0.0      0.0      0.0
   16 0.250  8800     0     0     0     0     0     0    9.0    9.0    9.0    9.0    9.0    9.0    9.0   0.00   0.00   0.00   0.00   0.00   0.0   0.0   0.0     0.000     0.000     0.000     0.000     0.000     0.000      0.0      0.0      0.0      0.0      0.0      0.0
   17 0.250  8800     0     0     0     0     0     0    9.0    9.0    9.0    9.0    9.0    9.0    9.0   0.00   0.00   0.00   0.00   0.00   0.0   0.0   0.0     0.000     0.000     0.000     0.000     0.000     0.000      0.0      0.0      0.0      0.0      0.0      0.0
   18 0.500  6600     0     0     0     0     0     0   18.0   18.0   18.0   18.0   18.0   18.0   18.0   0.00   0.00   0.00   0.00   0.00   0.0   0.0   0.0     0.000     0.000     0.000     0.000     0.000     0.000      0.0      0.0      0.0      0.0      0.0      0.0
   19 0.500  6600     0     0     0     0     0     0   18.0   18.0   18.0   18.0   18.0   18.0   18.0   0.00   0.00   0.00   0.00   0.00   0.0   0.0   0.0     0.000     0.000     0.000     0.000     0.000     0.000      0.0      0.0      0.0      0.0      0.0      0.0
   20 0.250  8800     0     0     0     0     0     0    9.0    9.0    9.0    9.0    9.0    9.0    9.0   0.00   0.00   0.00   0.00   0.00   0.0   0.0   0.0     0.000     0.000     0.000     0.000     0.000     0.000      0.0      0.0      0.0      0.0      0.0      0.0
   21 0.250  8800     0     0     0     0     0     0    9.0    9.0    9.0    9.0    9.0    9.0    9.0   0.00   0.00   0.00   0.00   0.00   0.0   0.0   0.0     0.000     0.000     0.000     0.000     0.000     0.000      0.0      0.0      0.0      0.0      0.0      0.0
   22 1.500  6600     0     0     0     0     0     0   54.0   54.0   54.0   54.0   54.0   54.0   54.0   0.00   0.00   0.00   0.00   0.00   0.0   0.0   0.0     0.000     0.000     0.000     0.000     0.000     0.000      0.0      0.0      0.0      0.0      0.0      0.0
   23 1.500  6600     0     0     0     0     0     0   54.0   54.0   54.0   54.0   54.0   54.0   54.0   0.00   0.00   0.00   0.00   0.00   0.0   0.0   0.0     0.000     0.000     0.000     0.000     0.000     0.000      0.0      0.0      0.0      0.0      0.0      0.0
   24 0.250  8800     0     0     0     0     0     0    9.0    9.0    9.0    9.0    9.0    9.0    9.0   0.00   0.00   0.00   0.00   0.00   0.0   0.0   0.0     0.000     0.000     0.000     0.000     0.000     0.000      0.0      0.0      0.0      0.0      0.0      0.0
   25 0.250  8800     0     0     0     0     0     0    9.0    9.0    9.0    9.0    9.0    9.0    9.0   0.00   0.00   0.00   0.00   0.00   0.0   0.0   0.0     0.000     0.000     0.000     0.000     0.000     0.000      0.0      0.0      0.0      0.0      0.0      0.0
   26 0.500  6600     0     0     0     0     0     0   18.0   18.0   18.0   18.0   18.0   18.0   18.0   0.00   0.00   0.00   0.00   0.00   0.0   0.0   0.0     0.000     0.000     0.000     0.000     0.000     0.000      0.0      0.0      0.0      0.0      0.0      0.0
   27 0.500  6600     0     0     0     0     0     0   18.0   18.0   18.0   18.0   18.0   18.0   18.0   0.00   0.00   0.00   0.00   0.00   0.0   0.0   0.0     0.000     0.000     0.000     0.000     0.000     0.000      0.0      0.0      0.0      0.0      0.0      0.0
   28 0.250  8800     0     0     0     0     0     0    9.0    9.0    9.0    9.0    9.0    9.0    9.0   0.00   0.00   0.00   0.00   0.00   0.0   0.0   0.0     0.000     0.000     0.000     0.000     0.000     0.000      0.0      0.0      0.0      0.0      0.0      0.0
   29 0.250  8800     0     0     0     0     0     0    9.0    9.0    9.0    9.0    9.0    9.0    9.0   0.00   0.00   0.00   0.00   0.00   0.0   0.0   0.0     0.000     0.000     0.000     0.000     0.000     0.000      0.0      0.0      0.0      0.0      0.0      0.0
   30 1.500  6600     0     0     0     0     0     0   54.0   54.0   54.0   54.0   54.0   54.0   54.0   0.00   0.00   0.00   0.00   0.00   0.0   0.0   0.0     0.000     0.000     0.000     0.000     0.000     0.000      0.0      0.0      0.0      0.0      0.0      0.0
   31 1.500  6600     0     0     0     0     0     0   54.0   54.0   54.0   54.0   54.0   54.0   54.0   0.00   0.00   0.00   0.00   0.00   0.0   0.0   0.0     0.000     0.000     0.000     0.000     0.000     0.000      0.0      0.0      0.0      0.0      0.0      0.0
   32 0.250  8800     0     0     0     0     0     0    9.0    9.0    9.0    9.0    9.0    9.0    9.0   0.00   0.00   0.00   0.00   0.00   0.0   0.0   0.0     0.000     0.000     0.000     0.000     0.000     0.000      0.0      0.0      0.0      0.0      0.0      0.0
   33 0.500  6600     0     0     0     0     0     0   18.0   18.0   18.0   18.0   18.0   18.0   18.0   0.00   0.00   0.00   0.00   0.00   0.0   0.0   0.0     0.000     0.000     0.000     0.000     0.000     0.000      0.0      0.0      0.0      0.0      0.0      0.0
   34 0.250  8800     0     0     0     0     0     0    9.0    9.0    9.0    9.0    9.0    9.0    9.0   0.00   0.00   0.00   0.00   0.00   0.0   0.0   0.0     0.000     0.000     0.000     0.000     0.000     0.000      0.0      0.0      0.0      0.0      0.0      0.0
   35 1.500  6600     0     0     0     0     0     0   54.0   54.0   54.0   54.0   54.0   54.0   54.0   0.00   0.00   0.00   0.00   0.00   0.0   0.0   0.0     0.000     0.000     0.000     0.000     0.000     0.000      0.0      0.0      0.0      0.0      0.0      0.0
   50 0.200  2000     0     0     0     0     0     0    8.5    8.5    8.5    8.5    8.5    8.5    8.5   0.00   0.00   0.00   0.00   0.00   0.0   0.0   0.0     0.000     0.000     0.000     0.000     0.000     0.000      0.0      0.0      0.0      0.0      0.0      0.0
   51 0.070  2000     0     0     0     0     0     0    3.0    3.0    3.0    3.0    3.0    3.0    3.0   0.00   0.00   0.00   0.00   0.00   0.0   0.0   0.0     0.000     0.000     0.000     0.000     0.000     0.000      0.0      0.0      0.0      0.0      0.0      0.0
   52 0.200  2000     0     0     0     0     0     0    8.5    8.5    8.5    8.5    8.5    8.5    8.5   0.00   0.00   0.00   0.00   0.00   0.0   0.0   0.0     0.000     0.000     0.000     0.000     0.000     0.000      0.0      0.0      0.0      0.0      0.0      0.0
   53 0.070  2000     0     0     0     0     0     0    3.0    3.0    3.0    3.0    3.0    3.0    3.0   0.00   0.00   0.00   0.00   0.00   0.0   0.0   0.0     0.000     0.000     0.000     0.000     0.000     0.000      0.0      0.0      0.0      0.0      0.0      0.0
   54 0.200  2000     0     0     0     0     0     0    8.5    8.5    8.5    8.5    8.5    8.5    8.5   0.00   0.00   0.00   0.00   0.00   0.0   0.0   0.0     0.000     0.000     0.000     0.000     0.000     0.000      0.0      0.0      0.0      0.0      0.0      0.0
   55 0.200  2000     0     0     0     0     0     0    8.5    8.5    8.5    8.5    8.5    8.5    8.5   0.00   0.00   0.00   0.00   0.00   0.0   0.0   0.0     0.000     0.000     0.000     0.000     0.000     0.000      0.0      0.0      0.0      0.0      0.0      0.0
   56 0.070  2000     0     0     0     0     0     0    3.0    3.0    3.0    3.0    3.0    3.0    3.0   0.00   0.00   0.00   0.00   0.00   0.0   0.0   0.0     0.000     0.000     0.000     0.000     0.000     0.000      0.0      0.0      0.0      0.0      0.0      0.0
   57 0.070  2000     0     0     0     0     0     0    3.0    3.0    3.0    3.0    3.0    3.0    3.0   0.00   0.00   0.00   0.00   0.00   0.0   0.0   0.0     0.000     0.000     0.000     0.000     0.000     0.000      0.0      0.0      0.0      0.0      0.0      0.0
   58 0.200  2000     0     0     0     0     0     0    8.5    8.5    8.5    8.5    8.5    8.5    8.5   0.00   0.00   0.00   0.00   0.00   0.0   0.0   0.0     0.000     0.000     0.000     0.000     0.000     0.000      0.0      0.0      0.0      0.0      0.0      0.0
   59 0.200  2000     0     0     0     0     0     0    8.5    8.5    8.5    8.5    8.5    8.5    8.5   0.00   0.00   0.00   0.00   0.00   0.0   0.0   0.0     0.000     0.000     0.000     0.000     0.000     0.000      0.0      0.0      0.0      0.0      0.0      0.0
   60 0.070  2000     0     0     0     0     0     0    3.0    3.0    3.0    3.0    3.0    3.0    3.0   0.00   0.00   0.00   0.00   0.00   0.0   0.0   0.0     0.000     0.000     0.000     0.000     0.000     0.000      0.0      0.0      0.0      0.0      0.0      0.0
   61 0.070  2000     0     0     0     0     0     0    3.0    3.0    3.0    3.0    3.0    3.0    3.0   0.00   0.00   0.00   0.00   0.00   0.0   0.0   0.0     0.000     0.000     0.000     0.000     0.000     0.000      0.0      0.0      0.0      0.0      0.0      0.0
   62 0.200  2000     0     0     0     0     0     0    8.5    8.5    8.5    8.5    8.5    8.5    8.5   0.00   0.00   0.00   0.00   0.00   0.0   0.0   0.0     0.000     0.000     0.000     0.000     0.000     0.000      0.0      0.0      0.0      0.0      0.0      0.0
   63 0.200  2000     0     0     0     0     0     0    8.5    8.5    8.5    8.5    8.5    8.5    8.5   0.00   0.00   0.00   0.00   0.00   0.0   0.0   0.0     0.000     0.000     0.000     0.000     0.000     0.000      0.0      0.0      0.0      0.0      0.0      0.0
   64 0.070  2000     0     0     0     0     0     0    3.0    3.0    3.0    3.0    3.0    3.0    3.0   0.00   0.00   0.00   0.00   0.00   0.0   0.0   0.0     0.000     0.000     0.000     0.000     0.000     0.000      0.0      0.0      0.0      0.0      0.0      0.0
   65 0.070  2000     0     0     0     0     0     0    3.0    3.0    3.0    3.0    3.0    3.0    3.0   0.00   0.00   0.00   0.00   0.00   0.0   0.0   0.0     0.000     0.000     0.000     0.000     0.000     0.000      0.0      0.0      0.0      0.0      0.0      0.0
   66 0.200  2000     0     0     0     0     0     0    8.5    8.5    8.5    8.5    8.5    8.5    8.5   0.00   0.00   0.00   0.00   0.00   0.0   0.0   0.0     0.000     0.000     0.000     0.000     0.000     0.000      0.0      0.0      0.0      0.0      0.0      0.0
   67 0.200  2000     0     0     0     0     0     0    8.5    8.5    8.5    8.5    8.5    8.5    8.5   0.00   0.00   0.00   0.00   0.00   0.0   0.0   0.0     0.000     0.000     0.000     0.000     0.000     0.000      0.0      0.0      0.0      0.0      0.0      0.0
   68 0.070  2000     0     0     0     0     0     0    3.0    3.0    3.0    3.0    3.0    3.0    3.0   0.00   0.00   0.00   0.00   0.00   0.0   0.0   0.0     0.000     0.000     0.000     0.000     0.000     0.000      0.0      0.0      0.0      0.0      0.0      0.0
   69 0.070  2000     0     0     0     0     0     0    3.0    3.0    3.0    3.0    3.0    3.0    3.0   0.00   0.00   0.00   0.00   0.00   0.0   0.0   0.0     0.000     0.000     0.000     0.000     0.000     0.000      0.0      0.0      0.0      0.0      0.0      0.0
   70 0.200  2000     0     0     0     0     0     0    8.5    8.5    8.5    8.5    8.5    8.5    8.5   0.00   0.00   0.00   0.00   0.00   0.0   0.0   0.0     0.000     0.000     0.000     0.000     0.000     0.000      0.0      0.0      0.0      0.0      0.0      0.0
   71 0.070  2000     0     0     0     0     0     0    3.0    3.0    3.0    3.0    3.0    3.0    3.0   0.00   0.00   0.00   0.00   0.00   0.0   0.0   0.0     0.000     0.000     0.000     0.000     0.000     0.000      0.0      0.0      0.0      0.0      0.0      0.0
   72 0.200  2000     0     0     0     0     0     0    8.5    8.5    8.5    8.5    8.5    8.5    8.5   0.00   0.00   0.00   0.00   0.00   0.0   0.0   0.0     0.000     0.000     0.000     0.000     0.000     0.000      0.0      0.0      0.0      0.0      0.0      0.0
   73 0.070  2000     0     0     0     0     0     0    3.0    3.0    3.0    3.0    3.0    3.0    3.0   0.00   0.00   0.00   0.00   0.00   0.0   0.0   0.0     0.000     0.000     0.000     0.000     0.000     0.000      0.0      0.0      0.0      0.0      0.0      0.0
   74 1.500  4000     0     0     0     0     0     0   67.5   67.5   67.5   67.5   67.5   67.5   67.5   0.00   0.00   0.00   0.00   0.00   0.0   0.0   0.0     0.000     0.000     0.000     0.000     0.000     0.000      0.0      0.0      0.0      0.0      0.0      0.0
   75 0.100  6000     0     0     0     0     0     0    4.5    4.5    4.5    4.5    4.5    4.5    4.5   0.00   0.00   0.00   0.00   0.00   0.0   0.0   0.0     0.000     0.000     0.000     0.000     0.000     0.000      0.0      0.0      0.0      0.0      0.0      0.0
   76 0.100  4000     0     0     0     0     0     0    4.5    4.5    4.5    4.5    4.5    4.5    4.5   0.00   0.00   0.00   0.00   0.00   0.0   0.0   0.0     0.000     0.000     0.000     0.000     0.000     0.000      0.0      0.0      0.0      0.0      0.0      0.0
   77 0.900  4000     0     0     0     0     0     0   40.5   40.5   40.5   40.5   40.5   40.5   40.5   0.00   0.00   0.00   0.00   0.00   0.0   0.0   0.0     0.000     0.000     0.000     0.000     0.000     0.000      0.0      0.0      0.0      0.0      0.0      0.0
   78 0.900  4000     0     0     0     0     0     0   40.5   40.5   40.5   40.5   40.5   40.5   40.5   0.00   0.00   0.00   0.00   0.00   0.0   0.0   0.0     0.000     0.000     0.000     0.000     0.000     0.000      0.0      0.0      0.0      0.0      0.0      0.0
   79 1.500  4000     0     0     0     0     0     0   67.5   67.5   67.5   67.5   67.5   67.5   67.5   0.00   0.00   0.00   0.00   0.00   0.0   0.0   0.0     0.000     0.000     0.000     0.000     0.000     0.000      0.0      0.0      0.0      0.0      0.0      0.0
   80 0.100  6000     0     0     0     0     0     0    4.5    4.5    4.5    4.5    4.5    4.5    4.5   0.00   0.00   0.00   0.00   0.00   0.0   0.0   0.0     0.000     0.000     0.000     0.000     0.000     0.000      0.0      0.0      0.0      0.0      0.0      0.0
   81 0.100  6000     0     0     0     0     0     0    4.5    4.5    4.5    4.5    4.5    4.5    4.5   0.00   0.00   0.00   0.00   0.00   0.0   0.0   0.0     0.000     0.000     0.000     0.000     0.000     0.000      0.0      0.0      0.0      0.0      0.0      0.0
   82 0.100  4000     0     0     0     0     0     0    4.5    4.5    4.5    4.5    4.5    4.5    4.5   0.00   0.00   0.00   0.00   0.00   0.0   0.0   0.0     0.000     0.000     0.000     0.000     0.000     0.000      0.0      0.0      0.0      0.0      0.0      0.0
   83 0.100  4000     0     0     0     0     0     0    4.5    4.5    4.5    4.5    4.5    4.5    4.5   0.00   0.00   0.00   0.00   0.00   0.0   0.0   0.0     0.000     0.000     0.000     0.000     0.000     0.000      0.0      0.0      0.0      0.0      0.0      0.0
   84 0.900  4000     0     0     0     0     0     0   40.5   40.5   40.5   40.5   40.5   40.5   40.5   0.00   0.00   0.00   0.00   0.00   0.0   0.0   0.0     0.000     0.000     0.000     0.000     0.000     0.000      0.0      0.0      0.0      0.0      0.0      0.0
   85 0.900  4000     0     0     0     0     0     0   40.5   40.5   40.5   40.5   40.5   40.5   40.5   0.00   0.00   0.00   0.00   0.00   0.0   0.0   0.0     0.000     0.000     0.000     0.000     0.000     0.000      0.0      0.0      0.0      0.0      0.0      0.0
   86 0.900  4000     0     0     0     0     0     0   40.5   40.5   40.5   40.5   40.5   40.5   40.5   0.00   0.00   0.00   0.00   0.00   0.0   0.0   0.0     0.000     0.000     0.000     0.000     0.000     0.000      0.0      0.0      0.0      0.0      0.0      0.0
   87 0.900  4000     0     0     0     0     0     0   40.5   40.5   40.5   40.5   40.5   40.5   40.5   0.00   0.00   0.00   0.00   0.00   0.0   0.0   0.0     0.000     0.000     0.000     0.000     0.000     0.000      0.0      0.0      0.0      0.0      0.0      0.0
   88 0.100  6000     0     0     0     0     0     0    4.5    4.5    4.5    4.5    4.5    4.5    4.5   0.00   0.00   0.00   0.00   0.00   0.0   0.0   0.0     0.000     0.000     0.000     0.000     0.000     0.000      0.0      0.0      0.0      0.0      0.0      0.0
   89 0.100  6000     0     0     0     0     0     0    4.5    4.5    4.5    4.5    4.5    4.5    4.5   0.00   0.00   0.00   0.00   0.00   0.0   0.0   0.0     0.000     0.000     0.000     0.000     0.000     0.000      0.0      0.0      0.0      0.0      0.0      0.0
   90 0.100  4000     0     0     0     0     0     0    4.5    4.5    4.5    4.5    4.5    4.5    4.5   0.00   0.00   0.00   0.00   0.00   0.0   0.0   0.0     0.000     0.000     0.000     0.000     0.000     0.000      0.0      0.0      0.0      0.0      0.0      0.0
   91 0.100  4000     0     0     0     0     0     0    4.5    4.5    4.5    4.5    4.5    4.5    4.5   0.00   0.00   0.00   0.00   0.00   0.0   0.0   0.0     0.000     0.000     0.000     0.000     0.000     0.000      0.0      0.0      0.0      0.0      0.0      0.0
   92 1.500  4000     0     0     0     0     0     0   67.5   67.5   67.5   67.5   67.5   67.5   67.5   0.00   0.00   0.00   0.00   0.00   0.0   0.0   0.0     0.000     0.000     0.000     0.000     0.000     0.000      0.0      0.0      0.0      0.0      0.0      0.0
   93 0.900  4000     0     0     0     0     0     0   40.5   40.5   40.5   40.5   40.5   40.5   40.5   0.00   0.00   0.00   0.00   0.00   0.0   0.0   0.0     0.000     0.000     0.000     0.000     0.000     0.000      0.0      0.0      0.0      0.0      0.0      0.0
   94 0.900  4000     0     0     0     0     0     0   40.5   40.5   40.5   40.5   40.5   40.5   40.5   0.00   0.00   0.00   0.00   0.00   0.0   0.0   0.0     0.000     0.000     0.000     0.000     0.000     0.000      0.0      0.0      0.0      0.0      0.0      0.0
   95 0.100  6000     0     0     0     0     0     0    4.5    4.5    4.5    4.5    4.5    4.5    4.5   0.00   0.00   0.00   0.00   0.00   0.0   0.0   0.0     0.000     0.000     0.000     0.000     0.000     0.000      0.0      0.0      0.0      0.0      0.0      0.0
   96 0.100  4000     0     0     0     0     0     0    4.5    4.5    4.5    4.5    4.5    4.5    4.5   0.00   0.00   0.00   0.00   0.00   0.0   0.0   0.0     0.000     0.000     0.000     0.000     0.000     0.000      0.0      0.0      0.0      0.0      0.0      0.0
   97 1.500  4000     0     0     0     0     0     0   67.5   67.5   67.5   67.5   67.5   67.5   67.5   0.00   0.00   0.00   0.00   0.00   0.0   0.0   0.0     0.000     0.000     0.000     0.000     0.000     0.000      0.0      0.0      0.0      0.0      0.0      0.0
   98 1.500  4000     0     0     0     0     0     0   67.5   67.5   67.5   67.5   67.5   67.5   67.5   0.00   0.00   0.00   0.00   0.00   0.0   0.0   0.0     0.000     0.000     0.000     0.000     0.000     0.000      0.0      0.0      0.0      0.0      0.0      0.0
   99 0.100  6000     0     0     0     0     0     0    4.5    4.5    4.5    4.5    4.5    4.5    4.5   0.00   0.00   0.00   0.00   0.00   0.0   0.0   0.0     0.000     0.000     0.000     0.000     0.000     0.000      0.0      0.0      0.0      0.0      0.0      0.0
  100 0.100  4000     0     0     0     0     0     0    4.5    4.5    4.5    4.5    4.5    4.5    4.5   0.00   0.00   0.00   0.00   0.00   0.0   0.0   0.0     0.000     0.000     0.000     0.000     0.000     0.000      0.0      0.0      0.0      0.0      0.0      0.0
  101 0.900  4000     0     0     0     0     0     0   40.5   40.5   40.5   40.5   40.5   40.5   40.5   0.00   0.00   0.00   0.00   0.00   0.0   0.0   0.0     0.000     0.000     0.000     0.000     0.000     0.000      0.0      0.0      0.0      0.0      0.0      0.0
  102 0.900  4000     0     0     0     0     0     0   40.5   40.5   40.5   40.5   40.5   40.5   40.5   0.00   0.00   0.00   0.00   0.00   0.0   0.0   0.0     0.000     0.000     0.000     0.000     0.000     0.000      0.0      0.0      0.0      0.0      0.0      0.0
  103 1.500  4000     0     0     0     0     0     0   67.5   67.5   67.5   67.5   67.5   67.5   67.5   0.00   0.00   0.00   0.00   0.00   0.0   0.0   0.0     0.000     0.000     0.000     0.000     0.000     0.000      0.0      0.0      0.0      0.0      0.0      0.0
  104 0.100  6000     0     0     0     0     0     0    4.5    4.5    4.5    4.5    4.5    4.5    4.5   0.00   0.00   0.00   0.00   0.00   0.0   0.0   0.0     0.000     0.000     0.000     0.000     0.000     0.000      0.0      0.0      0.0      0.0      0.0      0.0
  105 0.100  6000     0     0     0     0     0     0    4.5    4.5    4.5    4.5    4.5    4.5    4.5   0.00   0.00   0.00   0.00   0.00   0.0   0.0   0.0     0.000     0.000     0.000     0.000     0.000     0.000      0.0      0.0      0.0      0.0      0.0      0.0
  106 0.100  4000     0     0     0     0     0     0    4.5    4.5    4.5    4.5    4.5    4.5    4.5   0.00   0.00   0.00   0.00   0.00   0.0   0.0   0.0     0.000     0.000     0.000     0.000     0.000     0.000      0.0      0.0      0.0      0.0      0.0      0.0
  107 0.100  4000     0     0     0     0     0     0    4.5    4.5    4.5    4.5    4.5    4.5    4.5   0.00   0.00   0.00   0.00   0.00   0.0   0.0   0.0     0.000     0.000     0.000     0.000     0.000     0.000      0.0      0.0      0.0      0.0      0.0      0.0
  108 0.900  4000     0     0     0     0     0     0   40.5   40.5   40.5   40.5   40.5   40.5   40.5   0.00   0.00   0.00   0.00   0.00   0.0   0.0   0.0     0.000     0.000     0.000     0.000     0.000     0.000      0.0      0.0      0.0      0.0      0.0      0.0
  109 0.900  4000     0     0     0     0     0     0   40.5   40.5   40.5   40.5   40.5   40.5   40.5   0.00   0.00   0.00   0.00   0.00   0.0   0.0   0.0     0.000     0.000     0.000     0.000     0.000     0.000      0.0      0.0      0.0      0.0      0.0      0.0
  110 0.900  4000     0     0     0     0     0     0   40.5   40.5   40.5   40.5   40.5   40.5   40.5   0.00   0.00   0.00   0.00   0.00   0.0   0.0   0.0     0.000     0.000     0.000     0.000     0.000     0.000      0.0      0.0      0.0      0.0      0.0      0.0
  111 0.900  4000     0     0     0     0     0     0   40.5   40.5   40.5   40.5   40.5   40.5   40.5   0.00   0.00   0.00   0.00   0.00   0.0   0.0   0.0     0.000     0.000     0.000     0.000     0.000     0.000      0.0      0.0      0.0      0.0      0.0      0.0
  112 0.100  6000     0     0     0     0     0     0    4.5    4.5    4.5    4.5    4.5    4.5    4.5   0.00   0.00   0.00   0.00   0.00   0.0   0.0   0.0     0.000     0.000     0.000     0.000     0.000     0.000      0.0      0.0      0.0      0.0      0.0      0.0
  113 0.100  6000     0     0     0     0     0     0    4.5    4.5    4.5    4.5    4.5    4.5    4.5   0.00   0.00   0.00   0.00   0.00   0.0   0.0   0.0     0.000     0.000     0.000     0.000     0.000     0.000      0.0      0.0      0.0      0.0      0.0      0.0
  114 0.100  4000     0     0     0     0     0     0    4.5    4.5    4.5    4.5    4.5    4.5    4.5   0.00   0.00   0.00   0.00   0.00   0.0   0.0   0.0     0.000     0.000     0.000     0.000     0.000     0.000      0.0      0.0      0.0      0.0      0.0      0.0
  115 0.100  4000     0     0     0     0     0     0    4.5    4.5    4.5    4.5    4.5    4.5    4.5   0.00   0.00   0.00   0.00   0.00   0.0   0.0   0.0     0.000     0.000     0.000     0.000     0.000     0.000      0.0      0.0      0.0      0.0      0.0      0.0
  116 1.500  4000     0     0     0     0     0     0   67.5   67.5   67.5   67.5   67.5   67.5   67.5   0.00   0.00   0.00   0.00   0.00   0.0   0.0   0.0     0.000     0.000     0.000     0.000     0.000     0.000      0.0      0.0      0.0      0.0      0.0      0.0
  117 0.900  4000     0     0     0     0     0     0   40.5   40.5   40.5   40.5   40.5   40.5   40.5   0.00   0.00   0.00   0.00   0.00   0.0   0.0   0.0     0.000     0.000     0.000     0.000     0.000     0.000      0.0      0.0      0.0      0.0      0.0      0.0
  118 0.900  4000     0     0     0     0     0     0   40.5   40.5   40.5   40.5   40.5   40.5   40.5   0.00   0.00   0.00   0.00   0.00   0.0   0.0   0.0     0.000     0.000     0.000     0.000     0.000     0.000      0.0      0.0      0.0      0.0      0.0      0.0
  119 0.100  6000     0     0     0     0     0     0    4.5    4.5    4.5    4.5    4.5    4.5    4.5   0.00   0.00   0.00   0.00   0.00   0.0   0.0   0.0     0.000     0.000     0.000     0.000     0.000     0.000      0.0      0.0      0.0      0.0      0.0      0.0
  120 0.100  4000     0     0     0     0     0     0    4.5    4.5    4.5    4.5    4.5    4.5    4.5   0.00   0.00   0.00   0.00   0.00   0.0   0.0   0.0     0.000     0.000     0.000     0.000     0.000     0.000      0.0      0.0      0.0      0.0      0.0      0.0
  121 1.500  4000     0     0     0     0     0     0   67.5   67.5   67.5   67.5   67.5   67.5   67.5   0.00   0.00   0.00   0.00   0.00   0.0   0.0   0.0     0.000     0.000     0.000     0.000     0.000     0.000      0.0      0.0      0.0      0.0      0.0      0.0
  122 0.900  4000     0     0     0     0     0     0   40.5   40.5   40.5   40.5   40.5   40.5   40.5   0.00   0.00   0.00   0.00   0.00   0.0   0.0   0.0     0.000     0.000     0.000     0.000     0.000     0.000      0.0      0.0      0.0      0.0      0.0      0.0
  123 0.900  4000     0     0     0     0     0     0   40.5   40.5   40.5   40.5   40.5   40.5   40.5   0.00   0.00   0.00   0.00   0.00   0.0   0.0   0.0     0.000     0.000     0.000     0.000     0.000     0.000      0.0      0.0      0.0      0.0      0.0      0.0
  124 0.100  4000     0     0     0     0     0     0    4.5    4.5    4.5    4.5    4.5    4.5    4.5   0.00   0.00   0.00   0.00   0.00   0.0   0.0   0.0     0.000     0.000     0.000     0.000     0.000     0.000      0.0      0.0      0.0      0.0      0.0      0.0
  125 0.100  4000     0     0     0     0     0     0    4.5    4.5    4.5    4.5    4.5    4.5    4.5   0.00   0.00   0.00   0.00   0.00   0.0   0.0   0.0     0.000     0.000     0.000     0.000     0.000     0.000      0.0      0.0      0.0      0.0      0.0      0.0
  126 0.100  4000     0     0     0     0     0     0    4.5    4.5    4.5    4.5    4.5    4.5    4.5   0.00   0.00   0.00   0.00   0.00   0.0   0.0   0.0     0.000     0.000     0.000     0.000     0.000     0.000      0.0      0.0      0.0      0.0      0.0      0.0
  127 0.100  4000     0     0     0     0     0     0    4.5    4.5    4.5    4.5    4.5    4.5    4.5   0.00   0.00   0.00   0.00   0.00   0.0   0.0   0.0     0.000     0.000     0.000     0.000     0.000     0.000      0.0      0.0      0.0      0.0      0.0      0.0
  128 0.400  4000     0     0     0     0     0     0   18.0   18.0   18.0   18.0   18.0   18.0   18.0   0.00   0.00   0.00   0.00   0.00   0.0   0.0   0.0     0.000     0.000     0.000     0.000     0.000     0.000      0.0      0.0      0.0      0.0      0.0      0.0
  129 0.400  4000     0     0     0     0     0     0   18.0   18.0   18.0   18.0   18.0   18.0   18.0   0.00   0.00   0.00   0.00   0.00   0.0   0.0   0.0     0.000     0.000     0.000     0.000     0.000     0.000      0.0      0.0      0.0      0.0      0.0      0.0
  130 0.300  4000     0     0     0     0     0     0   13.5   13.5   13.5   13.5   13.5   13.5   13.5   0.00   0.00   0.00   0.00   0.00   0.0   0.0   0.0     0.000     0.000     0.000     0.000     0.000     0.000      0.0      0.0      0.0      0.0      0.0      0.0
  131 0.300  4000     0     0     0     0     0     0   13.5   13.5   13.5   13.5   13.5   13.5   13.5   0.00   0.00   0.00   0.00   0.00   0.0   0.0   0.0     0.000     0.000     0.000     0.000     0.000     0.000      0.0      0.0      0.0      0.0      0.0      0.0
  132 0.100  4000     0     0     0     0     0     0    4.5    4.5    4.5    4.5    4.5    4.5    4.5   0.00   0.00   0.00   0.00   0.00   0.0   0.0   0.0     0.000     0.000     0.000     0.000     0.000     0.000      0.0      0.0      0.0      0.0      0.0      0.0
  133 0.100  4000     0     0     0     0     0     0    4.5    4.5    4.5    4.5    4.5    4.5    4.5   0.00   0.00   0.00   0.00   0.00   0.0   0.0   0.0     0.000     0.000     0.000     0.000     0.000     0.000      0.0      0.0      0.0      0.0      0.0      0.0
  134 0.200  4000     0     0     0     0     0     0    9.0    9.0    9.0    9.0    9.0    9.0    9.0   0.00   0.00   0.00   0.00   0.00   0.0   0.0   0.0     0.000     0.000     0.000     0.000     0.000     0.000      0.0      0.0      0.0      0.0      0.0      0.0
  135 0.200  4000     0     0     0     0     0     0    9.0    9.0    9.0    9.0    9.0    9.0    9.0   0.00   0.00   0.00   0.00   0.00   0.0   0.0   0.0     0.000     0.000     0.000     0.000     0.000     0.000      0.0      0.0      0.0      0.0      0.0      0.0
  136 0.100  4000     0     0     0     0     0     0    4.5    4.5    4.5    4.5    4.5    4.5    4.5   0.00   0.00   0.00   0.00   0.00   0.0   0.0   0.0     0.000     0.000     0.000     0.000     0.000     0.000      0.0      0.0      0.0      0.0      0.0      0.0
  137 0.100  4000     0     0     0     0     0     0    4.5    4.5    4.5    4.5    4.5    4.5    4.5   0.00   0.00   0.00   0.00   0.00   0.0   0.0   0.0     0.000     0.000     0.000     0.000     0.000     0.000      0.0      0.0      0.0      0.0      0.0      0.0
  138 0.300  4000     0     0     0     0     0     0   13.5   13.5   13.5   13.5   13.5   13.5   13.5   0.00   0.00   0.00   0.00   0.00   0.0   0.0   0.0     0.000     0.000     0.000     0.000     0.000     0.000      0.0      0.0      0.0      0.0      0.0      0.0
  139 0.300  4000     0     0     0     0     0     0   13.5   13.5   13.5   13.5   13.5   13.5   13.5   0.00   0.00   0.00   0.00   0.00   0.0   0.0   0.0     0.000     0.000     0.000     0.000     0.000     0.000      0.0      0.0      0.0      0.0      0.0      0.0
  140 0.400  4000     0     0     0     0     0     0   18.0   18.0   18.0   18.0   18.0   18.0   18.0   0.00   0.00   0.00   0.00   0.00   0.0   0.0   0.0     0.000     0.000     0.000     0.000     0.000     0.000      0.0      0.0      0.0      0.0      0.0      0.0
  141 0.400  4000     0     0     0     0     0     0   18.0   18.0   18.0   18.0   18.0   18.0   18.0   0.00   0.00   0.00   0.00   0.00   0.0   0.0   0.0     0.000     0.000     0.000     0.000     0.000     0.000      0.0      0.0      0.0      0.0      0.0      0.0
  142 0.100  4000     0     0     0     0     0     0    4.5    4.5    4.5    4.5    4.5    4.5    4.5   0.00   0.00   0.00   0.00   0.00   0.0   0.0   0.0     0.000     0.000     0.000     0.000     0.000     0.000      0.0      0.0      0.0      0.0      0.0      0.0
  143 0.100  4000     0     0     0     0     0     0    4.5    4.5    4.5    4.5    4.5    4.5    4.5   0.00   0.00   0.00   0.00   0.00   0.0   0.0   0.0     0.000     0.000     0.000     0.000     0.000     0.000      0.0      0.0      0.0      0.0      0.0      0.0
  144 0.100  4000     0     0     0     0     0     0    4.5    4.5    4.5    4.5    4.5    4.5    4.5   0.00   0.00   0.00   0.00   0.00   0.0   0.0   0.0     0.000     0.000     0.000     0.000     0.000     0.000      0.0      0.0      0.0      0.0      0.0      0.0
  145 0.100  4000     0     0     0     0     0     0    4.5    4.5    4.5    4.5    4.5    4.5    4.5   0.00   0.00   0.00   0.00   0.00   0.0   0.0   0.0     0.000     0.000     0.000     0.000     0.000     0.000      0.0      0.0      0.0      0.0      0.0      0.0
  146 0.900  4000     0     0     0     0     0     0   40.5   40.5   40.5   40.5   40.5   40.5   40.5   0.00   0.00   0.00   0.00   0.00   0.0   0.0   0.0     0.000     0.000     0.000     0.000     0.000     0.000      0.0      0.0      0.0      0.0      0.0      0.0
  147 0.900  4000     0     0     0     0     0     0   40.5   40.5   40.5   40.5   40.5   40.5   40.5   0.00   0.00   0.00   0.00   0.00   0.0   0.0   0.0     0.000     0.000     0.000     0.000     0.000     0.000      0.0      0.0      0.0      0.0      0.0      0.0
  148 0.900  4000     0     0     0     0     0     0   40.5   40.5   40.5   40.5   40.5   40.5   40.5   0.00   0.00   0.00   0.00   0.00   0.0   0.0   0.0     0.000     0.000     0.000     0.000     0.000     0.000      0.0      0.0      0.0      0.0      0.0      0.0
  149 0.900  4000     0     0     0     0     0     0   40.5   40.5   40.5   40.5   40.5   40.5   40.5   0.00   0.00   0.00   0.00   0.00   0.0   0.0   0.0     0.000     0.000     0.000     0.000     0.000     0.000      0.0      0.0      0.0      0.0      0.0      0.0
  150 0.100  4000     0     0     0     0     0     0    4.5    4.5    4.5    4.5    4.5    4.5    4.5   0.00   0.00   0.00   0.00   0.00   0.0   0.0   0.0     0.000     0.000     0.000     0.000     0.000     0.000      0.0      0.0      0.0      0.0      0.0      0.0
  151 0.100  4000     0     0     0     0     0     0    4.5    4.5    4.5    4.5    4.5    4.5    4.5   0.00   0.00   0.00   0.00   0.00   0.0   0.0   0.0     0.000     0.000     0.000     0.000     0.000     0.000      0.0      0.0      0.0      0.0      0.0      0.0
  152 0.100  4000     0     0     0     0     0     0    4.5    4.5    4.5    4.5    4.5    4.5    4.5   0.00   0.00   0.00   0.00   0.00   0.0   0.0   0.0     0.000     0.000     0.000     0.000     0.000     0.000      0.0      0.0      0.0      0.0      0.0      0.0
  153 0.100  4000     0     0     0     0     0     0    4.5    4.5    4.5    4.5    4.5    4.5    4.5   0.00   0.00   0.00   0.00   0.00   0.0   0.0   0.0     0.000     0.000     0.000     0.000     0.000     0.000      0.0      0.0      0.0      0.0      0.0      0.0
  154 0.400  4000     0     0     0     0     0     0   18.0   18.0   18.0   18.0   18.0   18.0   18.0   0.00   0.00   0.00   0.00   0.00   0.0   0.0   0.0     0.000     0.000     0.000     0.000     0.000     0.000      0.0      0.0      0.0      0.0      0.0      0.0
  155 0.400  4000     0     0     0     0     0     0   18.0   18.0   18.0   18.0   18.0   18.0   18.0   0.00   0.00   0.00   0.00   0.00   0.0   0.0   0.0     0.000     0.000     0.000     0.000     0.000     0.000      0.0      0.0      0.0      0.0      0.0      0.0
  156 0.300  4000     0     0     0     0     0     0   13.5   13.5   13.5   13.5   13.5   13.5   13.5   0.00   0.00   0.00   0.00   0.00   0.0   0.0   0.0     0.000     0.000     0.000     0.000     0.000     0.000      0.0      0.0      0.0      0.0      0.0      0.0
  157 0.300  4000     0     0     0     0     0     0   13.5   13.5   13.5   13.5   13.5   13.5   13.5   0.00   0.00   0.00   0.00   0.00   0.0   0.0   0.0     0.000     0.000     0.000     0.000     0.000     0.000      0.0      0.0      0.0      0.0      0.0      0.0
  158 0.100  4000     0     0     0     0     0     0    4.5    4.5    4.5    4.5    4.5    4.5    4.5   0.00   0.00   0.00   0.00   0.00   0.0   0.0   0.0     0.000     0.000     0.000     0.000     0.000     0.000      0.0      0.0      0.0      0.0      0.0      0.0
  159 0.100  4000     0     0     0     0     0     0    4.5    4.5    4.5    4.5    4.5    4.5    4.5   0.00   0.00   0.00   0.00   0.00   0.0   0.0   0.0     0.000     0.000     0.000     0.000     0.000     0.000      0.0      0.0      0.0      0.0      0.0      0.0
  160 0.200  4000     0     0     0     0     0     0    9.0    9.0    9.0    9.0    9.0    9.0    9.0   0.00   0.00   0.00   0.00   0.00   0.0   0.0   0.0     0.000     0.000     0.000     0.000     0.000     0.000      0.0      0.0      0.0      0.0      0.0      0.0
  161 0.200  4000     0     0     0     0     0     0    9.0    9.0    9.0    9.0    9.0    9.0    9.0   0.00   0.00   0.00   0.00   0.00   0.0   0.0   0.0     0.000     0.000     0.000     0.000     0.000     0.000      0.0      0.0      0.0      0.0      0.0      0.0
  162 0.100  4000     0     0     0     0     0     0    4.5    4.5    4.5    4.5    4.5    4.5    4.5   0.00   0.00   0.00   0.00   0.00   0.0   0.0   0.0     0.000     0.000     0.000     0.000     0.000     0.000      0.0      0.0      0.0      0.0      0.0      0.0
  163 0.100  4000     0     0     0     0     0     0    4.5    4.5    4.5    4.5    4.5    4.5    4.5   0.00   0.00   0.00   0.00   0.00   0.0   0.0   0.0     0.000     0.000     0.000     0.000     0.000     0.000      0.0      0.0      0.0      0.0      0.0      0.0
  164 0.300  4000     0     0     0     0     0     0   13.5   13.5   13.5   13.5   13.5   13.5   13.5   0.00   0.00   0.00   0.00   0.00   0.0   0.0   0.0     0.000     0.000     0.000     0.000     0.000     0.000      0.0      0.0      0.0      0.0      0.0      0.0
  165 0.300  4000     0     0     0     0     0     0   13.5   13.5   13.5   13.5   13.5   13.5   13.5   0.00   0.00   0.00   0.00   0.00   0.0   0.0   0.0     0.000     0.000     0.000     0.000     0.000     0.000      0.0      0.0      0.0      0.0      0.0      0.0
  166 0.400  4000     0     0     0     0     0     0   18.0   18.0   18.0   18.0   18.0   18.0   18.0   0.00   0.00   0.00   0.00   0.00   0.0   0.0   0.0     0.000     0.000     0.000     0.000     0.000     0.000      0.0      0.0      0.0      0.0      0.0      0.0
  167 0.400  4000     0     0     0     0     0     0   18.0   18.0   18.0   18.0   18.0   18.0   18.0   0.00   0.00   0.00   0.00   0.00   0.0   0.0   0.0     0.000     0.000     0.000     0.000     0.000     0.000      0.0      0.0      0.0      0.0      0.0      0.0
  168 0.100  4000     0     0     0     0     0     0    4.5    4.5    4.5    4.5    4.5    4.5    4.5   0.00   0.00   0.00   0.00   0.00   0.0   0.0   0.0     0.000     0.000     0.000     0.000     0.000     0.000      0.0      0.0      0.0      0.0      0.0      0.0
  169 0.100  4000     0     0     0     0     0     0    4.5    4.5    4.5    4.5    4.5    4.5    4.5   0.00   0.00   0.00   0.00   0.00   0.0   0.0   0.0     0.000     0.000     0.000     0.000     0.000     0.000      0.0      0.0      0.0      0.0      0.0      0.0
  170 0.100  4000     0     0     0     0     0     0    4.5    4.5    4.5    4.5    4.5    4.5    4.5   0.00   0.00   0.00   0.00   0.00   0.0   0.0   0.0     0.000     0.000     0.000     0.000     0.000     0.000      0.0      0.0      0.0      0.0      0.0      0.0
  171 0.100  4000     0     0     0     0     0     0    4.5    4.5    4.5    4.5    4.5    4.5    4.5   0.00   0.00   0.00   0.00   0.00   0.0   0.0   0.0     0.000     0.000     0.000     0.000     0.000     0.000      0.0      0.0      0.0      0.0      0.0      0.0
  172 0.900  4000     0     0     0     0     0     0   40.5   40.5   40.5   40.5   40.5   40.5   40.5   0.00   0.00   0.00   0.00   0.00   0.0   0.0   0.0     0.000     0.000     0.000     0.000     0.000     0.000      0.0      0.0      0.0      0.0      0.0      0.0
  173 0.900  4000     0     0     0     0     0     0   40.5   40.5   40.5   40.5   40.5   40.5   40.5   0.00   0.00   0.00   0.00   0.00   0.0   0.0   0.0     0.000     0.000     0.000     0.000     0.000     0.000      0.0      0.0      0.0      0.0      0.0      0.0
  174 0.900  4000     0     0     0     0     0     0   40.5   40.5   40.5   40.5   40.5   40.5   40.5   0.00   0.00   0.00   0.00   0.00   0.0   0.0   0.0     0.000     0.000     0.000     0.000     0.000     0.000      0.0      0.0      0.0      0.0      0.0      0.0
  175 0.900  4000     0     0     0     0     0     0   40.5   40.5   40.5   40.5   40.5   40.5   40.5   0.00   0.00   0.00   0.00   0.00   0.0   0.0   0.0     0.000     0.000     0.000     0.000     0.000     0.000      0.0      0.0      0.0      0.0      0.0      0.0
  176 0.100  4000     0     0     0     0     0     0    4.5    4.5    4.5    4.5    4.5    4.5    4.5   0.00   0.00   0.00   0.00   0.00   0.0   0.0   0.0     0.000     0.000     0.000     0.000     0.000     0.000      0.0      0.0      0.0      0.0      0.0      0.0
  177 0.100  4000     0     0     0     0     0     0    4.5    4.5    4.5    4.5    4.5    4.5    4.5   0.00   0.00   0.00   0.00   0.00   0.0   0.0   0.0     0.000     0.000     0.000     0.000     0.000     0.000      0.0      0.0      0.0      0.0      0.0      0.0
  178 0.100  4000     0     0     0     0     0     0    4.5    4.5    4.5    4.5    4.5    4.5    4.5   0.00   0.00   0.00   0.00   0.00   0.0   0.0   0.0     0.000     0.000     0.000     0.000     0.000     0.000      0.0      0.0      0.0      0.0      0.0      0.0
  179 0.100  4000     0     0     0     0     0     0    4.5    4.5    4.5    4.5    4.5    4.5    4.5   0.00   0.00   0.00   0.00   0.00   0.0   0.0   0.0     0.000     0.000     0.000     0.000     0.000     0.000      0.0      0.0      0.0      0.0      0.0      0.0
  180 0.400  4000     0     0     0     0     0     0   18.0   18.0   18.0   18.0   18.0   18.0   18.0   0.00   0.00   0.00   0.00   0.00   0.0   0.0   0.0     0.000     0.000     0.000     0.000     0.000     0.000      0.0      0.0      0.0      0.0      0.0      0.0
  181 0.400  4000     0     0     0     0     0     0   18.0   18.0   18.0   18.0   18.0   18.0   18.0   0.00   0.00   0.00   0.00   0.00   0.0   0.0   0.0     0.000     0.000     0.000     0.000     0.000     0.000      0.0      0.0      0.0      0.0      0.0      0.0
  182 0.300  4000     0     0     0     0     0     0   13.5   13.5   13.5   13.5   13.5   13.5   13.5   0.00   0.00   0.00   0.00   0.00   0.0   0.0   0.0     0.000     0.000     0.000     0.000     0.000     0.000      0.0      0.0      0.0      0.0      0.0      0.0
  183 0.300  4000     0     0     0     0     0     0   13.5   13.5   13.5   13.5   13.5   13.5   13.5   0.00   0.00   0.00   0.00   0.00   0.0   0.0   0.0     0.000     0.000     0.000     0.000     0.000     0.000      0.0      0.0      0.0      0.0      0.0      0.0
  184 0.100  4000     0     0     0     0     0     0    4.5    4.5    4.5    4.5    4.5    4.5    4.5   0.00   0.00   0.00   0.00   0.00   0.0   0.0   0.0     0.000     0.000     0.000     0.000     0.000     0.000      0.0      0.0      0.0      0.0      0.0      0.0
  185 0.100  4000     0     0     0     0     0     0    4.5    4.5    4.5    4.5    4.5    4.5    4.5   0.00   0.00   0.00   0.00   0.00   0.0   0.0   0.0     0.000     0.000     0.000     0.000     0.000     0.000      0.0      0.0      0.0      0.0      0.0      0.0
  186 0.200  4000     0     0     0     0     0     0    9.0    9.0    9.0    9.0    9.0    9.0    9.0   0.00   0.00   0.00   0.00   0.00   0.0   0.0   0.0     0.000     0.000     0.000     0.000     0.000     0.000      0.0      0.0      0.0      0.0      0.0      0.0
  187 0.200  4000     0     0     0     0     0     0    9.0    9.0    9.0    9.0    9.0    9.0    9.0   0.00   0.00   0.00   0.00   0.00   0.0   0.0   0.0     0.000     0.000     0.000     0.000     0.000     0.000      0.0      0.0      0.0      0.0      0.0      0.0
  188 0.100  4000     0     0     0     0     0     0    4.5    4.5    4.5    4.5    4.5    4.5    4.5   0.00   0.00   0.00   0.00   0.00   0.0   0.0   0.0     0.000     0.000     0.000     0.000     0.000     0.000      0.0      0.0      0.0      0.0      0.0      0.0
  189 0.100  4000     0     0     0     0     0     0    4.5    4.5    4.5    4.5    4.5    4.5    4.5   0.00   0.00   0.00   0.00   0.00   0.0   0.0   0.0     0.000     0.000     0.000     0.000     0.000     0.000      0.0      0.0      0.0      0.0      0.0      0.0
  190 0.300  4000     0     0     0     0     0     0   13.5   13.5   13.5   13.5   13.5   13.5   13.5   0.00   0.00   0.00   0.00   0.00   0.0   0.0   0.0     0.000     0.000     0.000     0.000     0.000     0.000      0.0      0.0      0.0      0.0      0.0      0.0
  191 0.300  4000     0     0     0     0     0     0   13.5   13.5   13.5   13.5   13.5   13.5   13.5   0.00   0.00   0.00   0.00   0.00   0.0   0.0   0.0     0.000     0.000     0.000     0.000     0.000     0.000      0.0      0.0      0.0      0.0      0.0      0.0
  192 0.400  4000     0     0     0     0     0     0   18.0   18.0   18.0   18.0   18.0   18.0   18.0   0.00   0.00   0.00   0.00   0.00   0.0   0.0   0.0     0.000     0.000     0.000     0.000     0.000     0.000      0.0      0.0      0.0      0.0      0.0      0.0
  193 0.400  4000     0     0     0     0     0     0   18.0   18.0   18.0   18.0   18.0   18.0   18.0   0.00   0.00   0.00   0.00   0.00   0.0   0.0   0.0     0.000     0.000     0.000     0.000     0.000     0.000      0.0      0.0      0.0      0.0      0.0      0.0
  194 0.100  4000     0     0     0     0     0     0    4.5    4.5    4.5    4.5    4.5    4.5    4.5   0.00   0.00   0.00   0.00   0.00   0.0   0.0   0.0     0.000     0.000     0.000     0.000     0.000     0.000      0.0      0.0      0.0      0.0      0.0      0.0
  195 0.100  4000     0     0     0     0     0     0    4.5    4.5    4.5    4.5    4.5    4.5    4.5   0.00   0.00   0.00   0.00   0.00   0.0   0.0   0.0     0.000     0.000     0.000     0.000     0.000     0.000      0.0      0.0      0.0      0.0      0.0      0.0
  196 0.100  4000     0     0     0     0     0     0    4.5    4.5    4.5    4.5    4.5    4.5    4.5   0.00   0.00   0.00   0.00   0.00   0.0   0.0   0.0     0.000     0.000     0.000     0.000     0.000     0.000      0.0      0.0      0.0      0.0      0.0      0.0
  197 0.100  4000     0     0     0     0     0     0    4.5    4.5    4.5    4.5    4.5    4.5    4.5   0.00   0.00   0.00   0.00   0.00   0.0   0.0   0.0     0.000     0.000     0.000     0.000     0.000     0.000      0.0      0.0      0.0      0.0      0.0      0.0
  198 0.900  4000     0     0     0     0     0     0   40.5   40.5   40.5   40.5   40.5   40.5   40.5   0.00   0.00   0.00   0.00   0.00   0.0   0.0   0.0     0.000     0.000     0.000     0.000     0.000     0.000      0.0      0.0      0.0      0.0      0.0      0.0
  199 0.900  4000     0     0     0     0     0     0   40.5   40.5   40.5   40.5   40.5   40.5   40.5   0.00   0.00   0.00   0.00   0.00   0.0   0.0   0.0     0.000     0.000     0.000     0.000     0.000     0.000      0.0      0.0      0.0      0.0      0.0      0.0
  200 1.000  1600     0     0     0     0     0     0   60.0   60.0   60.0   60.0   60.0   60.0   60.0   0.00   0.00   0.00   0.00   0.00   0.0   0.0   0.0     0.000     0.000     0.000     0.000     0.000     0.000      0.0      0.0      0.0      0.0      0.0      0.0
  201 1.000  1600     0     0     0     0     0     0   60.0   60.0   60.0   60.0   60.0   60.0   60.0   0.00   0.00   0.00   0.00   0.00   0.0   0.0   0.0     0.000     0.000     0.000     0.000     0.000     0.000      0.0      0.0      0.0      0.0      0.0      0.0
  202 1.000  1600     0     0     0     0     0     0   60.0   60.0   60.0   60.0   60.0   60.0   60.0   0.00   0.00   0.00   0.00   0.00   0.0   0.0   0.0     0.000     0.000     0.000     0.000     0.000     0.000      0.0      0.0      0.0      0.0      0.0      0.0
  203 1.000  1600     0     0     0     0     0     0   60.0   60.0   60.0   60.0   60.0   60.0   60.0   0.00   0.00   0.00   0.00   0.00   0.0   0.0   0.0     0.000     0.000     0.000     0.000     0.000     0.000      0.0      0.0      0.0      0.0      0.0      0.0
  204 1.000  1600     0     0     0     0     0     0   60.0   60.0   60.0   60.0   60.0   60.0   60.0   0.00   0.00   0.00   0.00   0.00   0.0   0.0   0.0     0.000     0.000     0.000     0.000     0.000     0.000      0.0      0.0      0.0      0.0      0.0      0.0
  205 1.000  1600     0     0     0     0     0     0   60.0   60.0   60.0   60.0   60.0   60.0   60.0   0.00   0.00   0.00   0.00   0.00   0.0   0.0   0.0     0.000     0.000     0.000     0.000     0.000     0.000      0.0      0.0      0.0      0.0      0.0      0.0
  206 1.000  1600     0     0     0     0     0     0   60.0   60.0   60.0   60.0   60.0   60.0   60.0   0.00   0.00   0.00   0.00   0.00   0.0   0.0   0.0     0.000     0.000     0.000     0.000     0.000     0.000      0.0      0.0      0.0      0.0      0.0      0.0
  207 1.000  1600     0     0     0     0     0     0   60.0   60.0   60.0   60.0   60.0   60.0   60.0   0.00   0.00   0.00   0.00   0.00   0.0   0.0   0.0     0.000     0.000     0.000     0.000     0.000     0.000      0.0      0.0      0.0      0.0      0.0      0.0
  208 1.000  1600     0     0     0     0     0     0   60.0   60.0   60.0   60.0   60.0   60.0   60.0   0.00   0.00   0.00   0.00   0.00   0.0   0.0   0.0     0.000     0.000     0.000     0.000     0.000     0.000      0.0      0.0      0.0      0.0      0.0      0.0
  209 1.000  1600     0     0     0     0     0     0   60.0   60.0   60.0   60.0   60.0   60.0   60.0   0.00   0.00   0.00   0.00   0.00   0.0   0.0   0.0     0.000     0.000     0.000     0.000     0.000     0.000      0.0      0.0      0.0      0.0      0.0      0.0
  210 1.000  1600     0     0     0     0     0     0   60.0   60.0   60.0   60.0   60.0   60.0   60.0   0.00   0.00   0.00   0.00   0.00   0.0   0.0   0.0     0.000     0.000     0.000     0.000     0.000     0.000      0.0      0.0      0.0      0.0      0.0      0.0
  211 1.000  1600     0     0     0     0     0     0   60.0   60.0   60.0   60.0   60.0   60.0   60.0   0.00   0.00   0.00   0.00   0.00   0.0   0.0   0.0     0.000     0.000     0.000     0.000     0.000     0.000      0.0      0.0      0.0      0.0      0.0      0.0
  212 1.000  1600     0     0     0     0     0     0   60.0   60.0   60.0   60.0   60.0   60.0   60.0   0.00   0.00   0.00   0.00   0.00   0.0   0.0   0.0     0.000     0.000     0.000     0.000     0.000     0.000      0.0      0.0      0.0      0.0      0.0      0.0
  213 1.000  1600     0     0     0     0     0     0   60.0   60.0   60.0   60.0   60.0   60.0   60.0   0.00   0.00   0.00   0.00   0.00   0.0   0.0   0.0     0.000     0.000     0.000     0.000     0.000     0.000      0.0      0.0      0.0      0.0      0.0      0.0
  214 1.000  1600     0     0     0     0     0     0   60.0   60.0   60.0   60.0   60.0   60.0   60.0   0.00   0.00   0.00   0.00   0.00   0.0   0.0   0.0     0.000     0.000     0.000     0.000     0.000     0.000      0.0      0.0      0.0      0.0      0.0      0.0
  215 1.000  1600     0     0     0     0     0     0   60.0   60.0   60.0   60.0   60.0   60.0   60.0   0.00   0.00   0.00   0.00   0.00   0.0   0.0   0.0     0.000     0.000     0.000     0.000     0.000     0.000      0.0      0.0      0.0      0.0      0.0      0.0
  216 1.000  1600     0     0     0     0     0     0   60.0   60.0   60.0   60.0   60.0   60.0   60.0   0.00   0.00   0.00   0.00   0.00   0.0   0.0   0.0     0.000     0.000     0.000     0.000     0.000     0.000      0.0      0.0      0.0      0.0      0.0      0.0
  217 1.000  1600     0     0     0     0     0     0   60.0   60.0   60.0   60.0   60.0   60.0   60.0   0.00   0.00   0.00   0.00   0.00   0.0   0.0   0.0     0.000     0.000     0.000     0.000     0.000     0.000      0.0      0.0      0.0      0.0      0.0      0.0
  218 1.000  1600     0     0     0     0     0     0   60.0   60.0   60.0   60.0   60.0   60.0   60.0   0.00   0.00   0.00   0.00   0.00   0.0   0.0   0.0     0.000     0.000     0.000     0.000     0.000     0.000      0.0      0.0      0.0      0.0      0.0      0.0
  219 1.000  1600     0     0     0     0     0     0   60.0   60.0   60.0   60.0   60.0   60.0   60.0   0.00   0.00   0.00   0.00   0.00   0.0   0.0   0.0     0.000     0.000     0.000     0.000     0.000     0.000      0.0      0.0      0.0      0.0      0.0      0.0
  220 1.000  1600     0     0     0     0     0     0   60.0   60.0   60.0   60.0   60.0   60.0   60.0   0.00   0.00   0.00   0.00   0.00   0.0   0.0   0.0     0.000     0.000     0.000     0.000     0.000     0.000      0.0      0.0      0.0      0.0      0.0      0.0
  221 1.000  1600     0     0     0     0     0     0   60.0   60.0   60.0   60.0   60.0   60.0   60.0   0.00   0.00   0.00   0.00   0.00   0.0   0.0   0.0     0.000     0.000     0.000     0.000     0.000     0.000      0.0      0.0      0.0      0.0      0.0      0.0
  222 1.000  1600     0     0     0     0     0     0   60.0   60.0   60.0   60.0   60.0   60.0   60.0   0.00   0.00   0.00   0.00   0.00   0.0   0.0   0.0     0.000     0.000     0.000     0.000     0.000     0.000      0.0      0.0      0.0      0.0      0.0      0.0
  223 1.000  1600     0     0     0     0     0     0   60.0   60.0   60.0   60.0   60.0   60.0   60.0   0.00   0.00   0.00   0.00   0.00   0.0   0.0   0.0     0.000     0.000     0.000     0.000     0.000     0.000      0.0      0.0      0.0      0.0      0.0      0.0
