  1   335.8      28 1    35   21   22     9.5     9.5   326.3     4.2     0.0     0.1    8.982  99.1     0.75418     0.73214    13.69741     2.52463  1738.16211     0.00000    7.872222    3.624475    0.067487    0.228587    4.029038    2.171876   0.00         1619.2
  1   340.6      38 5    35   21   22    12.8    12.8   327.8     5.3     0.0     0.0    8.976  98.6     0.74733     0.66528    11.28498     2.46177  1725.57703     0.00000    3.658582    1.684289    0.031102    0.106310    1.876536    1.007349   0.00          197.5
  1   349.3      56 1    30   11    3    21.2    21.2   328.1     5.5     0.0     0.0    8.979  98.5     0.74020     0.64246    11.12757     2.44317  1710.22534     0.00000    4.970616    2.288305    0.042121    0.144561    2.551201    1.367735   0.00           38.2
  1   355.8      71 1    30   11    3    26.1    26.1   329.7     7.0     0.0     0.0    8.982  98.1     0.74298     0.65754    11.56871     2.45023  1715.87122     0.00000    8.957171    4.123851    0.073929    0.262694    4.620512    2.452648   0.00          440.8
  1   356.2      61 4    35   21   22    22.7    22.8   333.5    12.2     0.0     0.5    8.981  97.0     0.80747     2.00148    47.46555     2.60678  1811.62097     0.00000    5.147235    2.371723    0.039943    0.155619    2.676271    1.397576   0.00       160103.0
  1   367.3      75 1    35   21   22    27.8    27.8   339.5    16.7     0.0     0.5    8.982  95.2     0.79442     1.84352    40.86430     2.48393  1789.44983     0.00000    4.667840    2.151131    0.035676    0.142016    2.431959    1.264695   0.00       139034.3
  1   372.4      58 4    35   21   22    21.9    22.0   350.5    27.5     1.0     0.9    8.985  92.3     0.82512     2.25044    49.50050     2.59816  1849.07056     0.00000    6.635886    3.032498    0.044686    0.191896    3.673969    1.676629   0.00        11140.9
  1   397.6     119 4    35   21   22    47.4    47.5   350.2    28.7     2.7     2.6    8.986  92.4     1.03344     5.22705   130.47061     3.70026  2212.45093     0.00000    7.922685    3.660197    0.063970    0.248127    4.034887    2.189706   0.00       180334.8
  1   403.4     189 1    30   11    3    78.9    79.0   324.5     1.7     0.0     0.0    8.982  99.6     0.75876     0.69482    11.70164     2.54654  1750.75781     0.00000    4.339832    1.998176    0.038756    0.124589    2.201536    1.207374   0.00          604.5
  1   405.9     137 1    35   21   22    56.6    56.6   349.3    30.7     0.0     2.9    8.980  92.6     1.16778     8.82877   215.93106     4.00743  2392.62964     0.00000   10.218740    4.746290    0.071753    0.359824    5.187129    2.819279   0.00       790350.8
  1   413.8     208 1    30   11    3    87.6    87.7   326.2     3.2     0.0     0.0    8.985  99.2     0.75477     0.68353    11.49064     2.51184  1741.70337     0.00000    5.803251    2.671723    0.050572    0.167527    2.960784    1.605951   0.00           98.0
  1   424.2     229 1    30   11    3    95.9    96.0   328.3     5.4     0.0     0.0    8.982  98.5     0.74403     0.64789    11.20095     2.45815  1718.95520     0.00000    5.096773    2.346391    0.043058    0.148367    2.617545    1.401623   0.00           57.1
  1   443.8     157 1    35   21   22    66.4    66.4   377.4    54.9     2.0     4.7    8.982  85.7     1.27291    10.06996   241.81532     4.42803  2592.19165     0.00000   14.255757    6.610091    0.108417    0.482288    7.143929    3.981941   0.00       580921.6
  1   446.0     272 1    30   11    3   121.9   122.0   324.1     1.4     0.0     0.0    8.978  99.7     0.75576     0.68814    11.66840     2.54298  1744.07751     0.00000    4.844459    2.230571    0.043437    0.138963    2.455114    1.348985   0.00          445.1
  1   453.5     169 4    35   21   22    71.0    74.4   382.5    56.2     2.1     3.2    8.983  84.6     1.10263     7.36402   176.66281     3.59742  2303.02222     0.00000    4.465989    2.071857    0.028889    0.156902    2.307277    1.212292   0.00       748340.6
  1   463.2     212 4    35   21   22    88.5    88.6   374.7    62.3     2.8     5.2    8.987  86.3     1.33850    10.43207   268.10846     4.84969  2706.48975     0.00000    8.174999    3.843237    0.062619    0.337076    3.792659    2.412475   0.00       228402.7
  1   464.2     168 4    35   21   22    71.0    74.2   393.2    67.1     3.8     3.8    8.984  82.3     1.14023     8.00182   186.24803     3.75962  2373.64062     0.00000    3.381034    1.561802    0.023174    0.109624    1.774650    0.907446   0.00       561557.1
  1   476.4     327 1    30   11    3   151.6   151.6   324.8     1.9     0.0     0.0    8.987  99.6     0.74660     0.65806    11.58327     2.52112  1724.41370     0.00000    2.270844    1.045541    0.020219    0.065234    1.152798    0.631344   0.00          738.6
  1   496.1     256 4    35   21   22   112.1   112.2   384.0    61.0     1.0     3.3    8.985  84.2     1.09172     6.59826   159.50934     3.65106  2308.84790     0.00000    7.216207    3.335624    0.049430    0.236617    3.774649    1.942272   0.00       440425.4
  1   520.7     437 1    30   11    3   195.3   195.4   325.4     2.5     0.0     0.0    8.983  99.4     0.74268     0.64598    11.36278     2.49684  1715.51953     0.00000    6.232184    2.869315    0.055009    0.179365    3.170349    1.729370   0.00            3.0
  1   540.2     471 1    30   11    3   216.0   216.0   324.2     1.6     0.0     0.0    8.978  99.7     0.75885     0.69427    11.71417     2.54938  1751.02222     0.00000    2.094223    0.964230    0.018684    0.060133    1.062619    0.582502   0.00          567.2
  1   546.7     362 1    35   21   22   170.1   170.6   376.6    58.3     0.7     4.8    8.982  85.9     1.32846    10.75869   266.60745     4.73694  2694.17114     0.00000   12.893264    6.078063    0.094232    0.557031    5.825064    3.866361   0.00       531762.2
  1   563.6     361 1    35   21   22   170.0   170.1   393.6    70.5     1.7     4.5    8.986  82.2     1.24819     9.28998   234.09337     4.25452  2560.48413     0.00000    7.115282    3.312184    0.050528    0.259180    3.543360    1.992749   0.00       866424.0
  1   563.7     311 1    35   21   22   143.0   143.0   420.7    97.9     2.3     3.9    8.981  76.8     1.04673     5.10912   129.07004     3.34076  2250.30640     0.00000    3.759508    1.749248    0.020906    0.141042    1.963448    1.007622   0.00       335869.3
  1   579.8     331 5    35   21   22   153.6   153.7   426.2   103.2     2.6     6.4    8.984  75.9     1.36357    10.86386   267.61075     4.67398  2782.19434     0.00000   10.319665    4.831336    0.063650    0.417458    5.077277    2.905468   0.00      1381941.2
  1   596.5     377 1    35   21   22   173.4   175.0   423.1    99.2     5.8     7.2    8.981  76.4     1.50252    13.13581   322.43945     5.33296  3010.44385     0.00000   16.299509    7.537295    0.102421    0.560758    8.175067    4.521091   0.00      1265307.0
  1   604.9     389 5    35   21   22   177.9   178.0   427.0   104.1     6.4     5.9    8.980  75.7     1.30480     8.53117   213.80026     4.70377  2724.35205     0.00000   13.019421    6.057061    0.069332    0.508214    6.545357    3.587044   0.00       630067.6
  1   605.2     459 1    35   21   22   210.9   210.9   394.3    78.2     4.1     6.6    8.984  82.0     1.54451    15.15160   376.58301     5.44460  3023.92358     0.00000   10.243971    4.621152    0.060997    0.290412    6.146408    2.275168   0.00      1514655.1
  1   621.2     643 1    30   11    3   297.3   297.4   323.9     1.3     0.0     0.0    8.976  99.8     0.75679     0.69046    11.68099     2.54681  1746.34375     0.00000    3.381034    1.556758    0.030340    0.096968    1.713120    0.941653   0.00          391.5
  1   629.1     424 5    35   21   22   190.6   190.6   438.5   115.6     6.9     7.7    8.983  73.7     1.51511    12.90064   320.92303     5.32409  3037.50293     0.00000   14.684690    6.869167    0.083105    0.623633    7.202141    4.103847   0.00       465301.3
  1   630.7     659 1    30   11    3   307.2   307.2   323.5     1.1     0.0     0.0    8.973  99.8     0.75379     0.68462    11.64030     2.54075  1739.53687     0.00000    2.094223    0.964280    0.018852    0.060026    1.060282    0.583681   0.00          303.3
  1   637.5     667 1    30   11    3   308.8   308.8   328.7     5.9     0.0     0.1    8.984  98.4     0.74401     0.64674    11.42403     2.49054  1719.99780     0.00000    3.456729    1.592700    0.027916    0.103379    1.784051    0.945418   0.00        25474.2
  1   663.2     498 4    35   21   22   228.1   228.1   435.1   112.1     3.8     6.4    8.986  74.4     1.35461    10.23450   248.48459     4.67198  2776.52637     0.00000   14.508071    6.568155    0.067102    0.446370    8.685098    3.251228   0.00       799602.4
  1   679.0     564 1    35   21   22   261.7   261.7   417.3    94.4     2.1     5.9    8.981  77.5     1.31363     9.82139   250.69292     4.61673  2694.08301     0.00000   15.845333    7.170133    0.098824    0.415311    9.069989    3.829090   0.00       708406.4
  1   680.5     761 1    30   11    3   355.3   355.3   325.2     2.3     0.0     0.0    8.985  99.5     0.75550     0.68504    11.50410     2.52360  1743.21814     0.00000   15.971490    7.353394    0.141340    0.459402    8.119888    4.434464   0.00          271.7
  1   713.8     834 1    30   11    3   390.4   390.5   323.4     0.9     0.0     0.0    8.974  99.9     0.75475     0.68598    11.66542     2.54702  1741.71875     0.00000    2.674549    1.231510    0.024140    0.076621    1.353197    0.745875   0.00          283.5
  1   731.3     863 1    30   11    3   401.9   402.0   329.4     6.7     0.0     0.0    8.979  98.1     0.74061     0.63474    11.10040     2.44465  1712.21228     0.00000    5.500474    2.532414    0.045794    0.160961    2.832348    1.508712   0.00          103.4
  1   744.8     895 1    30   11    3   415.4   415.5   329.4     6.6     0.0     0.0    8.980  98.1     0.74104     0.64631    11.14388     2.43834  1712.46875     0.00000    4.037055    1.858656    0.033609    0.118142    2.078791    1.107306   0.00         1343.5
  1   746.4     727 1    35   21   22   333.8   333.9   412.6    89.6     0.6     5.3    8.983  78.4     1.27490     9.21797   229.29744     4.44757  2639.38550     0.00000   13.095115    6.095947    0.069004    0.503036    6.714388    3.557030   0.00       957311.3
  1   762.1     738 1    35   21   22   340.2   340.3   421.9    98.9     6.6     6.1    8.982  76.6     1.38102    12.13094   292.59689     4.71326  2784.88721     0.00000   13.751130    6.364113    0.071277    0.524253    7.390477    3.519898   0.00       639791.6
  1   768.6     942 1    30   11    3   437.0   437.0   331.6     8.8     0.0     0.0    8.982  97.5     0.73806     0.63251    10.99180     2.41077  1706.86414     0.00000    3.759508    1.730976    0.030636    0.110773    1.943564    1.027172   0.00         2857.7
  1   773.4     957 1    30   11    3   444.8   444.8   328.6     5.6     0.0     0.0    8.988  98.5     0.75102     0.67468    11.37904     2.46818  1733.59863     0.00000   22.557123   10.384539    0.190985    0.656297   11.579020    6.206057   0.00          182.4
  1   776.4     965 1    30   11    3   449.9   450.0   326.5     3.7     0.0     0.0    8.981  99.0     0.75523     0.68550    11.44693     2.49914  1742.57019     0.00000   27.578354   12.696387    0.239996    0.796410   14.074423    7.629607   0.00           11.0
  1   781.1     763 4    35   21   22   356.4   356.5   424.7   102.3    16.5     6.2    8.985  76.2     1.37330    10.57855   271.10071     4.88452  2801.15991     0.00000    6.787274    3.010739    0.029533    0.167558    4.547231    1.253443   0.00       641796.8
  1   785.0     774 1    35   21   22   361.2   361.2   423.8   101.0     4.1     6.8    8.983  76.3     1.48304    13.44900   323.94418     5.19453  2965.26099     0.00000   16.703226    7.615395    0.082219    0.573923    9.732837    3.848568   0.00       542871.4
  1   792.0     762 4    35   21   22   355.6   355.7   436.4   113.6     6.6     6.7    8.983  74.1     1.39075    10.73957   275.19714     4.90875  2832.52075     0.00000   10.319665    4.788275    0.058308    0.398974    5.436785    2.699116   0.00       639627.3
  1   797.3     811 4    35   21   22   378.2   378.3   419.1    98.1     3.9     5.9    8.986  77.2     1.36737    11.09970   282.43994     4.78742  2770.69556     0.00000   12.136323    5.643669    0.081985    0.438158    6.164565    3.342910   0.00       826810.8
  1   800.3     789 1    35   21   22   366.7   366.8   433.6   110.5     3.4     6.4    8.984  74.6     1.43805    12.28391   301.42276     4.96323  2894.88208     0.00000   13.852056    6.526529    0.073047    0.622211    6.562547    3.993302   0.00       663091.9
  1   805.6    1014 1    30   11    3   481.1   481.2   324.5     1.2     0.0     0.0    8.986  99.7     0.75620     0.68732    11.68996     2.54936  1745.16553     0.00000    2.775476    1.277937    0.024908    0.079600    1.406260    0.773014   0.00          380.4
  1   818.2     899 1    35   21   22   416.8   416.8   401.4    78.9     0.3     3.5    8.981  80.5     1.08396     5.74079   143.99934     3.69598  2316.09741     0.00000   12.413868    5.666982    0.064798    0.404183    7.197917    2.913443   0.00       241237.4
  1   843.0    1067 1    30   11    3   517.6   517.7   325.4     2.5     0.0     0.0    8.983  99.4     0.74239     0.64487    11.36508     2.49718  1714.93396     0.00000    3.330571    1.533394    0.029378    0.095870    1.694533    0.924066   0.00           14.3
  1   851.6    1074 1    30   11    3   520.3   520.7   331.3     8.1     0.0     0.2    8.982  97.6     0.76107     0.85746    18.47889     2.55303  1750.07300     0.00000    8.074074    3.738402    0.060192    0.267426    4.123867    2.220851   0.00       118258.2
  1   853.3     885 1    35   21   22   412.1   412.1   441.2   118.1     7.0     5.6    8.988  73.3     1.22364     8.10162   195.33076     4.07157  2562.19360     0.00000   13.019421    5.797882    0.050767    0.366545    8.545835    2.484203   0.00       909379.0
  1   853.6    1083 1    30   11    3   524.3   524.4   329.3     6.4     0.0     0.0    8.984  98.2     0.75755     0.84522    18.42016     2.51772  1740.98364     0.00000   12.262480    5.648674    0.099807    0.364485    6.326131    3.355844   0.00         1339.9
  1   857.8     910 1    35   21   22   421.0   421.0   436.8   114.0     6.4     6.0    8.980  74.0     1.32714    10.92100   268.28165     4.39237  2696.48267     0.00000    8.074074    3.819889    0.040185    0.381773    3.882571    2.300168   0.00       332083.3
  1   870.5     983 1    35   21   22   463.1   463.2   407.4    86.7     3.8     5.1    8.983  79.4     1.18326     7.07935   185.80690     4.14407  2479.68945     0.00000   11.152300    5.159237    0.068297    0.403329    5.880671    2.926152   0.00       455029.5
  1   875.2     927 5    35   21   22   430.7   430.8   444.5   121.5     6.6     5.9    8.984  72.8     1.29733     8.02790   206.00485     4.63725  2712.35571     0.00000    5.525706    2.536622    0.031549    0.186989    2.969842    1.425019   0.00       792222.2
  1   875.6     922 1    35   21   22   428.8   428.9   446.8   124.6    14.2     6.3    8.979  72.4     1.30539     8.28894   219.80174     4.65530  2720.35400     0.00000   16.299509    7.624910    0.100084    0.678087    8.067750    4.523020   0.00       640718.3
  1   880.0     966 1    35   21   22   451.1   451.1   428.9   106.1     3.6     5.1    8.982  75.4     1.17152     6.46741   165.78731     3.99748  2485.18408     0.00000    7.796528    3.671791    0.035844    0.375270    3.864237    2.124393   0.00       689911.3
  1   886.3     940 4    35   21   22   436.9   437.0   449.4   126.4     9.2     5.7    8.981  71.9     1.28161     8.88919   220.31699     4.29263  2663.18506     0.00000    8.881477    4.118564    0.050672    0.338400    4.634603    2.353490   0.00       695307.9
  1   910.7     999 1    35   21   22   470.6   470.6   440.1   118.3    11.2     6.7    8.985  73.5     1.35805     9.67765   241.98218     4.76219  2792.53271     0.00000    6.080796    2.818666    0.047730    0.202712    3.058351    1.695359   0.00       686924.3
  1   935.1    1271 1    30   11    3   609.7   609.7   325.4     2.6     0.0     0.0    8.984  99.4     0.74341     0.64428    11.37225     2.49856  1717.38940     0.00000    5.651863    2.602127    0.049887    0.162662    2.875126    1.568339   0.00            7.4
  1   943.9    1036 1    35   21   22   496.7   496.7   447.2   126.6    13.9     6.7    8.985  72.3     1.33519    10.00220   260.16110     4.54783  2731.93970     0.00000    8.881477    4.135871    0.061999    0.325542    4.451619    2.473912   0.00       407769.9
  1   945.0    1017 4    35   21   22   485.5   485.5   459.5   136.8     2.3     5.4    8.979  70.3     1.16238     6.55233   163.84415     3.76456  2466.28491     0.00000    8.174999    3.772290    0.037232    0.303044    4.461583    2.060287   0.00       582391.4
  1   945.6    1290 1    30   11    3   619.2   619.2   326.4     3.8     0.0     0.0    8.978  99.0     0.74135     0.64516    11.24361     2.47124  1712.55920     0.00000    9.890732    4.553457    0.085717    0.285909    5.052460    2.733920   0.00            5.2
  1   953.5    1118 1    35   21   22   543.5   543.6   410.0    88.3     6.0     5.8    8.984  78.9     1.32774     9.94982   249.49486     4.62387  2718.02637     0.00000    6.282647    2.907238    0.047835    0.205233    3.203493    1.731533   0.00       446614.9
  1   966.9    1328 1    30   11    3   636.2   636.3   330.7     7.8     0.0     0.0    8.983  97.8     0.75973     0.97670    22.03286     2.51374  1742.15735     0.00000    8.048842    3.705615    0.066436    0.236002    4.152134    2.203858   0.00         1850.8
  1   968.9    1066 5    35   21   22   517.5   517.6   451.4   128.4    10.4     5.8    8.985  71.7     1.23195     7.73374   192.92769     4.14443  2579.96460     0.00000   11.429845    5.275532    0.056280    0.440361    6.278640    2.835914   0.00       851988.2
  1   973.7    1165 4    35   21   22   566.3   566.3   407.4    86.0     2.3     5.9    8.983  79.4     1.38115    11.98360   295.59775     4.74765  2776.40527     0.00000    4.793996    2.224856    0.036508    0.163837    2.411990    1.334929   0.00       511559.5
  1   977.6    1125 1    35   21   22   546.8   546.8   430.8   108.1     8.8     5.8    8.982  75.1     1.33065    10.86788   270.75443     4.43398  2692.44556     0.00000   20.488073    9.299283    0.096969    0.633784   11.993832    4.766016   0.00       559451.5
  1   989.3    1386 1    30   11    3   664.5   664.5   324.8     2.0     0.0     0.0    8.984  99.6     0.75774     0.69268    11.63283     2.53658  1748.34412     0.00000   12.792338    5.889817    0.113790    0.367551    6.495607    3.555805   0.00          772.7
  1   997.6    1134 4    35   21   22   551.5   551.5   446.1   123.2    11.7     5.1    8.984  72.5     1.20050     8.12224   202.90410     3.87743  2511.63647     0.00000    7.619909    3.559931    0.045245    0.300543    3.846805    2.101832   0.00       901395.0
  1  1003.8    1157 5    35   21   22   561.8   561.8   442.0   119.1     7.4     4.0    8.982  73.2     1.07793     5.06487   125.32810     3.53750  2330.77539     0.00000    8.074074    3.755628    0.040185    0.330924    4.278623    2.084610   0.00       465903.9
  1  1028.1    1179 4    35   21   22   569.3   570.9   458.8   134.3    13.2     6.9    8.983  70.5     1.39421    10.18504   262.92078     4.84617  2865.25806     0.00000    9.688881    4.450963    0.063080    0.315867    5.290192    2.459021   0.00      1367688.1
  1  1061.4    1286 4    35   21   22   616.6   616.7   444.8   121.8     6.2     6.4    8.983  72.7     1.32833     9.56069   234.92314     4.58421  2744.60400     0.00000    8.225462    3.816794    0.044003    0.323244    4.369834    2.129372   0.00       613694.0
  1  1062.9    1518 1    30   11    3   736.5   736.6   326.4     3.6     0.0     0.0    8.981  99.1     0.73975     0.64027    11.25920     2.47169  1709.20703     0.00000    4.037055    1.858588    0.035207    0.116518    2.059336    1.117358   0.00          195.7
  1  1074.5    1538 1    30   11    3   744.8   744.8   329.7     7.0     0.0     0.1    8.980  98.0     0.74606     0.65064    11.54160     2.49679  1724.59412     0.00000   10.042120    4.630826    0.078874    0.306898    5.189099    2.741363   0.00        49610.8
  1  1078.3    1553 1    30   11    3   752.3   752.4   326.0     2.8     0.0     0.0    8.991  99.3     0.75734     0.68727    11.62126     2.53365  1747.53418     0.00000   24.474779   11.267997    0.214928    0.705239   12.464987    6.784018   0.00          198.5
  1  1098.5    1370 4    35   21   22   657.4   658.5   441.1   117.0     4.4     6.3    8.986  73.3     1.31801     8.49016   214.97916     4.68923  2747.10815     0.00000   10.269202    4.815348    0.063235    0.426629    4.820139    2.990047   0.00       601295.6
  1  1099.6    1593 1    30   11    3   772.1   772.1   327.5     4.9     0.0     0.0    8.979  98.7     0.73828     0.63769    11.19565     2.45628  1706.31165     0.00000    4.970616    2.288395    0.042194    0.144589    2.549827    1.368398   0.00         1261.0
  1  1101.9    1598 1    30   11    3   774.2   774.2   327.7     5.0     0.0     0.0    8.981  98.7     0.73875     0.63543    11.17109     2.45884  1707.46057     0.00000    5.475243    2.520633    0.046845    0.158815    2.804592    1.509472   0.00           76.0
  1  1116.0    1406 1    35   21   22   675.4   675.4   440.6   117.8     5.3     6.5    8.981  73.4     1.32133     9.25105   229.18828     4.61313  2731.14233     0.00000   10.016889    4.618806    0.064870    0.322286    5.229638    2.695081   0.00       658458.5
  1  1143.3    1462 5    35   21   22   711.3   711.3   432.0   115.0     4.3     7.8    8.985  74.9     1.52779    12.62052   327.13449     5.53459  3056.24683     0.00000    7.695603    3.631320    0.037828    0.356339    3.476891    2.287390   0.00       711822.4
  1  1145.6    1679 1    30   11    3   819.6   819.7   326.0     3.2     0.0     0.0    8.982  99.2     0.75125     0.67214    11.42310     2.50357  1734.08276     0.00000   10.471053    4.820745    0.091544    0.302033    5.338449    2.899648   0.00           31.4
  1  1151.3    1688 1    30   11    3   825.3   825.3   326.0     3.1     0.0     0.0    8.987  99.2     0.74369     0.64564    11.40804     2.50096  1718.12488     0.00000    1.791443    0.824759    0.015698    0.051645    0.912843    0.496330   0.00          138.7
  1  1160.0    1498 5    35   21   22   728.4   728.5   431.6   108.5     7.7     5.7    8.984  74.9     1.24813     8.14409   206.85034     4.32494  2606.56885     0.00000   10.521516    4.891682    0.055531    0.396445    5.287277    2.905432   0.00       662015.7
  1  1169.6    1725 1    30   11    3   844.3   844.4   325.3     2.5     0.0     0.0    8.982  99.4     0.75496     0.68497    11.48331     2.51799  1741.91345     0.00000   13.852056    6.377584    0.122464    0.398527    7.043977    3.845171   0.00           11.0
  1  1170.6    1560 5    35   21   22   756.8   756.9   413.8    94.4     8.1     8.1    8.984  78.2     1.61045    16.11513   399.12552     5.60238  3147.80176     0.00000    4.516451    2.063326    0.020086    0.134175    2.340433    1.212869   0.00       999214.4
  1  1177.3    1552 5    35   21   22   752.2   752.3   425.1   102.4     3.1     6.8    8.979  76.0     1.38033    10.11153   253.99310     4.96195  2832.74365     0.00000   18.772276    8.213036    0.092347    0.327230   13.065795    3.261810   0.00       434765.1
  1  1181.6    1739 1    30   11    3   855.2   855.3   326.4     3.6     0.0     0.0    8.982  99.1     0.74003     0.63971    11.25304     2.47368  1709.84119     0.00000    0.908337    0.418176    0.007876    0.026253    0.463943    0.251104   0.00           26.8
  1  1183.1    1742 1    30   11    3   855.5   855.5   327.6     4.9     0.0     0.0    8.980  98.7     0.73967     0.63755    11.16429     2.45345  1709.37683     0.00000   13.599742    6.260898    0.116049    0.394768    6.970142    3.747343   0.00          225.5
  1  1191.5    1537 5    35   21   22   744.7   744.7   446.8   124.9    14.3     7.6    8.981  72.4     1.49550    12.45717   311.91327     5.24033  3012.02905     0.00000   13.347428    6.222469    0.071761    0.548038    6.745031    3.634916   0.00      1171508.0
  1  1196.5    1592 5    35   21   22   771.9   771.9   424.6   101.7     6.4     6.6    8.984  76.2     1.37327    10.31542   253.58420     4.87242  2815.95776     0.00000   15.365937    7.277388    0.078845    0.752739    7.028271    4.512006   0.00       397980.3
  1  1207.1    1543 1    35   21   22   749.0   749.1   458.1   135.1     9.8     8.1    8.984  70.6     1.45592    11.77127   292.68176     5.03634  2956.87280     0.00000   12.085860    5.615208    0.063110    0.464482    6.250693    3.241067   0.00       807730.4
  1  1209.8    1605 1    35   21   22   776.5   776.6   433.3   110.3     3.5     5.2    8.983  74.6     1.20883     7.98144   194.47650     4.01075  2529.44653     0.00000    8.174999    3.790266    0.041325    0.306514    4.298186    2.167364   0.00       708776.3
  1  1210.8    1791 1    30   11    3   880.5   880.6   330.3     7.3     0.0     0.0    8.986  97.9     0.73998     0.63568    11.10215     2.43951  1710.95776     0.00000    8.048842    3.706032    0.066603    0.236316    4.147818    2.205866   0.00          546.5
  1  1213.1    1792 1    30   11    3   881.3   881.4   331.8     9.1     0.0     0.0    8.979  97.4     0.73953     0.63341    11.03344     2.42077  1710.42773     0.00000    5.122004    2.359183    0.040823    0.152793    2.654625    1.395564   0.00         1135.5
  1  1223.6    1629 1    35   21   22   792.6   792.7   431.0   108.0     1.6     5.2    8.983  75.0     1.21291     7.30328   187.25095     4.15590  2552.57446     0.00000   19.882498    9.118478    0.090501    0.676035   10.859311    5.028326   0.00       761620.6
  1  1230.2    1622 1    35   21   22   789.6   789.6   440.6   118.1     6.9     7.3    8.986  73.4     1.41200    11.21027   282.22443     4.87926  2860.24487     0.00000    6.787274    3.115403    0.036167    0.216830    3.477315    1.843314   0.00       656105.4
  1  1231.4    1843 1    30   11    3   905.2   905.2   326.2     3.2     0.0     0.0    8.989  99.2     0.74119     0.64219    11.29784     2.48108  1712.36780     0.00000    5.904176    2.718218    0.051691    0.170246    3.009139    1.635477   0.00          105.6
  1  1234.6    1595 4    35   21   22   772.1   772.6   462.5   139.1    12.3     7.9    8.983  69.9     1.42230     9.97567   255.41591     5.00563  2932.71338     0.00000    8.174999    3.898998    0.043579    0.422387    3.603368    2.471322   0.00       604850.5
  1  1235.2    1594 5    35   21   22   772.1   772.2   463.1   140.0    15.3     7.3    8.985  69.9     1.34787     8.91409   234.40733     4.63084  2796.41797     0.00000   12.792338    5.918865    0.055350    0.480100    6.529387    3.465240   0.00       566352.9
  1  1247.6    1637 1    35   21   22   799.0   799.1   448.6   125.4     8.9     6.3    8.987  72.1     1.32019     9.06445   219.83881     4.57140  2742.00952     0.00000    5.172467    2.376991    0.027566    0.178201    2.891985    1.275792   0.00       582341.8
  1  1261.1    1914 1    30   11    3   930.5   930.5   330.6     7.9     0.0     0.0    8.982  97.8     0.74521     0.66131    11.25841     2.42677  1721.08240     0.00000    6.837737    3.148130    0.056047    0.200991    3.531679    1.869966   0.00          338.0
  1  1291.6    1774 1    35   21   22   873.9   874.0   417.7    94.8     4.4     6.5    8.980  77.4     1.34455    10.90268   267.84430     4.64802  2731.42847     0.00000    5.702325    2.624293    0.024108    0.200254    2.850019    1.570459   0.00       721903.8
  1  1300.8    2007 1    30   11    3   974.6   974.6   326.2     3.4     0.0     0.0    8.983  99.1     0.74348     0.64645    11.45351     2.50093  1717.64685     0.00000   12.111092    5.575776    0.105013    0.350150    6.185518    3.348200   0.00          248.0
  1  1312.0    2026 1    30   11    3   985.9   986.0   326.1     3.1     0.0     0.0    8.986  99.2     0.75091     0.67104    11.41056     2.50223  1733.30383     0.00000    8.124537    3.740444    0.071129    0.234269    4.140801    2.250524   0.00            2.2
  1  1312.2    1811 1    35   21   22   889.3   889.3   422.9   102.4     8.7     7.1    8.980  76.4     1.41628    10.85594   278.19800     5.13121  2887.20923     0.00000   12.514793    5.749628    0.074104    0.404413    6.608601    3.296880   0.00       620884.9
  1  1317.7    2034 1    30   11    3   991.4   991.5   326.3     3.3     0.0     0.0    8.985  99.1     0.74482     0.65088    11.40655     2.49852  1720.46533     0.00000   17.409731    8.015169    0.151630    0.502662    8.883468    4.817293   0.00          174.0
  1  1325.7    1800 1    35   21   22   883.2   883.3   442.5   119.6     4.8     6.3    8.980  73.1     1.24363     7.22129   181.29869     4.34560  2621.40454     0.00000    6.888199    3.217431    0.037512    0.273809    3.530745    1.873525   0.00       670449.4
  1  1337.1    1828 1    35   21   22   898.3   898.3   438.8   116.0     7.9     6.1    8.983  73.7     1.23960     7.43468   193.59340     4.34250  2607.17993     0.00000   18.343327    8.112489    0.072878    0.408604   12.121145    3.504885   0.00       781382.8
  1  1341.4    1835 4    35   21   22   901.2   901.2   440.2   117.3     4.3     7.0    8.982  73.5     1.39157     9.96038   247.07104     4.89513  2859.63403     0.00000    8.200231    3.754351    0.030005    0.297017    4.243198    2.177614   0.00       746658.8
  1  1349.1    1841 5    35   21   22   904.9   904.9   444.2   121.1     5.2     8.0    8.987  72.8     1.52793    12.80074   322.41751     5.44742  3080.05664     0.00000   12.363405    5.481318    0.047900    0.288817    7.966887    2.496597   0.00      1231598.2
  1  1379.1    1915 4    35   21   22   931.1   932.7   448.0   123.5     2.9     8.1    8.984  72.2     1.53849    12.32430   320.42368     5.61185  3108.58081     0.00000   10.849524    4.867431    0.036698    0.310500    6.364262    2.497314   0.00      1533124.9
  1  1379.5    1897 4    35   21   22   923.1   924.7   456.4   131.7     2.5     9.4    8.986  70.9     1.68114    15.12900   379.17899     6.17628  3346.17847     0.00000   13.372660    6.119998    0.061792    0.422611    7.137224    3.487610   0.00      1564620.0
  1  1393.3    1934 4    35   21   22   939.1   942.2   454.2   128.0     2.8     8.7    8.987  71.2     1.63619    14.41424   367.62823     5.93474  3268.00684     0.00000    7.014356    3.290587    0.039577    0.294591    3.480970    1.957902   0.00      1057171.1
  1  1393.3    1938 1    35   21   22   942.2   942.5   451.1   127.9     3.9     8.9    8.981  71.7     1.62090    14.07350   342.11365     5.89305  3253.73706     0.00000   16.955549    7.436054    0.054755    0.365366   11.369465    3.138748   0.00      1436361.2
  1  1407.3    2027 1    35   21   22   985.9   986.0   421.4    98.8     5.0     7.7    8.981  76.7     1.52041    13.93532   352.43579     5.35594  3022.27881     0.00000   15.870564    6.713570    0.047716    0.196690   12.817855    1.742013   0.00       848928.9
  1  1409.4    2003 4    35   21   22   971.3   971.4   438.1   115.7     1.4     8.7    8.980  73.8     1.65590    14.75249   380.20599     6.09322  3286.97485     0.00000   10.546747    4.762020    0.054529    0.286852    5.999079    2.572066   0.00      1138224.2
  1  1419.8    1980 5    35   21   22   964.3   964.4   455.5   132.3     6.2     8.8    8.989  71.1     1.56946    12.66276   330.31137     5.74741  3167.83325     0.00000    8.503007    3.802643    0.034498    0.232852    5.564690    1.643166   0.00      1225405.0
  1  1437.1    2032 4    35   21   22   989.2   989.2   447.9   124.9     3.5     8.7    8.986  72.2     1.59643    14.36638   360.22028     5.74915  3188.94336     0.00000   10.647673    4.799008    0.054907    0.281871    6.111918    2.569603   0.00      1019525.9
  1  1448.3    2295 1    30   11    3  1124.0  1124.1   324.3     1.6     0.0     0.0    8.978  99.7     0.75655     0.69257    11.67842     2.54091  1745.70508     0.00000    2.977329    1.370850    0.026622    0.085452    1.509896    0.828547   0.00          583.1
  1  1450.5    2085 1    35   21   22  1018.1  1018.2   432.4   109.3     4.6     8.0    8.986  74.8     1.54485    14.01760   353.42532     5.44879  3077.71094     0.00000   10.496284    4.901062    0.042641    0.436103    4.972219    3.012989   0.00      1257459.2
  1  1466.6    2089 4    35   21   22  1020.3  1020.5   446.3   123.1     4.1     7.6    8.985  72.5     1.49995    13.72379   338.13589     5.14076  2999.68799     0.00000   11.127069    5.280576    0.057628    0.544648    5.141010    3.261554   0.00       989641.4
  1  1470.5    2158 1    35   21   22  1059.0  1059.0   411.5    88.6     4.3     6.7    8.984  78.6     1.43786    12.33892   305.56290     5.04059  2883.70288     0.00000   19.075064    8.840282    0.098273    0.714526    9.510722    5.283758   0.00       950456.3
  1  1488.4    2159 1    35   21   22  1059.2  1059.7   429.2   107.1     4.4     9.0    8.985  75.4     1.69879    17.58142   427.19733     5.94196  3306.03296     0.00000   13.069883    6.216705    0.061345    0.665923    5.720889    3.959305   0.00       833036.9
  1  1488.5    2126 4    35   21   22  1043.7  1043.7   444.8   121.9    14.7     7.6    8.984  72.7     1.38952    10.41240   260.27802     4.85468  2840.96460     0.00000   10.445822    4.946021    0.058152    0.494851    4.804926    3.075639   0.00      1284707.9
  1  1500.3    2388 1    30   11    3  1173.8  1173.8   326.5     3.8     0.0     0.0    8.981  99.0     0.74141     0.64085    11.25877     2.47420  1713.06604     0.00000   19.327387    8.897873    0.167445    0.558741    9.873548    5.341965   0.00           61.9
  1  1502.4    2204 1    35   21   22  1080.6  1080.6   421.8    98.9     4.5     8.3    8.984  76.7     1.65196    17.15437   417.62402     5.72893  3218.06006     0.00000   16.097651    7.426365    0.083793    0.576017    8.679290    4.134317   0.00       824471.5
  1  1524.4    2436 1    30   11    3  1200.4  1200.5   324.0     1.3     0.0     0.0    8.979  99.8     0.75526     0.68551    11.67475     2.54477  1743.04150     0.00000    3.784740    1.742644    0.033974    0.108540    1.917509    1.054170   0.00          393.0
  1  1535.3    2279 5    35   21   22  1115.5  1115.5   419.8    97.0     5.8     7.3    8.982  77.0     1.45286    12.23882   310.41931     5.15379  2918.65283     0.00000    5.651863    2.611459    0.039377    0.183471    2.954059    1.522952   0.00       860194.6
  1  1536.7    2457 1    30   11    3  1211.7  1211.8   325.0     2.0     0.0     0.0    8.987  99.6     0.74600     0.65692    11.56530     2.51721  1723.00415     0.00000    5.475243    2.520903    0.048703    0.157316    2.780179    1.521912   0.00          760.0
  1  1539.6    2253 4    35   21   22  1101.7  1101.7   437.9   117.1     7.7     9.1    8.987  73.9     1.65204    15.81771   409.12729     5.83185  3219.83862     0.00000    9.966426    4.715521    0.055932    0.466860    4.633959    2.913874   0.00       922093.3
  1  1551.7    2488 1    30   11    3  1225.6  1225.7   326.1     3.0     0.0     0.0    8.989  99.2     0.74841     0.66218    11.38947     2.50027  1728.00256     0.00000    6.938662    3.194508    0.060841    0.200001    3.535146    1.922667   0.00            2.1
  1  1575.4    2349 1    35   21   22  1154.8  1154.8   420.6    97.8     2.0     7.1    8.980  76.9     1.46084    11.94479   297.46207     5.26804  2949.21387     0.00000   10.042120    4.744899    0.056472    0.463618    4.656686    2.941614   0.00       647429.1
  1  1577.0    2553 1    30   11    3  1250.3  1250.3   326.7     3.9     0.0     0.0    8.985  99.0     0.74784     0.66672    11.33202     2.48178  1726.39453     0.00000    7.720834    3.554495    0.066895    0.223198    3.944228    2.134016   0.00            9.1
  1  1592.0    2312 5    35   21   22  1130.4  1130.5   461.6   138.4     5.6     8.6    8.987  70.1     1.54746    12.57521   327.85828     5.52072  3109.24854     0.00000   15.643482    7.335163    0.063305    0.687480    7.564093    4.420814   0.00      1062956.8
  1  1597.2    2347 4    35   21   22  1153.5  1153.6   443.7   120.6     3.0     7.0    8.985  72.9     1.35078     9.95160   251.46156     4.69055  2783.51392     0.00000   11.858778    5.587052    0.062495    0.530993    5.727845    3.371861   0.00       886664.6
  1  1599.2    2330 1    35   21   22  1142.5  1142.6   456.7   133.7     8.8     9.2    8.984  70.8     1.62584    14.18847   358.82153     5.89728  3255.13110     0.00000   17.485428    8.211026    0.096377    0.747162    8.558444    4.928689   0.00      1249812.8
  1  1609.1    2369 4    35   21   22  1161.1  1161.1   448.0   125.0     6.9     7.1    8.987  72.2     1.37873     9.63146   252.16475     4.91902  2846.00684     0.00000    5.828482    2.723134    0.031775    0.232464    2.983416    1.587075   0.00      1226801.1
  1  1609.4    2610 1    30   11    3  1285.8  1285.9   323.6     0.8     0.0     0.0    8.979  99.9     0.75700     0.68726    11.71854     2.55744  1747.03381     0.00000    0.176621    0.081332    0.001612    0.005050    0.089112    0.049382   0.00          257.2
  1  1616.3    2462 5    35   21   22  1215.1  1215.2   401.2    78.1     3.4     4.5    8.986  80.6     1.13000     6.36726   156.26486     3.90012  2396.61157     0.00000   10.243971    4.808802    0.054679    0.436585    5.101207    2.848399   0.00       565843.8
  1  1617.2    2446 1    35   21   22  1205.9  1206.0   411.3    88.3     1.4     7.3    8.985  78.6     1.52921    14.36691   346.15961     5.38813  3028.83984     0.00000   22.153406   10.382302    0.123522    0.918679   11.106970    6.133838   0.00      1036003.8
  1  1625.7    2476 4    35   21   22  1220.2  1220.2   405.5    86.5     3.5     8.1    8.979  79.7     1.65477    16.57378   429.19040     5.91373  3209.07715     0.00000   11.606464    5.419186    0.068724    0.456815    5.648150    3.291399   0.00       946627.9
  1  1627.4    2472 4    35   21   22  1219.5  1219.5   407.9    87.0     5.3     7.9    8.987  79.3     1.63597    16.99126   431.06586     5.75859  3175.52612     0.00000   11.556002    5.341800    0.053994    0.447156    6.174509    2.968472   0.00       713434.9
  1  1636.2    2429 1    35   21   22  1198.1  1198.2   438.1   114.9     2.6     7.8    8.987  73.9     1.52261    13.84739   342.34454     5.31208  3047.14233     0.00000    7.443289    3.513837    0.038485    0.342315    3.562021    2.129557   0.00      1245707.1
  1  1646.6    2673 1    30   11    3  1321.4  1321.4   325.2     2.4     0.0     0.0    8.983  99.4     0.75527     0.68529    11.48821     2.51997  1742.60828     0.00000    6.610654    3.043586    0.058474    0.190167    3.361192    1.835247   0.00            3.6
  1  1646.8    2514 1    35   21   22  1236.1  1236.2   410.7    87.8     2.0     7.5    8.980  78.7     1.56139    14.75684   365.93353     5.55109  3088.71533     0.00000    8.326387    3.884230    0.054258    0.317075    4.177111    2.313341   0.00       791265.4
  1  1648.4    2425 1    35   21   22  1196.7  1196.8   451.7   128.7     4.1     7.7    8.984  71.6     1.43648    11.65506   293.87790     4.94810  2920.35547     0.00000   16.677994    7.813247    0.071958    0.714722    8.260510    4.636603   0.00      1045324.2
  1  1648.9    2676 1    30   11    3  1323.1  1323.2   325.8     2.8     0.0     0.0    8.987  99.3     0.74119     0.64377    11.32091     2.48708  1712.17480     0.00000   11.934472    5.494614    0.104975    0.343752    6.076087    3.309205   0.00           12.9
  1  1653.1    2683 1    30   11    3  1327.1  1327.1   326.0     3.1     0.0     0.0    8.987  99.2     0.74212     0.64283    11.31417     2.48740  1714.48230     0.00000    7.165744    3.299030    0.062749    0.206612    3.651948    1.985024   0.00            3.7
  1  1668.1    2588 5    35   21   22  1270.0  1270.1   398.1    76.7     6.7     6.4    8.984  81.2     1.39285    11.10957   290.63062     4.99578  2815.73145     0.00000   10.748598    4.980475    0.076854    0.363871    5.472309    2.960316   0.00       542088.7
  1  1668.9    2591 1    35   21   22  1272.1  1272.2   396.8    73.9     0.6     4.4    8.984  81.5     1.20270     9.19359   221.13252     4.00844  2477.59424     0.00000   10.294434    4.781757    0.066581    0.369653    5.207793    2.841518   0.00       689264.8
  1  1673.3    2724 1    30   11    3  1346.6  1346.7   326.7     3.8     0.0     0.0    8.984  99.0     0.74114     0.64074    11.26111     2.47311  1712.46802     0.00000   18.948902    8.723663    0.164290    0.547707    9.678562    5.238169   0.00          174.9
  1  1673.6    2602 1    35   21   22  1277.0  1277.0   396.6    73.7     1.5     4.9    8.984  81.5     1.20155     7.65269   187.33150     4.26352  2513.47729     0.00000   17.586357    8.122648    0.122515    0.567251    9.208938    4.731605   0.00       581395.4
  1  1675.5    2495 1    35   21   22  1228.4  1228.4   447.1   124.2     9.2     7.6    8.985  72.3     1.44088    12.02089   296.18335     4.91166  2922.93677     0.00000    6.989125    3.290372    0.035671    0.310711    3.432657    1.961743   0.00       844189.0
  1  1675.7    2626 4    35   21   22  1293.0  1293.0   382.7    59.7     1.9     3.7    8.988  84.5     1.12333     7.31695   176.48311     3.79577  2350.25513     0.00000    8.654395    3.998494    0.060525    0.280448    4.520468    2.333539   0.00       450396.1
  1  1682.7    2583 1    35   21   22  1266.4  1266.4   416.3    93.3     3.1     6.0    8.985  77.7     1.31511     9.82983   245.37097     4.55637  2700.50220     0.00000   10.143045    4.697921    0.064182    0.348379    5.320201    2.717816   0.00       629670.4
  1  1697.0    2768 1    30   11    3  1369.2  1369.3   327.8     5.0     0.0     0.0    8.981  98.6     0.73717     0.63588    11.12081     2.44315  1703.57629     0.00000    9.941195    4.576608    0.084931    0.288463    5.093798    2.739880   0.00          283.5
  1  1697.9    2618 5    35   21   22  1289.2  1289.2   408.7    85.7     3.7     5.7    8.986  79.1     1.27386     9.97222   243.52129     4.32571  2606.42920     0.00000   12.035398    5.578759    0.081025    0.414433    6.203784    3.276650   0.00       504241.4
  1  1715.0    2667 1    35   21   22  1317.6  1317.6   397.4    74.8     4.9     5.6    8.982  81.4     1.29486     9.49268   234.95578     4.54030  2659.65308     0.00000    8.048842    3.761814    0.056218    0.311658    3.926089    2.287926   0.00       568873.6
  1  1717.5    2701 1    35   21   22  1337.4  1337.5   380.1    58.9     1.5     5.6    8.982  85.1     1.38114    12.20021   307.28241     4.77088  2754.12573     0.00000   11.455076    5.292969    0.086301    0.365916    5.896088    3.132687   0.00      1048375.4
  1  1718.6    2704 1    35   21   22  1338.6  1338.7   380.0    56.9     1.9     4.0    8.987  85.1     1.14633     7.37470   186.80287     3.94768  2399.22900     0.00000    4.844459    2.291512    0.026663    0.226465    2.286658    1.401219   0.00       358966.6
  1  1724.8    2717 4    35   21   22  1344.1  1344.2   380.7    57.6     0.5     3.9    8.985  85.0     1.18612     7.98577   198.09068     4.15942  2464.22656     0.00000    8.326387    3.937676    0.047107    0.387589    3.879774    2.431278   0.00       630119.9
  1  1726.4    2709 1    35   21   22  1340.2  1340.2   386.2    64.3     2.4     6.2    8.982  83.7     1.49380    13.85037   356.24637     5.25588  2953.22925     0.00000    7.973148    3.755902    0.041268    0.360624    3.671510    2.342196   0.00      1048449.5
  1  1727.3    2651 4    35   21   22  1304.0  1304.0   423.3   103.1     7.9     8.4    8.981  76.4     1.58744    13.96687   348.81430     5.75710  3157.72168     0.00000   14.937004    7.003424    0.114747    0.594649    6.987481    4.384208   0.00       977713.6
  1  1731.0    2703 4    35   21   22  1338.5  1338.5   392.5    69.6     1.5     5.9    8.985  82.4     1.39815    12.65052   309.26962     4.83151  2801.06714     0.00000    5.475243    2.578492    0.033920    0.239399    2.591743    1.584934   0.00       949698.3
  1  1731.8    2708 4    35   21   22  1339.8  1340.1   392.0    68.7     2.1     5.7    8.985  82.5     1.40681    12.64994   305.20041     4.88121  2818.59326     0.00000   18.747044    8.655052    0.133936    0.597280    9.794778    5.056977   0.00      1231670.9
  1  1732.5    2834 1    30   11    3  1402.6  1402.6   329.9     7.2     0.0     0.0    8.981  98.0     0.73950     0.63730    11.13448     2.44017  1709.81384     0.00000   24.222456   11.156231    0.194918    0.720239   12.533250    6.610573   0.00         4168.0
  1  1737.2    2706 4    35   21   22  1339.1  1339.9   398.1    74.3     5.1     6.4    8.984  81.2     1.44694    12.70489   310.51312     5.11114  2898.76489     0.00000    7.518983    3.529096    0.041802    0.327970    3.684702    2.106895   0.00       607083.8
  1  1757.7    2764 4    35   21   22  1366.5  1366.9   391.2    67.9     3.5     5.4    8.982  82.7     1.35293    10.76553   274.19849     4.84778  2753.00293     0.00000    4.793996    2.286550    0.024634    0.248772    2.114467    1.447622   0.00       579647.4
  1  1776.6    2757 4    35   21   22  1362.1  1362.2   414.5    91.6     1.6     6.8    8.981  78.0     1.47575    13.09020   322.05090     5.23767  2956.07617     0.00000    6.383572    3.039039    0.031742    0.325080    2.891228    1.894294   0.00       985509.3
  1  1779.3    2799 4    35   21   22  1385.7  1385.7   393.6    70.7     1.7     5.2    8.983  82.2     1.27896     9.58858   235.48969     4.52354  2627.76465     0.00000    9.915963    4.640728    0.061482    0.398871    4.888499    2.787976   0.00       676244.9
  1  1783.7    2769 1    35   21   22  1370.1  1370.1   413.6    90.9     2.5     7.0    8.978  78.1     1.47798    12.92859   330.31079     5.23272  2958.43677     0.00000    5.828482    2.715422    0.035744    0.220404    2.935832    1.611903   0.00       711194.9
  1  1786.4    2955 1    30   11    3  1457.1  1457.1   329.3     6.4     0.0     0.0    8.985  98.2     0.74046     0.64390    11.11028     2.43514  1711.07935     0.00000    8.503007    3.914734    0.070742    0.248814    4.379345    2.331836   0.00          632.5
  1  1791.2    2813 1    35   21   22  1393.2  1393.2   398.0    75.0     2.7     7.3    8.988  81.3     1.58480    16.43974   400.78537     5.49119  3096.43140     0.00000   13.397891    6.313543    0.079802    0.595337    6.165142    3.950148   0.00      1727800.1
  1  1794.5    2843 4    35   21   22  1410.4  1410.5   384.1    69.5     5.5     6.9    8.989  84.3     1.51746    13.63149   354.92178     5.53761  2989.00708     0.00000    3.658582    1.688744    0.035384    0.107049    1.801104    1.044080   0.00       769862.8
  1  1809.0    3003 1    30   11    3  1479.6  1479.6   329.4     6.7     0.0     0.1    8.980  98.1     0.74043     0.64039    11.25916     2.46155  1711.93958     0.00000    6.736811    3.105336    0.052421    0.204881    3.494523    1.832827   0.00        12070.3
  1  1838.6    3067 1    30   11    3  1512.7  1512.7   325.9     3.1     0.0     0.0    8.985  99.2     0.74275     0.64278    11.36406     2.49643  1716.10120     0.00000    7.821760    3.601038    0.068224    0.225767    3.989731    2.164986   0.00           83.8
  1  1850.5    2936 5    35   21   22  1449.4  1449.4   401.1    78.2     1.1     4.4    8.983  80.6     1.21321     8.88394   213.85510     4.10432  2508.86475     0.00000    9.688881    4.597444    0.047238    0.476074    4.510363    2.822304   0.00       780572.7
  1  1885.9    3166 1    30   11    3  1562.4  1562.4   323.5     1.0     0.0     0.0    8.974  99.9     0.75490     0.68769    11.64511     2.54320  1741.96216     0.00000    3.734277    1.719439    0.033628    0.107026    1.890453    1.040866   0.00          280.8
  1  1890.4    3119 4    35   21   22  1534.3  1534.4   356.1    38.8     0.0     4.5    8.983  90.8     1.32068    12.16797   307.86816     4.49321  2611.47485     0.00000    7.746066    3.608227    0.060641    0.278679    3.795960    2.201699   0.00       826574.7
  1  1891.8    3081 5    35   21   22  1520.6  1520.6   371.2    57.3     1.7     5.4    8.983  87.1     1.36080    12.46388   315.89603     4.70980  2695.19238     0.00000   15.517325    7.258704    0.091567    0.630654    6.938386    4.660136   0.00       803092.4
  1  1892.4    3043 4    35   21   22  1501.5  1501.5   390.9    68.0     2.7     4.6    8.984  82.7     1.20058     8.75728   213.92172     4.06563  2479.26855     0.00000   21.598295    9.923968    0.130881    0.676809   11.478302    5.708049   0.00       572151.8
  1  1894.7    3095 1    35   21   22  1526.3  1526.4   368.4    46.0     2.3     3.3    8.984  87.8     1.09328     6.26615   162.89650     3.80230  2309.70215     0.00000    8.074074    3.747876    0.054980    0.283477    4.131742    2.211580   0.00       325031.4
  1  1899.6    3091 1    35   21   22  1524.1  1524.2   375.5    56.9     1.6     5.3    8.983  86.1     1.38275    11.80488   292.50629     4.90437  2770.84131     0.00000    4.945385    2.298146    0.036342    0.174159    2.479663    1.379233   0.00       475879.7
  1  1909.3    3075 1    35   21   22  1518.4  1518.4   390.9    69.5     6.7     5.8    8.984  82.7     1.28394     9.51741   238.10136     4.51068  2633.98071     0.00000    7.897454    3.680778    0.053306    0.294934    3.961690    2.196351   0.00       613817.9
  1  1912.8    3120 1    35   21   22  1534.7  1534.8   378.1    55.3     1.4     3.9    8.978  85.5     1.14722     7.89261   187.58078     3.93286  2387.16577     0.00000   17.031246    7.881281    0.121831    0.564062    8.768015    4.649547   0.00       340010.5
  1  1917.6    3123 4    35   21   22  1535.8  1535.9   381.8    59.7     1.7     4.8    8.982  84.7     1.28292    10.17860   241.00751     4.46501  2617.89795     0.00000    7.493752    3.462079    0.053484    0.241517    3.903601    2.026295   0.00       571919.3
  1  1927.6    3237 1    30   11    3  1603.7  1603.8   323.9     1.2     0.0     0.0    8.977  99.8     0.75632     0.68837    11.67833     2.54706  1745.35876     0.00000   10.698135    4.925893    0.096057    0.306791    5.419851    2.979937   0.00          382.4
  1  1927.8    3106 1    35   21   22  1529.6  1529.6   398.2    75.4     1.4     2.9    8.982  81.2     0.99791     5.24946   125.14896     3.10054  2148.57739     0.00000    5.778019    2.691383    0.031555    0.220722    3.007960    1.552058   0.00       316796.5
  1  1938.4    3160 4    35   21   22  1559.6  1559.9   378.8    55.6     3.1     3.8    8.983  85.4     1.15058     7.72937   184.38655     3.90552  2399.74121     0.00000    7.670372    3.562860    0.055052    0.269629    3.867738    2.128550   0.00       716426.2
  1  1938.9    3248 1    30   11    3  1610.8  1610.8   328.1     5.4     0.0     0.0    8.981  98.5     0.73959     0.63965    11.23790     2.46080  1709.61536     0.00000   28.587646   13.162931    0.238977    0.837259   14.700595    7.850621   0.00         4471.5
  1  1944.8    3187 1    35   21   22  1574.8  1574.9   370.0    47.1     0.0     1.9    8.984  87.4     0.89897     3.52757    84.55167     2.82605  1974.57678     0.00000    6.610654    3.053880    0.047078    0.212845    3.446980    1.785935   0.00       635180.7
  1  1954.1    3188 1    35   21   22  1576.3  1576.3   377.8    55.0     1.5     3.2    8.983  85.6     1.02285     4.78345   115.81239     3.51914  2203.43896     0.00000    9.184254    4.236940    0.066471    0.288042    4.807405    2.474656   0.00       690363.4
  1  1955.1    3279 1    30   11    3  1631.6  1631.6   323.5     1.0     0.0     0.0    8.976  99.9     0.75712     0.68865    11.68872     2.55308  1747.15979     0.00000    2.245612    1.034003    0.020264    0.064335    1.136241    0.626221   0.00          272.1
  1  1988.5    3273 1    35   21   22  1629.1  1629.2   359.4    36.4     0.2     2.5    8.986  90.0     1.00525     5.27799   124.76067     3.33489  2151.42017     0.00000    4.920153    2.268622    0.035764    0.152830    2.579923    1.323971   0.00       386312.4
  1  1991.3    3271 5    35   21   22  1628.4  1628.5   362.9    40.0     0.0     1.6    8.983  89.1     0.89084     2.90020    76.16744     2.91019  1971.88940     0.00000   11.682158    5.487772    0.064136    0.500809    5.779273    3.266457   0.00       122975.1
  1  1994.9    3299 1    35   21   22  1641.4  1641.4   353.5    30.7     0.0     1.0    8.982  91.5     0.80811     1.90841    45.58236     2.55246  1819.87695     0.00000    5.298624    2.444345    0.037164    0.167254    2.788718    1.419898   0.00        38917.6
  1  1999.6    3330 1    35   21   22  1657.1  1657.1   342.5    21.3     0.0     1.5    8.985  94.4     0.88960     3.04910    73.20778     3.03462  1962.78076     0.00000   15.063161    6.937467    0.126837    0.442055    7.726319    4.146029   0.00        89112.7
  1  2001.2    3365 1    30   11    3  1676.2  1676.2   325.0     2.2     0.0     0.0    8.982  99.5     0.75850     0.69502    11.69139     2.54116  1749.92236     0.00000   18.545185    8.538419    0.164294    0.533325    9.425756    5.150281   0.00          661.8
  1  2011.0    3382 4    35   21   22  1684.4  1684.7   326.6    12.2     0.7     1.2    8.984  99.0     0.90647     3.08043    73.19361     3.25631  2000.28149     0.00000    6.736811    3.118999    0.068023    0.204997    3.229622    1.962526   0.00       338767.9
  1  2011.1    3322 5    35   21   22  1652.7  1652.7   358.4    35.7     3.5     2.4    8.981  90.2     0.97535     4.34002   102.23783     3.29414  2117.30591     0.00000    8.629164    3.973697    0.070112    0.255124    4.460498    2.357674   0.00       323708.3
  1  2029.9    3369 5    35   21   22  1680.6  1680.6   349.3    26.5     0.0     0.1    8.985  92.6     0.71424     0.59157     9.79141     2.10027  1654.63611     0.00000   13.296966    6.141251    0.089635    0.431303    7.004741    3.556388   0.00        14981.7
  1  2034.0    3406 1    35   21   22  1697.2  1697.2   336.8    14.0     0.0     0.1    8.983  96.0     0.72828     0.64344    10.77098     2.27115  1683.08691     0.00000    4.995847    2.300357    0.040096    0.147948    2.589638    1.361346   0.00         2141.2
  1  2040.9    3387 5    35   21   22  1686.2  1686.8   354.7    31.3     0.0     0.2    8.984  91.2     0.76232     0.86397    19.22037     2.35280  1749.99719     0.00000    6.307878    2.940684    0.038034    0.241037    3.208695    1.730345   0.00        38019.0
  1  2042.1    3405 4    35   21   22  1697.1  1697.2   345.0    22.4     0.0     1.0    8.975  93.7     0.85128     3.18269    72.70815     2.67907  1876.41406     0.00000    5.197698    2.407841    0.034556    0.177493    2.702214    1.404786   0.00       316211.5
  1  2043.7    3391 1    35   21   22  1686.9  1687.6   356.8    33.2     0.4     1.5    8.985  90.6     0.93640     4.27572    97.91299     3.02455  2033.14221     0.00000    9.335642    4.378314    0.055542    0.388164    4.596679    2.624496   0.00       403599.4
  1  2053.9    3485 1    30   11    3  1727.9  1728.0   326.0     2.9     0.0     0.0    8.989  99.3     0.74662     0.65650    11.37592     2.49766  1724.16357     0.00000   13.852056    6.377391    0.121676    0.399111    7.054593    3.839782   0.00            7.7
  1  2054.7    3449 4    35   21   22  1712.0  1712.3   342.7    21.9     0.0     2.5    8.986  94.4     1.13661     8.38683   213.43518     3.83956  2326.10620     0.00000   11.480308    5.364479    0.083836    0.439281    5.581861    3.275014   0.00       741330.3
  1  2059.0    3491 1    30   11    3  1733.0  1733.0   326.0     2.9     0.0     0.0    8.992  99.3     0.74344     0.64564    11.34407     2.49376  1717.38611     0.00000    9.411336    4.332926    0.082637    0.271187    4.793414    2.608617   0.00            1.7
  1  2070.2    3444 5    35   21   22  1710.8  1710.9   359.4    36.4     0.0     1.1    8.984  90.0     0.86324     3.13403    75.47092     2.67253  1902.58655     0.00000   10.471053    4.896492    0.062197    0.418631    5.235731    2.909733   0.00       201654.1
  1  2070.3    3509 1    30   11    3  1741.9  1742.0   328.4     5.6     0.0     0.0    8.980  98.5     0.74021     0.63701    11.14528     2.44956  1710.88586     0.00000    6.938662    3.194416    0.058303    0.202367    3.567039    1.906287   0.00          304.2
  1  2073.1    3518 1    30   11    3  1746.6  1746.7   326.5     3.8     0.0     0.0    8.978  99.0     0.75411     0.68094    11.43632     2.49940  1740.28210     0.00000    5.450012    2.509056    0.047224    0.157548    2.784107    1.506395   0.00           39.7
  1  2088.4    3547 1    30   11    3  1759.9  1760.0   328.5     5.6     0.0     0.0    8.984  98.5     0.74913     0.66762    11.27507     2.46022  1729.48645     0.00000    7.266670    3.345340    0.061472    0.211444    3.730970    1.998861   0.00           19.4
  1  2102.5    3529 4    35   21   22  1749.6  1749.7   352.9    32.1     0.5     3.4    8.981  91.6     1.16553     9.19508   221.20135     3.91729  2377.54224     0.00000    5.374318    2.482298    0.045054    0.166111    2.717273    1.495640   0.00       950415.4
  1  2103.5    3521 1    35   21   22  1746.9  1747.0   356.6    33.6     0.8     2.8    8.986  90.7     1.05315     6.44061   156.63248     3.57094  2220.19360     0.00000    9.815038    4.539691    0.069682    0.323190    5.065477    2.673667   0.00       238790.0
  1  2113.1    3510 4    35   21   22  1742.3  1742.3   370.8    47.9     0.0     2.5    8.984  87.2     1.02238     5.63136   139.10399     3.37468  2180.69189     0.00000    5.778019    2.679682    0.035298    0.203699    3.026656    1.548454   0.00       531219.6
  1  2119.4    3553 4    35   21   22  1762.0  1762.1   357.4    34.4     0.0     1.5    8.984  90.5     0.89286     4.01561    92.44537     2.79456  1942.10229     0.00000   11.026143    5.103168    0.076759    0.368070    5.708680    2.994075   0.00       133288.3
  1  2120.8    3616 1    30   11    3  1793.8  1793.9   327.0     4.4     0.0     0.0    8.976  98.8     0.74366     0.65029    11.25973     2.47114  1717.77905     0.00000   16.122883    7.422480    0.138502    0.467136    8.251734    4.448511   0.00           53.0
  1  2123.9    3562 5    35   21   22  1767.2  1767.2   356.7    33.9     0.0     1.4    8.982  90.6     0.88168     3.20619    73.25435     2.84311  1943.72009     0.00000    6.434035    2.981180    0.041708    0.221535    3.351517    1.734971   0.00       537724.2
  1  2134.4    3599 1    35   21   22  1787.4  1787.4   347.0    33.2     0.0     4.0    8.979  93.1     1.24993    10.20061   273.91132     4.39188  2507.24487     0.00000   17.258337    8.057980    0.206058    0.567840    7.525070    5.379517   0.00       942606.7
  1  2138.5    3638 1    30   11    3  1805.2  1805.2   333.3    10.6     0.0     0.0    8.982  97.0     0.73691     0.62652    10.86976     2.39170  1704.75134     0.00000    1.236348    0.570165    0.009015    0.038489    0.647398    0.333099   0.00          217.0
  1  2151.0    3668 1    30   11    3  1817.8  1817.8   333.2    10.2     0.0     0.0    8.987  97.1     0.74730     0.72982    14.56486     2.43250  1722.15491     0.00000    4.314600    1.989939    0.032555    0.133496    2.244354    1.170011   0.00         1116.3
  1  2154.2    3567 1    35   21   22  1769.8  1769.8   384.4    61.6     0.2     1.7    8.981  84.1     0.88069     3.35309    81.08499     2.64833  1944.69751     0.00000   15.643482    7.340556    0.080347    0.665841    7.868471    4.312907   0.00       480457.2
  1  2186.0    3700 4    35   21   22  1830.4  1830.5   355.6    32.8     0.5     2.5    8.979  90.9     1.04549     6.01691   152.00461     3.59684  2211.61499     0.00000    5.601400    2.622001    0.034946    0.225200    2.778341    1.567882   0.00       412123.5
  1  2186.9    3755 1    30   11    3  1856.7  1856.8   330.2     7.3     0.0     0.0    8.983  97.9     0.75832     0.74079    15.01972     2.55568  1747.44189     0.00000   13.271734    6.120381    0.108271    0.402154    6.803832    3.650505   0.00         1113.6
  1  2188.6    3688 4    35   21   22  1824.8  1824.9   363.8    41.0     0.8     3.1    8.981  88.9     1.07421     6.15587   147.17732     3.72038  2276.29370     0.00000   10.294434    4.756070    0.073129    0.332210    5.366521    2.781502   0.00       469557.9
  1  2191.3    3763 1    30   11    3  1858.4  1858.4   332.9    10.2     0.0     0.0    8.980  97.1     0.76216     0.81934    17.29778     2.54298  1754.70190     0.00000   13.448354    6.207538    0.106107    0.417682    6.904187    3.690850   0.00         1627.3
  1  2202.2    3702 4    35   21   22  1831.1  1831.2   371.1    48.1     0.7     2.8    8.985  87.2     1.04564     5.86780   141.96217     3.54519  2227.31226     0.00000    8.856246    4.118283    0.057991    0.321735    4.516779    2.429630   0.00       208214.1
  1  2214.3    3822 1    30   11    3  1879.1  1879.1   335.2    12.4     0.0     0.0    8.983  96.5     0.73613     0.64557    10.84130     2.32824  1701.23511     0.00000   12.287711    5.659633    0.096059    0.368239    6.392437    3.335709   0.00          547.6
  1  2222.6    3733 1    35   21   22  1848.6  1848.6   374.0    51.2     0.8     3.5    8.983  86.5     1.10946     6.54530   172.77299     3.79469  2335.25513     0.00000    8.452544    3.912198    0.056965    0.283981    4.402123    2.282102   0.00       953636.0
  1  2226.2    3874 1    30   11    3  1898.6  1898.6   327.6     4.9     0.0     0.0    8.980  98.7     0.74713     0.66325    11.27598     2.46283  1725.02039     0.00000   10.496284    4.832157    0.089663    0.304579    5.378377    2.892796   0.00           15.7
  1  2250.8    3806 5    35   21   22  1873.7  1873.8   377.1    54.2     1.1     4.4    8.981  85.7     1.26287    10.17951   243.82942     4.38199  2574.38062     0.00000    9.688881    4.520942    0.064286    0.370246    4.786587    2.724761   0.00       590064.0
  1  2286.1    3892 5    35   21   22  1907.6  1907.6   378.5    55.6     1.9     4.9    8.986  85.5     1.32187    11.32856   278.79727     4.55935  2657.72729     0.00000   11.429845    5.452214    0.059556    0.594420    4.911443    3.507723   0.00       436087.8
  1  2292.9    3891 4    35   21   22  1907.4  1907.5   385.5    62.4     1.7     5.0    8.986  83.9     1.31105    10.94726   267.10904     4.50010  2650.41479     0.00000    6.206953    2.868992    0.042544    0.203385    3.246738    1.670654   0.00       553466.0
  1  2321.3    3958 1    35   21   22  1938.8  1938.8   382.5    59.7     1.0     2.9    8.982  84.5     1.03003     4.62892   121.32484     3.57264  2224.27319     0.00000   10.143045    4.760601    0.056006    0.429959    5.024201    2.833829   0.00       404715.7
  1  2329.5    4084 1    30   11    3  2003.4  2003.4   326.1     3.1     0.0     0.0    8.988  99.2     0.74101     0.64134    11.30557     2.48220  1712.01709     0.00000    2.397002    1.103551    0.021002    0.069104    1.221440    0.664088   0.00          132.2
  1  2335.2    4092 1    30   11    3  2007.8  2007.9   327.4     4.7     0.0     0.0    8.979  98.7     0.74162     0.63887    11.21515     2.46840  1713.88574     0.00000    4.289369    1.974695    0.036523    0.124595    2.199294    1.181426   0.00           60.3
  1  2336.3    3970 4    35   21   22  1945.2  1945.2   391.1    68.2     1.8     5.2    8.983  82.7     1.31743    11.12856   273.30014     4.51022  2658.01636     0.00000   11.909241    5.550396    0.074049    0.451800    5.976693    3.304090   0.00       574556.4
  1  2348.2    4011 1    35   21   22  1962.4  1962.4   385.8    69.6     1.8     7.6    8.979  83.8     1.68974    18.60093   472.92053     5.88898  3214.21680     0.00000   12.666182    5.919856    0.103655    0.472970    6.051085    3.671060   0.00       929964.9
  1  2353.4    3968 1    35   21   22  1944.0  1944.0   409.4    86.5     3.5     5.5    8.984  79.0     1.28407     9.29554   237.36586     4.48099  2644.43359     0.00000   10.723367    4.970424    0.048410    0.399432    5.557551    2.877049   0.00       540630.5
  1  2354.9    4138 1    30   11    3  2025.6  2025.7   329.3     6.4     0.0     0.0    8.984  98.2     0.74344     0.64566    11.19187     2.45788  1718.18408     0.00000    6.459266    2.974307    0.053159    0.190135    3.331269    1.768786   0.00           54.5
  1  2356.9    3988 1    35   21   22  1952.2  1952.3   404.7    82.3     1.3     6.1    8.983  79.9     1.41826    12.05023   299.22458     5.04449  2849.44043     0.00000    9.159022    4.280415    0.056410    0.360866    4.590992    2.542552   0.00       534169.3
  1  2359.3    4144 1    30   11    3  2029.0  2029.0   330.3     7.6     0.0     0.0    8.981  97.9     0.73936     0.63458    11.00332     2.41954  1709.17676     0.00000    8.477776    3.903254    0.069502    0.249225    4.378428    2.318640   0.00           58.9
  1  2364.5    4032 4    35   21   22  1973.1  1977.1   391.4    66.2     2.1     6.5    8.979  82.6     1.52478    14.44490   358.06668     5.47999  3006.37817     0.00000    4.642608    2.152308    0.041305    0.150840    2.248048    1.336799   0.00      1475419.4
  1  2367.8    4035 4    35   21   22  1974.8  1977.3   393.0    67.6     0.5     6.3    8.986  82.3     1.48962    13.80415   350.67007     5.31526  2949.14917     0.00000    9.184254    4.244872    0.068994    0.294904    4.728053    2.511097   0.00       786687.7
  1  2374.3    4024 5    35   21   22  1970.9  1971.4   403.4    80.0     1.2     6.0    8.984  80.2     1.40887    11.66624   293.57678     5.03529  2847.84570     0.00000    9.991657    4.681176    0.060854    0.409141    4.890295    2.823107   0.00       544815.7
  1  2374.6    4177 1    30   11    3  2047.5  2047.5   327.1     4.5     0.0     0.0    8.977  98.8     0.74988     0.67621    11.33416     2.46916  1730.56189     0.00000    2.447465    1.126733    0.020941    0.070989    1.253655    0.674747   0.00           42.6
  1  2377.6    4017 5    35   21   22  1967.4  1967.5   410.2    87.3     1.0     7.1    8.981  78.8     1.54905    15.48095   372.35782     5.36580  3050.48877     0.00000    9.310410    4.288185    0.042136    0.320173    4.774350    2.518617   0.00      1553442.1
  1  2379.7    4184 1    30   11    3  2049.7  2049.8   330.0     7.1     0.0     0.0    8.982  98.0     0.74404     0.64558    11.18087     2.45355  1719.79163     0.00000    9.789806    4.507905    0.080789    0.287940    5.046315    2.682189   0.00           83.0
  1  2383.9    4203 1    30   11    3  2055.6  2055.7   328.3     5.4     0.0     0.0    8.983  98.5     0.75481     0.71368    12.96392     2.50241  1739.87000     0.00000   30.681929   14.125877    0.258242    0.895268   15.763325    8.433742   0.00          635.3
  1  2386.8    4053 4    35   21   22  1986.5  1986.6   400.3    77.5     2.7     5.8    8.980  80.8     1.38208    10.85953   268.82040     4.99246  2820.11743     0.00000    9.360873    4.371531    0.059451    0.363776    4.678811    2.606358   0.00      1130322.0
  1  2387.7    4072 5    35   21   22  1998.0  1998.0   389.7    66.8     0.1     3.8    8.982  83.0     1.15559     7.60840   185.90918     3.98190  2417.69678     0.00000    9.941195    4.631093    0.041049    0.406095    4.859955    2.785823   0.00       616931.6
  1  2398.3    4068 1    35   21   22  1996.2  1996.3   402.1    79.2     0.9     5.9    8.984  80.4     1.37117    12.22925   297.21359     4.61526  2743.61938     0.00000   14.608996    6.812027    0.091382    0.556936    7.376980    4.034263   0.00       508377.8
  1  2401.1    4242 1    30   11    3  2077.0  2077.1   324.1     1.5     0.0     0.0    8.976  99.7     0.75575     0.68848    11.67751     2.54311  1744.06396     0.00000    4.642608    2.137615    0.041575    0.133206    2.353553    1.292408   0.00          502.6
  1  2416.7    4065 4    35   21   22  1994.0  1994.1   422.7    99.7     2.9     5.7    8.983  76.5     1.28776     8.78424   227.72955     4.49320  2670.13037     0.00000    7.544215    3.528830    0.040464    0.306486    3.831849    2.066163   0.00       796464.1
  1  2419.2    4094 1    35   21   22  2008.8  2008.9   410.4    87.2     4.4     8.4    8.989  78.9     1.69201    17.32397   427.53180     6.02876  3298.40430     0.00000   13.776361    6.358992    0.065282    0.511180    6.977008    3.747309   0.00      1252593.5
  1  2433.9    4139 4    35   21   22  2026.4  2026.4   407.5    84.7     2.6     6.4    8.979  79.3     1.45800    13.38959   328.92532     5.07484  2910.50562     0.00000   11.833547    5.455598    0.065276    0.400387    6.123172    3.184560   0.00       948389.9
  1  2448.3    4163 1    35   21   22  2036.8  2036.8   411.5    88.8     3.6     7.6    8.979  78.5     1.57057    15.04652   372.20786     5.58023  3108.80933     0.00000    9.032866    4.264723    0.049172    0.414950    4.182910    2.646686   0.00      1005508.5
  1  2455.5    4231 4    35   21   22  2069.3  2069.3   386.2    63.3     0.2     4.3    8.985  83.7     1.21335     8.86141   228.83032     4.17386  2498.76074     0.00000    4.819228    2.232675    0.031614    0.165268    2.505955    1.301822   0.00       932321.8
  1  2455.9    4195 4    35   21   22  2053.9  2053.9   402.0    78.9     2.6     5.9    8.989  80.5     1.34443    10.65922   273.22748     4.69293  2733.51929     0.00000    9.411336    4.397917    0.051063    0.381304    4.679833    2.619315   0.00       949711.9
  1  2457.3    4232 1    35   21   22  2069.7  2069.8   387.6    65.5     6.6     5.2    8.982  83.4     1.30486    10.83072   280.58606     4.52381  2630.46045     0.00000   12.312943    5.740782    0.085430    0.461030    6.088402    3.464534   0.00       780955.8
  1  2463.2    4214 4    35   21   22  2062.8  2062.9   400.4    77.5     2.4     6.6    8.982  80.8     1.45428    12.53652   313.69855     5.19126  2920.36011     0.00000   12.918495    5.999690    0.092312    0.453020    6.537960    3.574291   0.00       424660.0
  1  2487.3    4423 1    30   11    3  2159.8  2159.8   327.5     4.8     0.0     0.0    8.981  98.7     0.75342     0.68383    11.42132     2.47872  1738.55212     0.00000    5.197698    2.392862    0.044362    0.150880    2.663725    1.432282   0.00          115.4
  1  2488.5    4234 4    35   21   22  2070.1  2070.6   418.4    95.0     4.8     7.1    8.984  77.3     1.49650    14.09005   339.63989     5.15249  2979.41772     0.00000   11.480308    5.400985    0.064452    0.500623    5.603762    3.243717   0.00      1084982.4
  1  2506.5    4273 1    35   21   22  2094.4  2094.4   412.1    89.2     2.0     5.9    8.984  78.5     1.34826    10.70636   270.27225     4.66172  2745.24561     0.00000    4.592145    2.137672    0.025607    0.174335    2.320933    1.263855   0.00       820513.9
  1  2514.9    4295 5    35   21   22  2103.1  2103.1   411.8    88.8     2.5     7.5    8.986  78.6     1.54477    14.79070   364.01971     5.43221  3057.78149     0.00000    3.431497    1.595263    0.022034    0.124709    1.750521    0.940750   0.00      1283607.4
  1  2525.7    4371 1    35   21   22  2138.0  2138.5   387.7    64.2     2.5     5.9    8.986  83.4     1.44344    13.33323   327.90002     5.02977  2868.20337     0.00000   12.312943    5.759821    0.076214    0.491370    6.131179    3.435807   0.00      1086929.8
  1  2531.7    4370 4    35   21   22  2137.9  2138.1   393.8    70.7     3.3     5.0    8.983  82.1     1.26516     8.98811   229.22427     4.46113  2609.09155     0.00000    6.106027    2.824582    0.040082    0.204280    3.204592    1.636948   0.00       441238.6
  1  2532.8    4522 1    30   11    3  2199.5  2199.6   333.3    10.6     0.0     0.0    8.978  97.0     0.74490     0.70908    13.73012     2.42151  1718.12439     0.00000   13.927750    6.418113    0.106994    0.422742    7.252127    3.776039   0.00         1048.6
  1  2545.4    4557 1    30   11    3  2215.3  2215.4   330.1     7.1     0.0     0.0    8.986  98.0     0.74452     0.65837    11.19759     2.43608  1719.84766     0.00000   20.059124    9.236693    0.163414    0.592167   10.365448    5.482417   0.00         2112.4
  1  2549.6    4569 1    30   11    3  2221.1  2221.2   328.5     5.6     0.0     0.0    8.983  98.5     0.75090     0.67938    11.53014     2.47488  1732.87769     0.00000   49.503914   22.790167    0.418665    1.440678   25.417948   13.616721   0.00          308.1
  1  2550.1    4415 1    35   21   22  2156.4  2156.4   393.7    70.7     0.9     4.2    8.985  82.2     1.18834     7.96084   196.07047     4.09871  2479.19238     0.00000    7.569446    3.553302    0.041495    0.321791    3.753253    2.112818   0.00       581839.6
  1  2554.0    4358 5    35   21   22  2134.3  2134.4   419.7    96.6     1.6     5.5    8.988  77.1     1.25571     8.94931   224.73953     4.25597  2596.49878     0.00000    8.326387    3.906757    0.042649    0.354004    4.198714    2.290893   0.00       718371.4
  1  2578.5    4624 1    30   11    3  2251.3  2251.3   327.2     4.6     0.0     0.0    8.977  98.8     0.74354     0.65062    11.28622     2.47182  1717.56580     0.00000    5.197698    2.392855    0.044377    0.150858    2.663577    1.432362   0.00          139.1
  1  2585.3    4456 4    35   21   22  2176.5  2176.6   408.8    86.1     3.5     6.8    8.983  79.1     1.47444    13.48889   336.55075     5.10091  2935.91992     0.00000    8.503007    3.969536    0.054266    0.328388    4.259182    2.363897   0.00       686747.8
  1  2587.0    4492 4    35   21   22  2188.8  2188.9   398.2    78.7     5.4     8.9    8.981  81.2     1.76527    20.16763   494.97845     6.10929  3346.84766     0.00000    8.225462    3.847060    0.058788    0.320321    3.975300    2.355272   0.00      1013926.4
  1  2611.4    4523 1    35   21   22  2200.5  2200.6   410.9    88.1     2.3     6.7    8.980  78.7     1.41207    11.44330   282.74918     5.03694  2861.89771     0.00000   14.508071    6.695925    0.111846    0.451884    7.491318    3.960413   0.00       920264.4
  1  2616.1    4633 4    35   21   22  2254.7  2254.7   361.4    50.4     0.3     5.5    8.984  89.5     1.43832    13.30569   347.27371     5.16684  2832.87817     0.00000   13.196040    6.178513    0.124089    0.490685    6.015222    3.965320   0.00       777520.1
  1  2620.7    4720 1    30   11    3  2291.7  2291.7   329.0     6.0     0.0     0.0    8.989  98.4     0.75301     0.72974    14.15564     2.50181  1735.07861     0.00000    7.165744    3.301044    0.057804    0.213680    3.702416    1.958036   0.00          838.0
  1  2624.8    4576 4    35   21   22  2227.3  2227.3   397.5    74.8     3.0     5.9    8.979  81.3     1.34922    11.12484   276.59988     4.71126  2735.92773     0.00000    9.310410    4.317843    0.064397    0.321312    4.776440    2.546276   0.00      1101943.1
  1  2626.3    4731 1    30   11    3  2297.1  2297.2   329.2     6.3     0.0     0.0    8.983  98.2     0.73772     0.63409    11.03241     2.42705  1705.08826     0.00000    8.301156    3.821645    0.069455    0.242345    4.271375    2.278626   0.00           90.4
  1  2632.0    4744 1    30   11    3  2303.3  2303.3   328.7     5.9     0.0     0.0    8.983  98.4     0.74238     0.65408    11.16020     2.43866  1714.65198     0.00000    8.427313    3.879669    0.071245    0.245263    4.327443    2.317836   0.00          292.0
  1  2633.6    4554 1    35   21   22  2214.0  2214.1   419.6    96.7     5.3     6.6    8.981  77.1     1.42550    12.63583   313.54724     4.87734  2858.47852     0.00000   14.079138    6.698597    0.073990    0.709145    6.325189    4.204364   0.00       886700.2
  1  2639.2    4594 1    35   21   22  2236.8  2236.8   402.4    79.6     5.3     5.1    8.984  80.4     1.18569     7.58084   187.76228     4.11232  2485.49976     0.00000    6.383572    2.975421    0.042358    0.239248    3.211915    1.770387   0.00       361654.8
  1  2646.3    4595 1    35   21   22  2237.2  2237.2   409.1    86.2     4.3     7.1    8.987  79.1     1.45471    13.00096   314.94409     5.12056  2918.53662     0.00000   13.145577    6.072492    0.096626    0.420810    6.783507    3.585043   0.00      1008657.3
  1  2656.6    4621 4    35   21   22  2248.9  2248.9   407.7    93.6     1.2     9.3    8.979  79.3     1.76139    18.61877   452.49966     6.34647  3399.93750     0.00000   15.315475    7.143651    0.121315    0.563100    7.252645    4.462382   0.00       852637.4
  1  2656.8    4802 1    30   11    3  2331.5  2331.5   325.3     2.4     0.0     0.0    8.985  99.4     0.75557     0.68699    11.49908     2.51970  1743.25330     0.00000    5.399549    2.485975    0.047721    0.155358    2.745952    1.498740   0.00          290.8
  1  2663.8    4640 1    35   21   22  2257.9  2257.9   405.9    83.2     1.7     7.4    8.983  79.7     1.57666    15.54224   372.32913     5.61057  3109.13818     0.00000   16.122883    7.579175    0.110742    0.677939    7.583694    4.699851   0.00       471541.1
  1  2666.6    4819 1    30   11    3  2341.3  2341.3   325.3     2.6     0.0     0.0    8.982  99.4     0.75505     0.68545    11.48243     2.51750  1742.11414     0.00000    9.840269    4.530495    0.086821    0.283233    5.006279    2.730348   0.00            4.9
  1  2669.7    4825 1    30   11    3  2343.1  2343.2   326.6     3.9     0.0     0.0    8.979  99.0     0.73891     0.63889    11.21249     2.46405  1707.26990     0.00000    3.355803    1.544925    0.029082    0.097005    1.714227    0.927578   0.00           64.6
  1  2671.4    4827 1    30   11    3  2343.2  2343.3   328.2     5.3     0.0     0.0    8.983  98.5     0.73844     0.63649    11.14827     2.44768  1706.74817     0.00000    8.427313    3.879731    0.071447    0.245136    4.324624    2.319256   0.00         1038.7
  1  2677.5    4840 1    30   11    3  2351.9  2351.9   325.6     2.6     0.0     0.0    8.988  99.4     0.75769     0.68776    11.56484     2.53107  1748.29553     0.00000    3.936129    1.812163    0.034477    0.113505    2.005784    1.090469   0.00          116.0
  1  2682.9    4668 1    35   21   22  2270.0  2270.1   412.9    90.0     0.9     6.0    8.983  78.3     1.30027     8.55568   221.63113     4.77257  2707.15186     0.00000   13.397891    6.202850    0.089269    0.453243    6.977417    3.616275   0.00       915338.4
  1  2683.3    4854 1    30   11    3  2355.7  2355.8   327.6     4.8     0.0     0.0    8.981  98.7     0.74004     0.63853    11.18622     2.45652  1710.20435     0.00000    2.497928    1.149969    0.021470    0.072364    1.278283    0.689286   0.00          422.5
  1  2700.4    4901 1    30   11    3  2369.5  2369.6   330.9     8.0     0.0     0.0    8.982  97.7     0.74225     0.65319    11.04785     2.40480  1714.46021     0.00000   11.101837    5.111321    0.090983    0.326324    5.734387    3.035974   0.00           85.8
  1  2709.8    4753 4    35   21   22  2307.1  2307.1   402.7    79.5     0.7     5.6    8.993  80.4     1.31735    10.89290   265.07599     4.55796  2674.87793     0.00000    6.358341    2.947203    0.039449    0.221708    3.332374    1.703932   0.00       576612.4
  1  2710.0    4922 1    30   11    3  2380.1  2380.2   329.9     7.0     0.0     0.0    8.985  98.1     0.74145     0.65217    11.10481     2.42287  1712.71191     0.00000   10.925218    5.029774    0.090878    0.319566    5.627739    2.995719   0.00          243.9
  1  2721.4    4808 4    35   21   22  2336.1  2336.2   385.3    64.6     1.0     5.7    8.984  83.9     1.37242    11.25295   294.52371     4.87691  2761.31689     0.00000    7.872222    3.680836    0.064530    0.297168    3.697349    2.308888   0.00       722935.4
  1  2770.0    4957 5    35   21   22  2396.4  2396.9   373.6    56.5     0.9     5.2    8.982  86.6     1.41296    12.86630   334.49576     4.93922  2787.59497     0.00000   10.471053    4.895439    0.074766    0.405076    5.079396    2.990139   0.00      1148644.5
  1  2780.3    5105 1    30   11    3  2453.9  2454.0   326.4     3.3     0.0     0.0    8.988  99.1     0.75279     0.67479    11.42907     2.50197  1737.51831     0.00000    1.286811    0.592425    0.011223    0.037138    0.656403    0.356163   0.00           24.8
  1  2782.6    4923 4    35   21   22  2380.7  2380.7   401.9    79.1     2.1     5.4    8.981  80.4     1.26649     9.34744   236.62888     4.36563  2602.16821     0.00000   12.893264    5.962401    0.084322    0.429443    6.781837    3.449787   0.00       635883.8
  1  2784.6    5114 1    30   11    3  2458.1  2458.2   326.5     3.5     0.0     0.0    8.985  99.1     0.74360     0.64992    11.29939     2.48263  1717.54944     0.00000    3.961361    1.823729    0.034508    0.114362    2.021240    1.096143   0.00            7.4
  1  2786.1    5120 1    30   11    3  2459.3  2459.3   326.8     4.2     0.0     0.0    8.978  98.9     0.74101     0.64019    11.22784     2.46996  1712.22046     0.00000   13.372660    6.156407    0.115265    0.387106    6.839219    3.692235   0.00           31.4
  1  2791.2    5131 1    30   11    3  2462.8  2462.8   328.4     5.7     0.0     0.0    8.981  98.4     0.74225     0.63950    11.22423     2.46461  1715.57629     0.00000    7.998379    3.682201    0.067929    0.232479    4.103325    2.201851   0.00          181.2
  1  2806.3    4966 1    35   21   22  2399.6  2399.7   406.7    83.6     4.5     5.6    8.986  79.5     1.32861    10.18344   252.19881     4.68539  2720.54541     0.00000   19.958195    9.295065    0.089019    0.793554    9.917197    5.537855   0.00       787943.4
  1  2807.1    4952 4    35   21   22  2394.5  2394.5   412.6    89.7     7.3     8.0    8.984  78.4     1.56232    14.97079   364.55487     5.53888  3084.86792     0.00000   12.439099    5.786503    0.082793    0.452981    6.318199    3.425043   0.00      1063281.9
  1  2812.7    4935 1    35   21   22  2386.9  2386.9   425.8   102.8     4.2     7.4    8.987  76.0     1.47500    12.66306   307.89432     5.27529  2972.67188     0.00000    7.998379    3.744741    0.045128    0.328810    3.898634    2.262787   0.00      1190056.9
  1  2815.9    5008 1    35   21   22  2416.3  2416.3   399.6    77.0     2.0     6.3    8.978  80.9     1.42905    11.78214   300.87714     5.19002  2888.56958     0.00000    8.427313    3.825233    0.046736    0.244635    4.785066    2.041790   0.00       616859.9
  1  2820.6    5195 1    30   11    3  2494.5  2494.6   326.1     3.2     0.0     0.0    8.982  99.2     0.74159     0.64163    11.29956     2.48483  1713.35315     0.00000    1.160653    0.534348    0.010150    0.033476    0.591699    0.321424   0.00           14.2
  1  2843.1    5061 4    35   21   22  2433.0  2435.4   410.1    85.0     2.3     7.3    8.977  78.8     1.58186    14.79082   366.89819     5.74576  3142.31763     0.00000   14.508071    6.784904    0.085249    0.584321    7.040265    4.121841   0.00      1723353.0
  1  2846.0    5080 1    35   21   22  2441.1  2442.2   404.9    80.7     2.4     6.4    8.987  79.9     1.45474    12.76718   318.47641     5.17207  2918.55396     0.00000   12.741876    5.923731    0.084855    0.460528    6.456480    3.515187   0.00       633087.1
  1  2851.6    5272 1    30   11    3  2523.1  2523.2   328.5     5.7     0.0     0.0    8.981  98.4     0.73762     0.63592    11.09064     2.43639  1704.76001     0.00000    3.784740    1.742369    0.032079    0.110071    1.942416    1.041482   0.00          372.3
  1  2857.2    5285 1    30   11    3  2529.4  2529.4   327.8     5.2     0.0     0.0    8.978  98.6     0.74610     0.65925    11.26787     2.46322  1723.01758     0.00000    9.335642    4.297830    0.079269    0.271356    4.789638    2.569848   0.00           95.7
  1  2858.2    5076 4    35   21   22  2439.1  2441.9   419.1    93.3     0.4     6.6    8.986  77.2     1.47188    13.59637   327.38678     5.15457  2938.55493     0.00000    7.796528    3.657711    0.043293    0.328360    3.872838    2.173875   0.00      1176570.6
  1  2869.8    5310 1    30   11    3  2537.0  2537.0   332.8    10.1     0.0     0.0    8.981  97.1     0.74371     0.65679    11.94685     2.43677  1718.23352     0.00000   17.535892    8.082500    0.133736    0.535139    9.133642    4.751953   0.00          734.7
  1  2875.1    5100 1    35   21   22  2450.9  2453.5   424.2    98.8     2.0     8.3    8.982  76.2     1.65026    16.44476   401.67496     5.86981  3244.86426     0.00000   13.347428    5.999439    0.058284    0.356108    8.058189    2.989345   0.00       975441.5
  1  2883.1    5349 1    30   11    3  2557.7  2557.8   325.4     2.4     0.0     0.0    8.987  99.4     0.75858     0.69209    11.58237     2.53102  1750.17236     0.00000    8.831015    4.065857    0.078094    0.254060    4.490415    2.451529   0.00          403.3
  1  2886.2    5350 1    30   11    3  2558.7  2558.8   327.5     4.7     0.0     0.0    8.980  98.7     0.74015     0.63870    11.19668     2.45819  1710.48877     0.00000    7.090050    3.264073    0.061049    0.205305    3.626832    1.957186   0.00          525.5
  1  2887.8    5352 1    30   11    3  2559.7  2559.7   328.1     5.4     0.0     0.0    8.982  98.5     0.73861     0.63588    11.15433     2.44971  1707.24536     0.00000    4.768765    2.195408    0.040454    0.138680    2.446906    1.312533   0.00          667.7
  1  2900.7    5381 1    30   11    3  2569.7  2569.7   331.0     8.3     0.0     0.0    8.980  97.7     0.74125     0.64924    11.54391     2.43282  1712.59424     0.00000    7.872222    3.625554    0.062618    0.234527    4.083596    2.143250   0.00          522.0
  1  2901.1    5173 4    35   21   22  2486.1  2486.7   415.0    91.5     1.0     7.5    8.985  77.9     1.58954    15.33970   376.71384     5.70172  3148.76807     0.00000    7.317132    3.441177    0.041582    0.317190    3.570597    2.068434   0.00      1024516.5
  1  2936.4    5454 1    30   11    3  2606.2  2606.2   330.2     7.3     0.0     0.0    8.985  97.9     0.74035     0.63515    11.10404     2.44244  1711.86353     0.00000    3.910898    1.800487    0.032700    0.114217    2.012534    1.073413   0.00          167.5
  1  2939.9    5215 4    35   21   22  2501.3  2501.3   438.6   115.6     1.3     7.7    8.987  73.8     1.55054    15.01673   364.03644     5.36449  3079.10449     0.00000    8.730089    4.111442    0.043631    0.390273    4.317698    2.436574   0.00      1388394.1
  1  2944.8    5259 4    35   21   22  2519.9  2520.0   424.9   104.4     2.3    10.0    8.976  76.1     1.85544    20.38605   509.53580     6.63652  3555.70630     0.00000    9.915963    4.624044    0.066212    0.374241    4.946319    2.768797   0.00      1583864.1
  1  2954.6    5170 4    35   21   22  2485.2  2485.2   469.4   146.4     3.2     9.6    8.987  68.9     1.65782    14.52604   367.83676     6.01693  3323.51489     0.00000    6.156490    2.897551    0.031315    0.272576    3.048629    1.717303   0.00      1405342.5
  1  2956.7    5500 1    30   11    3  2631.3  2631.4   325.4     2.5     0.0     0.0    8.982  99.4     0.74184     0.64272    11.37192     2.49816  1713.82593     0.00000    7.090050    3.264251    0.062446    0.204159    3.608556    1.966504   0.00           55.4
  1  2963.1    5276 4    35   21   22  2525.7  2525.8   437.4   114.3     4.0     8.3    8.986  74.0     1.61557    15.83224   392.81714     5.64549  3199.36719     0.00000    8.755321    4.146634    0.043158    0.419648    4.185655    2.504158   0.00      1252930.5
  1  2964.9    5323 5    35   21   22  2545.1  2545.1   419.8    96.9     2.7     7.5    8.983  77.0     1.54793    14.33133   353.33572     5.50455  3089.55688     0.00000   10.370128    4.861348    0.060323    0.429849    5.140555    2.899130   0.00      1554750.2
  1  2967.3    5370 1    35   21   22  2564.8  2564.9   402.5    79.4     1.0     6.4    8.985  80.4     1.47864    13.18527   325.86911     5.34291  2967.61670     0.00000   14.255757    6.685895    0.084846    0.593249    6.997724    4.016903   0.00      1220651.0
  1  2970.2    5523 1    30   11    3  2640.8  2640.8   329.4     6.8     0.0     0.0    8.978  98.1     0.76403     0.98708    22.64897     2.54194  1751.29480     0.00000    3.885666    1.799276    0.028555    0.129263    1.989372    1.066293   0.00         1892.9
  1  2977.4    5306 1    35   21   22  2535.7  2535.7   441.7   118.8     5.5     9.9    8.983  73.2     1.79542    18.91875   460.85098     6.37738  3496.85010     0.00000    7.367595    3.455283    0.040534    0.309869    3.616750    2.072232   0.00      1651642.4
  1  2981.1    5357 1    35   21   22  2561.8  2561.9   419.3    96.3     0.9     7.0    8.982  77.1     1.49842    13.80097   344.31500     5.23520  2988.62427     0.00000   12.842801    6.023543    0.073051    0.537325    6.375309    3.584671   0.00       924625.2
  1  3000.1    5402 1    35   21   22  2579.7  2579.8   420.4    97.4     5.0     7.9    8.983  76.9     1.56452    15.15579   378.22791     5.47943  3077.01758     0.00000    8.780552    4.073651    0.054713    0.310389    4.573781    2.365207   0.00       987876.9
  1  3011.7    5626 1    30   11    3  2683.8  2683.9   327.9     5.1     0.0     0.0    8.981  98.6     0.74211     0.64017    11.28906     2.47508  1715.16162     0.00000    4.920153    2.265323    0.041354    0.143702    2.528200    1.352231   0.00          193.6
  1  3013.4    5629 1    30   11    3  2684.6  2684.7   328.8     5.9     0.0     0.0    8.983  98.4     0.74054     0.63586    11.13237     2.45216  1711.79248     0.00000   14.760385    6.795587    0.123291    0.431409    7.596225    4.050910   0.00           69.0
  1  3015.7    5380 1    35   21   22  2567.7  2567.7   448.0   125.1     5.7    10.0    8.984  72.2     1.79410    18.85073   453.99701     6.34503  3498.82275     0.00000   15.719176    7.443743    0.081711    0.761127    7.144839    4.643751   0.00      1917041.5
  1  3019.6    5435 1    35   21   22  2596.6  2596.7   423.0   101.6     1.5    10.7    8.986  76.5     2.00781    24.06690   590.18365     7.11671  3777.79761     0.00000   11.278457    5.197322    0.069716    0.379139    5.691752    3.106479   0.00      1223591.5
  1  3025.0    5450 5    35   21   22  2604.1  2604.1   420.9   102.4    10.8    10.4    8.986  76.9     1.94737    22.07398   548.87323     6.99306  3699.01489     0.00000   14.987467    7.002921    0.100508    0.616858    7.129204    4.292169   0.00      1579553.0
  1  3028.6    5423 5    35   21   22  2590.4  2590.5   438.2   115.1     3.2     8.3    8.984  73.8     1.60994    15.81481   396.18570     5.64720  3179.50488     0.00000   13.978212    6.413094    0.054450    0.482740    7.313430    3.698442   0.00      1179457.2
  1  3032.9    5475 5    35   21   22  2616.7  2616.7   416.2    93.3     1.7     7.9    8.983  77.7     1.64727    16.85952   422.96661     5.75195  3220.69971     0.00000   14.886541    6.998003    0.078506    0.647978    7.298396    4.187017   0.00      1137709.5
  1  3035.1    5680 1    30   11    3  2708.9  2708.9   326.2     3.3     0.0     0.0    8.985  99.2     0.75668     0.68706    11.48758     2.51021  1745.91187     0.00000    0.883106    0.406567    0.007713    0.025479    0.450333    0.244497   0.00           29.2
  1  3035.6    5463 1    35   21   22  2611.9  2611.9   423.7   100.6     2.2     9.5    8.988  76.4     1.80736    19.56155   471.17181     6.43405  3486.43701     0.00000    7.165744    3.348286    0.044044    0.281882    3.592791    1.988734   0.00      1025472.0
  1  3043.4    5457 1    35   21   22  2606.9  2606.9   436.5   113.4     7.5     9.1    8.987  74.1     1.68767    16.61779   414.40631     6.03253  3324.46509     0.00000    7.342364    3.456808    0.037959    0.326062    3.606481    2.061284   0.00      1222375.9
  1  3053.1    5478 1    35   21   22  2620.1  2620.1   433.0   110.2     3.8     9.4    8.980  74.7     1.78518    19.62923   482.25122     6.30712  3448.48389     0.00000    7.846991    3.697407    0.041580    0.352438    3.719056    2.261730   0.00       712547.9
  1  3060.9    5557 4    35   21   22  2651.5  2651.6   409.4    87.7     1.8     8.3    8.983  79.0     1.68187    17.20872   426.51108     5.99738  3257.37842     0.00000   10.420590    4.878388    0.063881    0.420901    5.161924    2.918477   0.00      1601905.8
  1  3066.8    5430 1    35   21   22  2593.8  2593.9   473.0   149.8    11.5    12.6    8.988  68.4     2.05366    22.68594   557.85101     7.46791  3941.02515     0.00000   13.776361    6.485303    0.077514    0.605101    6.700983    3.902579   0.00      1422666.8
  1  3072.8    5735 1    30   11    3  2742.0  2742.0   330.8     8.0     0.0     0.0    8.983  97.8     0.75231     0.77664    16.16809     2.48388  1731.92261     0.00000    5.702325    2.630149    0.044267    0.175454    2.949584    1.554784   0.00         1183.4
  1  3076.2    5744 1    30   11    3  2749.9  2749.9   326.3     3.6     0.0     0.0    8.981  99.1     0.75758     0.69108    11.64001     2.51933  1747.82336     0.00000    2.977329    1.370685    0.025771    0.086093    1.521290    0.822759   0.00          222.5
  1  3088.9    5589 1    35   21   22  2668.1  2668.5   420.8    97.4     1.5     9.1    8.987  76.9     1.75202    18.98281   458.24454     6.25335  3398.87671     0.00000   13.347428    6.306843    0.071296    0.618477    6.333679    3.844121   0.00      2046370.6
  1  3103.1    5623 5    35   21   22  2682.6  2682.6   420.5    97.6     5.2     7.0    8.983  76.9     1.45616    13.31173   325.23663     5.06963  2912.03027     0.00000    5.954639    2.810235    0.027236    0.276655    2.849322    1.699870   0.00      1177210.9
  1  3136.7    5824 1    30   11    3  2804.1  2804.2   332.6     9.8     0.0     0.1    8.982  97.2     0.73920     0.63611    11.08850     2.42067  1709.58142     0.00000    3.078255    1.417286    0.025016    0.090742    1.592338    0.840555   0.00        11346.2
  1  3138.9    5701 4    35   21   22  2719.3  2719.3   419.6    96.6     3.1     7.6    8.985  77.1     1.53437    14.65663   359.20816     5.37508  3039.64355     0.00000    7.619909    3.548594    0.051688    0.281684    3.809071    2.125246   0.00       813793.0
  1  3144.7    5837 1    30   11    3  2810.6  2810.8   334.1    10.8     0.0     0.1    8.991  96.9     0.76805     0.99459    21.80912     2.52138  1761.01855     0.00000   11.127069    5.163305    0.080265    0.384505    5.645724    3.073437   0.00        36145.2
  1  3152.8    5857 1    30   11    3  2822.6  2822.6   330.2     7.5     0.0     0.0    8.981  97.9     0.74953     0.68916    12.03300     2.44977  1729.11414     0.00000    5.197698    2.393487    0.041822    0.154029    2.691985    1.417431   0.00          578.2
  1  3163.0    5875 1    30   11    3  2837.8  2837.9   325.2     2.3     0.0     0.0    8.984  99.5     0.75674     0.69127    11.59421     2.52851  1746.00598     0.00000   24.651405   11.349739    0.218517    0.708827   12.527468    6.846897   0.00          555.7
  1  3169.3    5754 5    35   21   22  2759.4  2759.4   409.9    87.0     1.9     7.0    8.984  78.9     1.49193    13.58948   339.29352     5.28936  2978.17944     0.00000    7.518983    3.514860    0.045530    0.298714    3.730991    2.102592   0.00      1496368.0
  1  3177.6    5740 4    35   21   22  2745.9  2745.9   431.7   108.7     8.2     6.4    8.985  74.9     1.35531     9.76074   243.27242     4.78946  2797.34790     0.00000   13.927750    6.571971    0.072035    0.636164    6.734998    3.955112   0.00       954698.2
  1  3181.5    5760 1    35   21   22  2762.7  2762.8   418.8    95.7     3.8     7.2    8.986  77.2     1.44098    12.91718   327.81458     4.95113  2876.43628     0.00000   11.354151    5.352198    0.067713    0.503506    5.432980    3.258761   0.00       807191.5
  1  3197.3    5792 5    35   21   22  2785.1  2786.0   412.2    88.3     2.7     6.9    8.987  78.5     1.50322    13.83101   338.92911     5.23771  2997.48193     0.00000   10.269202    4.832855    0.053659    0.452951    5.067666    2.873583   0.00       806619.9
  1  3220.5    5947 1    30   11    3  2894.0  2894.0   326.5     3.9     0.0     0.0    8.977  99.0     0.74745     0.66119    11.32635     2.48196  1725.88196     0.00000    7.771297    3.577727    0.067297    0.224688    3.970469    2.147731   0.00           12.5
  1  3223.3    5949 1    30   11    3  2894.7  2894.8   328.6     5.8     0.0     0.0    8.980  98.4     0.74040     0.64017    11.13817     2.44438  1711.14746     0.00000    8.982403    4.135269    0.075786    0.261621    4.614098    2.469648   0.00          529.7
  1  3224.6    5842 4    35   21   22  2814.1  2814.1   410.5    97.3     2.2    10.1    8.982  78.8     1.96074    23.08428   583.36597     6.99745  3664.77148     0.00000    8.730089    4.102349    0.047191    0.378534    4.166967    2.504895   0.00      1333654.4
  1  3241.2    5865 5    35   21   22  2829.4  2829.4   411.8    88.8     1.8     7.1    8.986  78.5     1.50755    12.85558   333.78024     5.48922  3019.64111     0.00000    8.553470    4.077850    0.044600    0.440702    3.807845    2.568600   0.00       698568.5
  1  3242.5    5798 1    35   21   22  2788.9  2789.4   453.6   130.1     2.1     9.5    8.983  71.3     1.72183    15.92662   401.86383     6.39400  3418.10205     0.00000    8.679626    4.103085    0.036215    0.415825    4.046352    2.519412   0.00      1050787.1
  1  3246.8    5834 4    35   21   22  2809.8  2809.9   437.0   113.9     2.6     8.7    8.984  74.0     1.64385    15.84916   405.55377     5.87295  3245.28784     0.00000    9.663650    4.567483    0.050790    0.450317    4.567195    2.790100   0.00       784907.8
  1  3252.0    5862 1    35   21   22  2824.2  2824.3   427.8   104.8     2.3     6.0    8.982  75.6     1.31907     9.77331   242.13516     4.58890  2717.88159     0.00000   12.741876    5.700482    0.037274    0.365365    8.210773    2.522078   0.00       799479.6
  1  3253.7    5850 5    35   21   22  2817.6  2817.7   436.1   113.3     5.9     8.6    8.984  74.2     1.62820    14.27932   369.28558     5.98207  3240.20337     0.00000   17.132175    8.185317    0.081903    0.911131    7.526536    5.179075   0.00       864209.0
  1  3258.9    5870 4    35   21   22  2835.7  2835.7   423.2   100.2     5.7     7.3    8.987  76.4     1.49560    13.16282   335.15753     5.29083  2988.16895     0.00000   13.448354    6.346573    0.080457    0.605434    6.352111    3.895375   0.00       737297.0
  1  3260.4    6007 1    30   11    3  2932.9  2933.0   327.5     4.6     0.0     0.0    8.982  98.7     0.75660     0.69127    11.79957     2.51006  1745.43420     0.00000   11.000912    5.064786    0.093098    0.320429    5.646116    3.027001   0.00          337.8
  1  3262.1    5846 4    35   21   22  2815.7  2815.8   446.4   124.0     3.3     9.5    8.980  72.4     1.74481    17.69245   442.49493     6.24930  3410.60913     0.00000   15.845333    7.298034    0.060023    0.642439    8.717793    3.871336   0.00      1288000.9
  1  3262.2    6010 1    30   11    3  2935.4  2935.5   326.8     4.0     0.0     0.0    8.981  98.9     0.75356     0.68065    11.42375     2.49478  1739.00977     0.00000   17.561125    8.084640    0.151820    0.507954    8.975484    4.851636   0.00           60.0
  1  3270.5    5896 5    35   21   22  2855.1  2855.2   415.4    92.2     4.6     8.8    8.989  77.9     1.69379    17.37284   432.30518     6.01119  3291.70508     0.00000   13.624973    5.849720    0.032456    0.224530   10.366874    1.815273   0.00      1058054.9
  1  3286.2    5923 5    35   21   22  2873.9  2874.0   412.3    89.2     3.8     6.0    8.983  78.4     1.35861    10.64812   267.81454     4.76486  2778.23926     0.00000   15.037930    6.897254    0.066900    0.538426    8.684840    3.533437   0.00       543129.4
  1  3297.9    6062 1    30   11    3  2971.6  2971.7   326.3     3.4     0.0     0.0    8.985  99.1     0.75521     0.68595    11.51365     2.51187  1742.59009     0.00000    7.973148    3.670688    0.069211    0.230404    4.071331    2.204659   0.00          135.5
  1  3303.3    6067 1    30   11    3  2975.8  2975.9   327.5     4.8     0.0     0.0    8.977  98.7     0.74048     0.64015    11.18066     2.45535  1711.08740     0.00000    8.351619    3.844826    0.071631    0.242084    4.275760    2.303600   0.00          233.1
  1  3316.8    5946 1    35   21   22  2893.8  2893.9   423.0   100.6     3.8     7.7    8.985  76.5     1.49523    13.06648   324.16089     5.29676  2990.75684     0.00000   13.397891    6.274795    0.098549    0.529062    6.400473    3.871070   0.00       934879.1
  1  3317.7    5944 5    35   21   22  2891.4  2891.5   426.3   104.4     5.3     9.6    8.982  75.9     1.79312    18.78873   457.91309     6.41667  3480.08447     0.00000   10.824292    5.024790    0.061277    0.405745    5.620906    2.900046   0.00      1568578.5
  1  3318.3    6086 1    30   11    3  2986.5  2986.6   331.8     8.9     0.0     0.2    8.984  97.5     0.76050     0.85418    18.29337     2.53960  1748.83557     0.00000    4.945385    2.284278    0.038022    0.156303    2.543736    1.354027   0.00       119882.3
  1  3326.7    5962 5    35   21   22  2906.9  2906.9   419.8    96.9     4.7     6.8    8.984  77.0     1.44045    12.59706   310.71771     5.00972  2895.29443     0.00000    6.711580    3.175631    0.033874    0.317425    3.212051    1.919066   0.00       715758.3
  1  3329.9    5984 5    35   21   22  2919.8  2919.8   410.1    87.3     5.1     6.7    8.982  78.8     1.45903    13.28967   324.21964     5.06398  2909.40283     0.00000    9.537493    4.494826    0.051014    0.427115    4.650652    2.693863   0.00       281560.6
  1  3337.8    5981 1    35   21   22  2918.3  2918.4   419.5    96.4     1.4     5.9    8.986  77.1     1.35345    10.99193   270.64139     4.67096  2760.14429     0.00000    9.562724    4.489118    0.049814    0.408619    4.791791    2.644893   0.00       795345.6
  1  3339.0    6116 1    30   11    3  3006.9  3006.9   332.1     9.2     0.0     0.0    8.985  97.4     0.76005     0.91010    19.98451     2.51225  1745.67139     0.00000   10.420590    4.824515    0.075114    0.347102    5.357997    2.848278   0.00         1800.6
  1  3340.5    6026 1    35   21   22  2943.5  2943.6   397.0    74.0     2.2     5.0    8.984  81.5     1.26486     8.58968   223.43710     4.50334  2612.44043     0.00000   10.042120    4.698464    0.064232    0.400677    4.919000    2.839147   0.00       440992.5
  1  3343.8    5991 4    35   21   22  2923.3  2923.3   420.5    97.4     2.2     7.0    8.988  76.9     1.50138    13.55008   330.08023     5.31046  3007.40381     0.00000    5.677094    2.678865    0.030444    0.258343    2.739219    1.615898   0.00      1755895.9
  1  3349.6    6017 1    35   21   22  2938.4  2939.1   411.2    87.5     3.8     6.3    8.984  78.7     1.38694    10.88726   281.27170     4.91551  2827.42334     0.00000   10.067351    4.701712    0.060730    0.394469    5.067614    2.784297   0.00       753124.5
  1  3351.1    6139 1    30   11    3  3026.3  3026.4   324.8     1.9     0.0     0.0    8.983  99.6     0.75789     0.69315    11.64273     2.53759  1748.67151     0.00000    7.897454    3.636163    0.070333    0.226856    4.008955    2.195788   0.00          678.7
  1  3353.1    6143 1    30   11    3  3028.0  3028.0   325.1     2.1     0.0     0.0    8.990  99.5     0.75961     0.69398    11.63912     2.53991  1752.59534     0.00000    8.023611    3.694215    0.071311    0.230577    4.075009    2.229841   0.00          802.8
  1  3372.2    6169 1    30   11    3  3046.3  3046.3   325.9     3.0     0.0     0.0    8.987  99.3     0.75481     0.68266    11.46487     2.51174  1741.73340     0.00000    8.301156    3.821793    0.072865    0.239216    4.228301    2.300723   0.00            2.2
  1  3373.9    6016 5    35   21   22  2938.3  2938.3   435.6   112.7     3.8     8.1    8.983  74.2     1.57787    14.53137   357.99432     5.55762  3136.17896     0.00000   15.391169    7.230497    0.087458    0.658155    7.542493    4.337384   0.00       820736.4
  1  3386.7    6050 1    35   21   22  2962.1  2962.2   424.6   101.8     1.8     7.8    8.984  76.2     1.59200    15.88788   393.73309     5.48717  3118.94165     0.00000   15.593019    7.283583    0.090475    0.620230    7.646298    4.394131   0.00      1342568.8
  1  3393.6    6034 1    35   21   22  2948.1  2948.2   445.5   122.4     4.5     8.2    8.984  72.6     1.55197    14.00906   346.22864     5.42195  3098.00562     0.00000   16.476135    7.692546    0.089802    0.660335    8.271414    4.551114   0.00      1115634.0
  1  3397.3    6206 1    30   11    3  3070.2  3070.2   327.1     4.5     0.0     0.0    8.976  98.8     0.74276     0.64695    11.37298     2.47960  1715.98364     0.00000    4.869690    2.241856    0.041839    0.141084    2.492231    1.343645   0.00          244.2
  1  3399.2    6207 1    30   11    3  3070.5  3070.5   328.7     5.9     0.0     0.0    8.983  98.4     0.74411     0.65064    11.25486     2.45745  1719.09595     0.00000    7.468521    3.438290    0.062813    0.217698    3.839025    2.052094   0.00          213.2
  1  3400.9    6024 4    35   21   22  2942.2  2942.3   458.7   136.1     7.0    10.9    8.985  70.5     1.88494    20.90665   514.13892     6.59162  3619.26538     0.00000   13.927750    6.538671    0.090258    0.581207    6.642262    4.015375   0.00      1551965.4
  1  3402.7    6211 1    30   11    3  3075.6  3075.7   327.1     4.4     0.0     0.0    8.976  98.8     0.75338     0.69143    12.21873     2.51258  1737.81421     0.00000   14.003444    6.447254    0.118799    0.407732    7.182936    3.855288   0.00          485.2
  1  3404.5    6055 4    35   21   22  2965.0  2965.0   439.5   116.6     2.2     7.2    8.983  73.6     1.45525    12.87392   318.39868     4.97499  2933.82959     0.00000   13.170809    6.189516    0.059746    0.583673    6.322687    3.750926   0.00      1213678.9
  1  3408.0    6093 1    35   21   22  2993.3  2993.4   414.7    91.5     6.5     6.4    8.987  78.0     1.33974     9.33752   240.27245     4.83795  2766.02222     0.00000    7.645140    3.545609    0.047978    0.268348    3.988144    2.057287   0.00       884131.8
  1  3416.6    6229 1    30   11    3  3087.5  3087.5   329.1     6.3     0.0     0.0    8.984  98.3     0.74544     0.65914    11.55846     2.46744  1721.55725     0.00000    3.532424    1.626225    0.029612    0.103068    1.816927    0.969980   0.00          425.9
  1  3418.2    6131 4    35   21   22  3017.3  3017.4   400.9    77.9     1.1     5.7    8.982  80.7     1.38127    10.57315   266.91476     5.03714  2818.80103     0.00000    7.720834    3.655509    0.040125    0.368111    3.569188    2.262573   0.00      1366543.8
  1  3426.6    6136 5    35   21   22  3024.2  3024.3   402.4    79.5     0.9     6.0    8.981  80.4     1.34647    10.28122   260.60983     4.81809  2747.83325     0.00000    9.587955    4.496719    0.058557    0.397651    4.680108    2.714498   0.00      1061652.9
  1  3443.5    6127 5    35   21   22  3014.9  3015.0   428.6   105.8     6.1     6.5    8.981  75.4     1.34342     9.48042   247.63597     4.75012  2758.74976     0.00000    4.945385    2.351275    0.022656    0.249188    2.334403    1.425095   0.00       692245.1
  1  3444.1    6103 1    35   21   22  3001.5  3001.5   442.6   119.9     8.0     8.5    8.980  73.0     1.55753    13.65706   337.62225     5.52285  3118.08496     0.00000    8.452544    3.955610    0.050632    0.340788    4.218755    2.352493   0.00      1445206.8
  1  3455.1    6292 1    30   11    3  3124.8  3124.8   330.3     7.4     0.0     0.0    8.986  97.9     0.73997     0.63729    11.10863     2.43442  1710.89099     0.00000    5.651863    2.602086    0.046788    0.165618    2.913762    1.548467   0.00         4829.9
  1  3459.4    6188 1    35   21   22  3062.3  3062.4   397.1    74.1     1.5     5.4    8.985  81.5     1.28211     9.38296   247.34868     4.54434  2635.94678     0.00000    8.124537    3.783558    0.049279    0.305037    4.167167    2.214404   0.00       384393.3
  1  3459.8    6185 1    35   21   22  3058.8  3058.8   401.0    83.8     2.3     7.8    8.986  80.7     1.62525    15.50326   394.27332     5.89409  3172.79785     0.00000   19.100296    8.854568    0.166497    0.620654    9.408773    5.427598   0.00      1135951.9
  1  3463.1    6307 1    30   11    3  3132.8  3132.8   330.3     7.6     0.0     0.0    8.981  97.9     0.74374     0.65420    11.11006     2.41920  1718.00842     0.00000    9.310410    4.286506    0.076491    0.273422    4.807002    2.547165   0.00          128.6
  1  3475.9    6189 1    35   21   22  3062.5  3062.6   413.4    93.7     2.5     8.1    8.979  78.2     1.63048    15.24460   393.60486     5.99108  3214.35132     0.00000    8.200231    3.823566    0.054922    0.309495    4.031562    2.315031   0.00      1108561.1
  1  3489.8    6187 1    35   21   22  3062.2  3062.2   427.6   104.8     3.5     8.4    8.981  75.6     1.58374    15.30729   372.92056     5.64044  3133.33911     0.00000    9.890732    4.683879    0.050685    0.472010    4.691919    2.846646   0.00       741356.1
  1  3495.7    6255 5    35   21   22  3101.1  3101.1   394.6    71.6     0.0     5.5    8.986  82.0     1.34577    10.60259   271.18799     4.83482  2746.66284     0.00000   12.363405    5.787591    0.074445    0.501522    6.074960    3.482221   0.00      1299054.5
  1  3497.4    6176 4    35   21   22  3051.0  3051.1   446.4   123.4     6.8     8.8    8.984  72.5     1.56797    13.85751   353.30447     5.58645  3139.13989     0.00000   10.042120    4.712635    0.056447    0.424068    4.958766    2.813347   0.00      1182512.2
  1  3509.1    6375 1    30   11    3  3178.0  3178.1   331.1     8.2     0.0     0.1    8.983  97.7     0.74460     0.64397    11.35469     2.47230  1721.72046     0.00000   11.833547    5.461653    0.088216    0.371572    6.147753    3.211045   0.00        17056.7
  1  3519.3    6399 1    30   11    3  3192.3  3192.4   327.0     4.4     0.0     0.0    8.976  98.8     0.74588     0.66033    11.28234     2.46865  1722.25928     0.00000   10.698135    4.925104    0.092081    0.309800    5.473059    2.952920   0.00           60.0
  1  3522.4    6402 1    30   11    3  3193.4  3193.5   329.0     6.2     0.0     0.0    8.981  98.3     0.73870     0.63669    11.13457     2.44243  1707.64819     0.00000    5.248161    2.416091    0.044518    0.152606    2.693018    1.444423   0.00         2572.2
  1  3522.5    6252 1    35   21   22  3099.8  3099.8   422.7    99.7     8.0     8.6    8.986  76.5     1.64708    15.87814   394.87518     5.83149  3239.91187     0.00000    9.007634    4.236353    0.050901    0.390894    4.400464    2.543897   0.00       883421.0
  1  3524.2    6404 1    30   11    3  3195.1  3195.2   329.1     6.3     0.0     0.0    8.980  98.2     0.74496     0.65310    11.70027     2.48378  1720.95496     0.00000    7.821760    3.600916    0.066082    0.227710    4.016895    2.151064   0.00          496.9
  1  3528.3    6407 1    30   11    3  3196.3  3196.4   332.0     9.1     0.0     0.0    8.984  97.4     0.73952     0.63100    10.99627     2.41977  1710.40295     0.00000    3.305339    1.522624    0.025951    0.099201    1.716911    0.898517   0.00          199.8
  1  3536.8    6310 4    35   21   22  3135.4  3135.5   401.4    78.4     2.5     5.7    8.982  80.6     1.30989     9.72934   255.31993     4.62326  2679.06665     0.00000    5.954639    2.770715    0.040204    0.217118    3.012005    1.645518   0.00       559183.7
  1  3555.4    6450 1    30   11    3  3226.5  3226.5   328.9     6.4     0.0     0.0    8.976  98.2     0.73841     0.63282    11.06326     2.43714  1706.97742     0.00000    4.289369    1.974771    0.035716    0.125462    2.208894    1.176447   0.00           58.0
  1  3556.3    6301 1    35   21   22  3130.4  3130.7   425.9   102.7     0.8     8.6    8.985  76.0     1.69900    16.66931   416.83218     6.19184  3329.35083     0.00000    3.204413    1.482572    0.023032    0.105568    1.655480    0.872445   0.00      1627758.5
  1  3560.9    6458 1    30   11    3  3233.3  3233.3   327.6     5.0     0.0     0.0    8.978  98.6     0.74601     0.66394    11.25416     2.45931  1722.33521     0.00000   11.707390    5.389713    0.099842    0.339877    6.001078    3.225508   0.00           23.3
  1  3573.6    6479 1    30   11    3  3247.1  3247.1   326.5     3.9     0.0     0.0    8.977  99.0     0.75171     0.68050    11.39098     2.48671  1734.60791     0.00000    3.305339    1.521691    0.028598    0.095588    1.689058    0.913319   0.00           24.1
  1  3580.0    6490 1    30   11    3  3253.6  3253.7   326.4     3.4     0.0     0.0    8.985  99.1     0.75078     0.67291    11.39587     2.49610  1732.90015     0.00000   18.065771    8.317185    0.157427    0.521508    9.217216    4.999324   0.00            8.5
  1  3584.6    6331 1    35   21   22  3148.0  3148.1   436.6   113.4     1.6     8.5    8.988  74.1     1.61239    14.12799   360.10672     5.93672  3217.58862     0.00000   11.707390    5.451945    0.072902    0.437696    5.978959    3.204070   0.00      1089163.9
  1  3588.2    6500 1    30   11    3  3262.9  3263.0   325.3     2.2     0.0     0.0    8.989  99.5     0.75856     0.69036    11.58945     2.53489  1750.25024     0.00000    2.422233    1.115231    0.021523    0.069611    1.230253    0.673130   0.00          851.5
  1  3592.4    6378 4    35   21   22  3180.0  3180.1   412.4    91.1     0.9     9.4    8.983  78.4     1.82988    20.66169   506.99988     6.48948  3492.91919     0.00000   18.343327    8.727776    0.087876    0.930428    8.417641    5.392874   0.00      1290301.2
  1  3595.4    6361 5    35   21   22  3167.4  3167.5   428.0   104.8     2.4     8.3    8.987  75.6     1.62980    16.14252   403.37866     5.79480  3203.38623     0.00000    9.386105    4.376730    0.038485    0.382583    4.620912    2.619266   0.00       819441.9
  1  3599.7    6513 1    30   11    3  3275.2  3275.2   324.5     1.8     0.0     0.0    8.982  99.6     0.75554     0.68945    11.68776     2.54032  1743.54785     0.00000    6.534960    3.008839    0.058204    0.187714    3.317233    1.817000   0.00          743.3
  1  3620.5    6379 1    35   21   22  3180.3  3180.4   440.2   117.2     4.8    10.6    8.984  73.5     1.86223    20.04584   494.93402     6.71589  3588.63989     0.00000    5.374318    2.538291    0.026542    0.249626    2.579273    1.533073   0.00      1275429.8
  1  3624.9    6376 5    35   21   22  3178.8  3178.9   446.1   123.0     4.1     9.1    8.987  72.5     1.64401    15.94777   395.31094     5.80506  3246.57007     0.00000   13.120346    6.158916    0.062113    0.569149    6.397324    3.697590   0.00       619398.9
  1  3640.7    6430 4    35   21   22  3212.3  3213.1   428.4   104.7     1.4     7.5    8.983  75.5     1.53808    14.40603   362.06171     5.39718  3060.84546     0.00000   13.347428    6.271489    0.077043    0.572009    6.449816    3.801612   0.00      1285212.5
  1  3641.6    6428 1    35   21   22  3212.0  3212.0   429.6   106.5     3.4     8.0    8.988  75.3     1.56524    14.04116   364.33878     5.60868  3119.57178     0.00000    8.250693    3.885078    0.045485    0.364808    4.001751    2.341110   0.00      1062118.1
  1  3655.7    6591 1    30   11    3  3325.6  3325.6   330.1     7.4     0.0     0.1    8.981  97.9     0.74194     0.64320    11.28730     2.46264  1715.44360     0.00000    5.071541    2.337473    0.039873    0.153558    2.626935    1.381833   0.00        23583.7
  1  3668.3    6491 4    35   21   22  3254.8  3254.9   413.5    90.5     3.4     7.6    8.988  78.3     1.56814    14.11282   361.63348     5.67166  3122.65576     0.00000    6.106027    2.852810    0.044117    0.233751    2.971544    1.740218   0.00      1099739.8
  1  3691.3    6496 1    35   21   22  3258.2  3258.2   433.1   110.3     4.3     8.8    8.982  74.7     1.65643    16.23582   406.49509     5.97595  3259.98901     0.00000   11.051374    5.116922    0.071097    0.377185    5.738618    2.987277   0.00       653162.2
  1  3695.6    6463 5    35   21   22  3238.7  3238.7   456.9   134.0     1.7     8.4    8.987  70.8     1.53273    13.62504   338.29214     5.36247  3084.20459     0.00000   13.801593    6.491874    0.073176    0.603783    6.818640    3.859927   0.00      1034554.2
  1  3708.7    6481 5    35   21   22  3248.0  3248.1   460.7   137.9     5.3     9.0    8.980  70.2     1.57370    14.22528   356.75836     5.51552  3146.56152     0.00000    5.500474    2.560216    0.031887    0.206871    2.807057    1.503662   0.00       924548.4
  1  3721.3    6542 4    35   21   22  3293.8  3293.9   427.5   108.1     4.6    10.4    8.976  75.6     1.86636    20.30644   497.06677     6.70660  3586.32520     0.00000   10.420590    4.844085    0.079564    0.367547    4.980127    3.013826   0.00       666098.9
  1  3727.6    6693 1    30   11    3  3399.3  3399.4   328.3     5.5     0.0     0.0    8.979  98.5     0.73919     0.63657    11.12623     2.44809  1708.40259     0.00000    5.147235    2.369616    0.043651    0.149666    2.641432    1.416546   0.00           85.2
  1  3746.9    6723 1    30   11    3  3417.3  3417.3   329.6     6.9     0.0     0.1    8.980  98.1     0.74446     0.64846    11.50078     2.49243  1720.91992     0.00000    3.078255    1.417135    0.026173    0.089455    1.578775    0.847611   0.00        52215.2
  1  3748.0    6724 1    30   11    3  3417.9  3418.0   330.1     7.3     0.0     0.0    8.981  97.9     0.74760     0.65292    11.64580     2.50507  1727.94104     0.00000    5.500474    2.539298    0.041950    0.172532    2.842124    1.500177   0.00        15010.3
  1  3758.1    6566 4    35   21   22  3312.4  3312.4   445.7   123.0     6.4     9.4    8.977  72.5     1.70007    16.31250   410.05630     6.08420  3346.05103     0.00000   18.217165    8.405257    0.133127    0.574455    9.311940    5.005005   0.00      1099322.1
  1  3758.3    6743 1    30   11    3  3429.4  3429.4   328.9     5.9     0.0     0.0    8.988  98.4     0.74953     0.66917    11.65720     2.48427  1730.37585     0.00000   11.959703    5.506279    0.099637    0.349959    6.157393    3.280920   0.00          440.2
  1  3763.3    6611 5    35   21   22  3342.2  3342.3   421.1    98.0     0.6     7.5    8.986  76.8     1.53030    14.57513   365.53131     5.36289  3037.10352     0.00000   18.519953    8.619849    0.115510    0.688176    9.406854    5.090716   0.00      1062371.5
  1  3773.0    6580 5    35   21   22  3319.9  3320.0   453.1   130.1     6.7    10.2    8.983  71.4     1.75492    18.44272   446.68271     6.15227  3414.61890     0.00000    6.661117    3.116594    0.040881    0.267742    3.264130    1.880818   0.00      1490945.0
  1  3786.9    6623 4    35   21   22  3348.3  3348.4   438.6   116.8     3.9     9.3    8.982  73.7     1.68056    16.55325   406.37103     6.00316  3298.03613     0.00000   11.227994    5.150445    0.087533    0.326895    5.928438    2.986883   0.00      1018200.5
  1  3790.8    6622 5    35   21   22  3347.9  3347.9   442.9   121.2     3.5    10.0    8.981  73.0     1.81079    18.63155   451.76984     6.54289  3515.71387     0.00000   15.643482    7.258278    0.116817    0.536420    7.837291    4.367918   0.00      1552967.8
  1  3793.1    6668 4    35   21   22  3382.6  3382.7   410.5    87.5     2.3     6.2    8.982  78.8     1.36894    10.43906   264.30844     4.99669  2805.53394     0.00000    9.285179    4.148953    0.031709    0.248972    5.325696    2.214433   0.00       553015.6
  1  3798.2    6794 1    30   11    3  3473.6  3473.7   324.6     1.3     0.0     0.0    8.987  99.7     0.75802     0.68847    11.71551     2.55461  1749.39844     0.00000    2.018528    0.929401    0.018087    0.057910    1.023127    0.561994   0.00          396.7
  1  3806.4    6802 1    30   11    3  3480.6  3480.6   325.8     2.8     0.0     0.0    8.988  99.3     0.74226     0.64307    11.33938     2.49017  1714.78943     0.00000    1.362506    0.627297    0.012019    0.039220    0.693214    0.378029   0.00           56.1
  1  3810.4    6666 1    35   21   22  3382.5  3382.5   427.9   105.1     2.1     6.8    8.981  75.6     1.41614    11.43943   296.00751     4.99038  2881.23657     0.00000   12.893264    5.981094    0.082334    0.453375    6.688235    3.487158   0.00       580302.8
  1  3813.4    6639 1    35   21   22  3355.1  3355.2   458.3   135.5    10.8     8.5    8.978  70.5     1.55551    13.56432   338.66064     5.51827  3128.98926     0.00000   13.322197    6.309451    0.074407    0.632491    6.135209    3.919701   0.00      1132013.6
  1  3819.3    6815 1    30   11    3  3491.6  3491.7   327.7     4.9     0.0     0.0    8.979  98.6     0.74428     0.64941    11.47653     2.48359  1719.43848     0.00000    6.989125    3.217564    0.059707    0.202803    3.581233    1.926237   0.00          325.9
  1  3823.7    6719 1    35   21   22  3416.6  3416.7   407.1    88.5     1.8     7.9    8.982  79.4     1.60313    16.27189   399.34747     5.67583  3137.15698     0.00000   12.590487    5.843065    0.101407    0.425688    6.201017    3.568984   0.00       777581.7
  1  3839.2    6848 1    30   11    3  3511.8  3511.9   327.4     4.7     0.0     0.0    8.977  98.7     0.74096     0.64021    11.18830     2.45875  1712.16199     0.00000    3.305339    1.521672    0.028321    0.095833    1.692600    0.911504   0.00           80.1
  1  3845.8    6714 5    35   21   22  3415.1  3415.1   430.7   108.6     4.0     9.0    8.985  75.1     1.63543    14.86923   375.02762     6.02298  3244.08203     0.00000    8.856246    4.096381    0.071900    0.283550    4.432604    2.481248   0.00       912761.8
  1  3852.2    6864 1    30   11    3  3518.4  3518.5   333.8    10.7     0.0     0.0    8.987  96.9     0.74750     0.64544    11.44011     2.46271  1728.44604     0.00000    2.674549    1.231579    0.021383    0.079368    1.387001    0.728438   0.00          355.2
  1  3852.8    6865 1    30   11    3  3518.7  3518.8   334.1    11.3     0.0     0.1    8.981  96.8     0.75004     0.67661    12.59774     2.48057  1731.75159     0.00000   10.143045    4.693592    0.073651    0.334581    5.222283    2.770074   0.00        20020.7
  1  3864.0    6717 4    35   21   22  3416.4  3416.5   447.6   124.6    13.5     8.8    8.983  72.3     1.58438    13.60870   342.84558     5.73137  3178.20947     0.00000    9.259948    4.299208    0.064525    0.325273    4.689165    2.559116   0.00       974358.7
  1  3870.0    6747 1    35   21   22  3432.7  3432.7   437.3   114.3     3.6     8.0    8.986  74.0     1.54517    13.37338   345.18692     5.55862  3092.05566     0.00000    5.525706    2.575500    0.038283    0.206139    2.737368    1.552592   0.00       909219.8
  1  3871.8    6900 1    30   11    3  3541.4  3541.4   330.4     7.6     0.0     0.0    8.984  97.9     0.74847     0.68057    11.32725     2.42374  1727.20007     0.00000    5.576169    2.567423    0.045348    0.164397    2.883834    1.522954   0.00          270.4
  1  3878.0    6769 4    35   21   22  3446.8  3446.8   431.2   108.4     7.5     8.6    8.982  75.0     1.62436    15.04567   382.45987     5.83553  3213.61206     0.00000   11.808315    5.480561    0.089393    0.405840    5.911005    3.300488   0.00      1320363.6
  1  3878.6    6910 1    30   11    3  3550.0  3550.1   328.6     5.7     0.0     0.0    8.984  98.4     0.75625     0.71118    12.42242     2.49531  1743.02527     0.00000    3.254876    1.498451    0.027452    0.094804    1.672105    0.894830   0.00          592.2
  1  3883.4    6922 1    30   11    3  3554.8  3554.8   328.6     5.8     0.0     0.0    8.983  98.4     0.75456     0.69957    12.33979     2.49174  1740.05188     0.00000   14.987467    6.900810    0.124808    0.439193    7.714085    4.112365   0.00          530.5
  1  3893.4    6759 1    35   21   22  3439.5  3439.6   453.9   130.8     3.3     9.9    8.984  71.3     1.75875    17.20601   440.50186     6.31185  3451.03638     0.00000    8.831015    4.160405    0.048303    0.393555    4.253848    2.517850   0.00      1388272.2
  1  3895.4    6757 1    35   21   22  3438.1  3438.2   457.3   134.2     5.6     9.8    8.984  70.7     1.71528    17.57432   436.99332     5.95055  3341.56982     0.00000    8.982403    4.207509    0.054288    0.366978    4.416094    2.529067   0.00      1289236.9
  1  3896.2    6943 1    30   11    3  3570.5  3570.6   325.7     2.8     0.0     0.0    8.985  99.3     0.75651     0.68781    11.51019     2.51779  1745.48083     0.00000   17.434963    8.027050    0.153612    0.502013    8.872966    4.836156   0.00          266.1
  1  3902.2    6952 1    30   11    3  3575.6  3575.6   326.6     4.1     0.0     0.0    8.976  98.9     0.74082     0.64076    11.23047     2.46784  1711.71936     0.00000   12.590487    5.796342    0.108845    0.364183    6.435043    3.478385   0.00           64.8
  1  3904.7    6776 4    35   21   22  3456.3  3456.4   448.4   125.7     3.8     9.8    8.982  72.1     1.71690    17.45647   425.54428     6.08986  3359.32959     0.00000   12.262480    5.715488    0.076419    0.465824    6.120821    3.416397   0.00       936879.4
  1  3905.2    6953 1    30   11    3  3577.4  3577.4   327.8     5.0     0.0     0.0    8.983  98.6     0.73968     0.63728    11.17257     2.45517  1709.51648     0.00000   10.269202    4.727666    0.087372    0.298391    5.266072    2.828095   0.00          303.9
  1  3906.4    6797 1    35   21   22  3476.0  3476.1   430.4   108.6     5.5     9.4    8.985  75.2     1.68763    15.64280   395.61557     6.19348  3331.90454     0.00000   11.480308    5.277108    0.072072    0.377755    6.246649    2.931757   0.00      1412511.9
  1  3919.1    6843 1    35   21   22  3508.7  3508.8   410.4    87.5     1.1     8.1    8.982  78.8     1.68746    17.12737   418.72192     6.12092  3298.70459     0.00000   12.136323    5.732687    0.068472    0.556456    5.732331    3.510731   0.00       936663.1
  1  3933.5    6833 1    35   21   22  3502.8  3502.9   430.7   107.8     3.6     8.2    8.981  75.1     1.58808    14.50274   362.48590     5.71574  3159.86768     0.00000   10.925218    5.108583    0.062136    0.438531    5.526478    3.005752   0.00       976228.6
  1  3936.2    6841 1    35   21   22  3505.9  3508.1   430.3   105.2     5.7     8.1    8.982  75.2     1.58901    14.72262   372.55936     5.66340  3152.64844     0.00000    5.803251    2.701161    0.028605    0.225621    2.806190    1.647173   0.00      1106106.1
  1  3949.7    6863 4    35   21   22  3518.2  3518.2   431.5   108.6     2.3     7.5    8.983  74.9     1.48629    12.47672   330.18106     5.30841  2995.92505     0.00000    8.881477    4.137378    0.052334    0.336438    4.567069    2.414036   0.00       722621.7
  1  3950.5    6820 5    35   21   22  3495.2  3495.3   455.3   132.4     5.7     7.3    8.980  71.0     1.39961    11.54793   282.29984     4.72051  2853.90430     0.00000    8.452544    3.990470    0.042358    0.389794    4.083175    2.400529   0.00       775910.2
  1  3952.8    6852 4    35   21   22  3513.7  3513.8   439.1   116.1     2.7     8.3    8.983  73.7     1.59877    14.33908   360.79239     5.76349  3189.82104     0.00000   10.243971    4.800337    0.065335    0.417494    4.994840    2.905694   0.00       945669.0
  1  3965.7    6834 1    35   21   22  3503.1  3503.2   462.6   139.5     6.1     9.2    8.987  69.9     1.65224    15.50197   378.73660     5.84066  3284.61548     0.00000    9.638418    4.391242    0.044459    0.289684    5.277281    2.456456   0.00      1021584.4
  1  3975.1    6898 4    35   21   22  3537.3  3537.3   437.8   114.7     3.4     9.4    8.988  73.9     1.76719    18.66330   461.22610     6.30488  3437.42358     0.00000   13.145577    6.202746    0.066565    0.611986    5.996609    3.881912   0.00      1447714.8
  1  3978.2    6891 4    35   21   22  3533.9  3534.0   444.3   123.3     7.8    10.9    8.983  72.8     1.88753    20.33710   503.76175     6.78254  3624.35107     0.00000   13.877287    6.465323    0.094219    0.514737    6.970569    3.856139   0.00      1158410.0
  1  3986.1    6926 4    35   21   22  3559.0  3559.1   427.1   104.2     5.0     8.3    8.980  75.7     1.61929    15.52569   387.13858     5.77411  3199.19116     0.00000   15.265012    7.137539    0.089924    0.610349    7.632735    4.241134   0.00      1342137.4
  1  3988.0    6889 1    35   21   22  3533.4  3533.4   454.6   131.6     9.3    10.4    8.985  71.2     1.77059    17.70845   436.98251     6.36105  3464.01074     0.00000    6.282647    2.923107    0.042796    0.228852    3.151110    1.748034   0.00       946818.8
  1  3988.9    6936 1    35   21   22  3564.3  3564.9   424.6   100.9     2.4     9.1    8.986  76.2     1.76937    18.23196   453.74860     6.44580  3448.67139     0.00000    6.585423    3.105618    0.036996    0.295748    3.172659    1.878378   0.00      1308477.5
  1  3990.4    6893 1    35   21   22  3535.1  3535.1   455.3   132.5     8.1    10.1    8.981  71.0     1.73810    17.41112   432.65717     6.17454  3407.89502     0.00000   23.541183   10.805343    0.123412    0.801719   13.156776    5.796224   0.00       756728.9
  1  4009.9    6881 4    35   21   22  3530.1  3530.1   479.8   158.3     7.0    12.9    8.986  67.4     2.04069    22.55066   555.84082     7.30417  3897.65479     0.00000   13.296966    6.108873    0.075041    0.436367    6.949431    3.543045   0.00      1052085.9
  1  4015.2    6940 1    35   21   22  3567.5  3567.5   447.7   124.9     3.5    11.5    8.987  72.3     2.02719    23.19283   583.94659     7.32163  3857.79199     0.00000   16.829388    7.883857    0.107446    0.681948    8.249462    4.755099   0.00      1605264.6
  1  4029.6    6958 1    35   21   22  3579.7  3579.7   449.9   126.8     2.1    10.7    8.987  71.9     1.86528    19.95425   498.27640     6.77252  3607.29565     0.00000   10.294434    4.825123    0.061920    0.426325    4.901933    2.966002   0.00      1259538.9
  1  4055.0    6962 4    35   21   22  3580.4  3580.9   474.6   151.3     9.1    13.1    8.981  68.1     2.06340    23.82164   582.48950     7.39213  3927.10254     0.00000   26.442900   12.370394    0.141575    1.083135   13.019123    7.416433   0.00      1553086.8
